customer_id,country,first_purchase,last_purchase,cohort_month,recency_days,orders,spend,r_score,f_score,m_score,segment,segment_order
12346,United Kingdom,2010-03-02,2011-01-18,2010-03-01,326,3,169.36,2,2,1,Lost,5
12347,Iceland,2010-10-31,2011-12-07,2010-10-01,3,8,4921.53,4,4,4,Champions,1
12348,Finland,2010-09-27,2011-09-25,2010-09-01,76,5,1658.4,3,3,3,Champions,1
12349,Italy,2010-04-29,2011-11-21,2010-04-01,19,3,3654.54,4,2,4,Champions,1
12350,Norway,2011-02-02,2011-02-02,2011-02-01,311,1,294.4,2,1,1,Lost,5
12351,Unspecified,2010-11-29,2010-11-29,2010-11-01,376,1,300.93,2,1,1,Lost,5
12352,Norway,2010-11-12,2011-11-03,2010-11-01,37,9,1609.21,3,4,3,Champions,1
12353,Bahrain,2010-10-27,2011-05-19,2010-10-01,205,2,406.76,2,2,2,Lost,5
12354,Spain,2011-04-21,2011-04-21,2011-04-01,233,1,1079.4,2,1,3,Lost,5
12355,Bahrain,2010-05-21,2011-05-09,2010-05-01,215,2,947.61,2,2,3,Lost,5
12356,Portugal,2010-10-11,2011-11-17,2010-10-01,23,6,5611.73,4,3,4,Champions,1
12357,Switzerland,2010-11-16,2011-11-06,2010-11-01,34,2,17437.66,3,2,4,Champions,1
12358,Austria,2009-12-08,2011-12-08,2009-12-01,2,5,3447.07,4,3,4,Champions,1
12359,Cyprus,2009-12-05,2011-10-13,2009-12-01,58,10,8652.34,3,4,4,Champions,1
12360,Austria,2010-02-22,2011-10-18,2010-02-01,53,6,3612.89,3,3,4,Champions,1
12361,Belgium,2010-01-26,2011-02-25,2010-01-01,288,4,451.25,2,3,2,Lost,5
12362,Belgium,2011-02-17,2011-12-06,2011-02-01,4,10,4665.58,4,4,4,Champions,1
12363,Unspecified,2011-04-11,2011-08-22,2011-04-01,110,2,552.0,2,2,2,Lost,5
12364,Belgium,2011-08-19,2011-12-02,2011-08-01,8,4,1208.1,4,3,3,Champions,1
12365,Cyprus,2011-02-21,2011-02-21,2011-02-01,292,1,320.69,2,1,1,Lost,5
12366,Cyprus,2010-03-16,2010-03-16,2010-03-01,634,1,500.24,1,1,2,Lost,5
12367,Denmark,2011-12-05,2011-12-05,2011-12-01,5,1,150.9,4,1,1,New,3
12368,Cyprus,2010-03-21,2010-03-21,2010-03-01,629,1,917.7,1,1,3,Lost,5
12369,Austria,2010-03-08,2010-10-22,2010-03-01,414,3,1511.15,1,2,3,Lost,5
12370,Cyprus,2010-02-09,2011-10-19,2010-02-01,52,7,3956.56,3,3,4,Champions,1
12371,Switzerland,2010-03-04,2011-10-11,2010-03-01,60,4,3347.38,3,3,4,Champions,1
12372,Denmark,2011-02-16,2011-09-29,2011-02-01,72,3,1196.04,3,2,3,Loyal,2
12373,Austria,2010-02-04,2011-02-01,2010-02-01,312,3,927.65,2,2,3,Lost,5
12374,Austria,2010-04-30,2011-11-14,2010-04-01,26,3,2669.22,3,2,4,Champions,1
12375,Finland,2011-09-02,2011-11-29,2011-09-01,11,2,375.42,4,2,2,Loyal,2
12376,Switzerland,2010-10-18,2010-11-15,2010-10-01,390,2,383.15,1,2,2,Lost,5
12377,Switzerland,2010-04-29,2011-01-28,2010-04-01,316,4,3266.32,2,3,4,At risk,4
12378,Switzerland,2010-05-26,2011-08-02,2010-05-01,130,2,5416.32,2,2,4,At risk,4
12379,Belgium,2010-06-23,2011-09-19,2010-06-01,82,4,1468.27,3,3,3,Champions,1
12380,Belgium,2010-02-15,2011-11-18,2010-02-01,22,8,7171.0,4,4,4,Champions,1
12381,Norway,2011-08-12,2011-12-05,2011-08-01,5,3,1433.46,4,2,3,Loyal,2
12383,Belgium,2010-12-22,2011-06-08,2010-12-01,185,5,1617.31,2,3,3,At risk,4
12384,Switzerland,2011-08-10,2011-11-11,2011-08-01,29,2,406.16,3,2,2,Loyal,2
12385,Belgium,2010-11-25,2010-11-25,2010-11-01,380,1,1668.4,1,1,3,Lost,5
12386,Australia,2010-12-08,2011-01-06,2010-12-01,338,2,401.9,2,2,2,Lost,5
12387,Australia,2010-10-20,2010-10-20,2010-10-01,416,1,143.94,1,1,1,Lost,5
12388,Australia,2010-05-06,2011-11-24,2010-05-01,16,8,3901.11,4,4,4,Champions,1
12389,Australia,2010-02-22,2010-11-02,2010-02-01,403,3,1433.33,1,2,3,Lost,5
12390,Belgium,2011-09-21,2011-09-21,2011-09-01,80,1,504.84,3,1,2,New,3
12391,Cyprus,2010-02-15,2011-11-18,2010-02-01,22,6,2699.24,4,3,4,Champions,1
12392,Australia,2010-04-27,2010-04-27,2010-04-01,592,1,234.75,1,1,1,Lost,5
12393,Australia,2010-10-07,2011-09-28,2010-10-01,73,6,2376.75,3,3,4,Champions,1
12394,Denmark,2011-05-06,2011-10-07,2011-05-01,64,2,1080.48,3,2,3,Loyal,2
12395,Belgium,2010-04-16,2011-11-20,2010-04-01,20,15,4220.82,4,4,4,Champions,1
12396,RSA,2010-02-03,2010-02-03,2010-02-01,675,1,931.43,1,1,3,Lost,5
12397,Belgium,2011-07-27,2011-11-04,2011-07-01,36,2,2214.9,3,2,4,Champions,1
12398,Switzerland,2011-10-25,2011-10-25,2011-10-01,46,1,1435.66,3,1,3,New,3
12399,Belgium,2010-03-05,2011-08-12,2010-03-01,120,7,1842.3,2,3,3,At risk,4
12400,Australia,2010-10-21,2010-10-21,2010-10-01,415,1,205.25,1,1,1,Lost,5
12401,Belgium,2011-02-09,2011-02-09,2011-02-01,304,1,69.3,2,1,1,Lost,5
12402,Belgium,2010-02-07,2011-01-20,2010-02-01,324,6,1124.15,2,3,3,At risk,4
12403,Denmark,2010-07-06,2011-10-21,2010-07-01,50,2,947.36,3,2,3,Loyal,2
12405,Finland,2011-07-14,2011-07-14,2011-07-01,149,1,1390.39,2,1,3,Lost,5
12406,Denmark,2010-01-11,2011-11-17,2010-01-01,23,5,6072.21,4,3,4,Champions,1
12407,Belgium,2011-03-20,2011-10-21,2011-03-01,50,5,1507.12,3,3,3,Champions,1
12408,Belgium,2010-07-29,2011-11-07,2010-07-01,33,8,3859.64,3,4,4,Champions,1
12409,Switzerland,2010-05-23,2011-09-22,2010-05-01,79,7,23090.47,3,3,4,Champions,1
12410,Switzerland,2010-07-25,2011-02-04,2010-07-01,309,3,761.46,2,2,2,Lost,5
12411,Australia,2010-10-26,2010-10-26,2010-10-01,410,1,346.9,1,1,2,Lost,5
12412,Denmark,2010-06-18,2011-09-26,2010-06-01,75,6,2389.03,3,3,4,Champions,1
12413,France,2010-11-02,2011-10-04,2010-11-01,67,4,861.5,3,3,3,Champions,1
12414,Austria,2010-09-02,2011-05-06,2010-09-01,218,4,442.41,2,3,2,Lost,5
12415,Australia,2010-06-30,2011-11-15,2010-06-01,25,24,143107.02,4,4,4,Champions,1
12416,Australia,2010-02-21,2010-02-21,2010-02-01,657,1,202.56,1,1,1,Lost,5
12417,Belgium,2009-12-06,2011-12-06,2009-12-01,4,20,5889.71,4,4,4,Champions,1
12418,Switzerland,2010-03-19,2011-08-19,2010-03-01,113,4,2016.95,2,3,3,At risk,4
12419,Spain,2010-10-22,2010-11-19,2010-10-01,386,2,391.01,1,2,2,Lost,5
12420,Cyprus,2011-10-07,2011-10-07,2011-10-01,64,1,600.39,3,1,2,New,3
12421,Spain,2010-07-22,2011-11-24,2010-07-01,16,6,869.6,4,3,3,Champions,1
12422,Australia,2009-12-18,2011-09-05,2009-12-01,96,12,3639.35,2,4,4,At risk,4
12423,Belgium,2010-08-31,2011-12-09,2010-08-01,1,10,2291.19,4,4,4,Champions,1
12424,Australia,2010-06-09,2011-06-30,2010-06-01,163,4,3289.78,2,3,4,At risk,4
12425,Portugal,2010-09-17,2011-09-22,2010-09-01,79,2,1680.81,3,2,3,Loyal,2
12426,Germany,2010-02-15,2011-05-29,2010-02-01,195,2,1167.41,2,2,3,Lost,5
12427,Germany,2010-12-03,2011-11-18,2010-12-01,22,3,582.37,4,2,2,Loyal,2
12428,Finland,2011-03-01,2011-11-14,2011-03-01,26,8,6366.0,3,4,4,Champions,1
12429,Denmark,2010-06-11,2011-11-30,2010-06-01,10,8,5792.01,4,4,4,Champions,1
12430,Norway,2011-10-27,2011-10-27,2011-10-01,44,1,216.4,3,1,1,New,3
12431,Australia,2010-01-15,2011-11-04,2010-01-01,36,25,9963.66,3,4,4,Champions,1
12432,Norway,2011-06-20,2011-10-28,2011-06-01,43,4,4359.32,3,3,4,Champions,1
12433,Norway,2010-08-20,2011-12-09,2010-08-01,1,10,16794.14,4,4,4,Champions,1
12434,Australia,2010-11-23,2011-09-16,2010-11-01,85,3,1062.48,3,2,3,Loyal,2
12435,Denmark,2009-12-02,2011-09-21,2009-12-01,80,6,13925.93,3,3,4,Champions,1
12436,Norway,2011-09-01,2011-09-01,2011-09-01,100,1,429.01,2,1,2,Lost,5
12437,France,2009-12-02,2011-12-08,2009-12-01,2,38,11011.85,4,4,4,Champions,1
12438,Norway,2011-07-22,2011-11-25,2011-07-01,15,2,2466.85,4,2,4,Champions,1
12439,Cyprus,2009-12-14,2010-01-26,2009-12-01,683,2,1089.18,1,2,3,Lost,5
12440,Austria,2009-12-22,2010-09-03,2009-12-01,463,2,648.15,1,2,2,Lost,5
12441,France,2010-12-08,2010-12-08,2010-12-01,367,1,155.55,2,1,1,Lost,5
12442,Spain,2011-12-06,2011-12-06,2011-12-01,4,1,144.06,4,1,1,New,3
12443,Norway,2009-12-07,2009-12-07,2009-12-01,733,1,365.31,1,1,2,Lost,5
12444,Norway,2011-06-21,2011-11-18,2011-06-01,22,5,4085.46,4,3,4,Champions,1
12445,Spain,2010-10-15,2011-11-17,2010-10-01,23,2,370.48,4,2,2,Loyal,2
12446,RSA,2011-10-13,2011-10-13,2011-10-01,58,1,1002.31,3,1,3,New,3
12447,Belgium,2011-04-10,2011-04-10,2011-04-01,244,1,431.49,2,1,2,Lost,5
12448,Spain,2011-10-26,2011-10-26,2011-10-01,45,1,365.45,3,1,2,New,3
12449,Belgium,2010-09-27,2011-11-17,2010-09-01,23,5,4274.89,4,3,4,Champions,1
12450,Spain,2010-08-22,2011-07-06,2010-08-01,157,5,666.95,2,3,2,Lost,5
12451,Switzerland,2010-06-28,2011-11-29,2010-06-01,11,8,12506.53,4,4,4,Champions,1
12452,Switzerland,2011-11-23,2011-11-23,2011-11-01,17,1,348.57,4,1,2,New,3
12453,Austria,2011-07-28,2011-07-28,2011-07-01,135,1,707.09,2,1,2,Lost,5
12454,Spain,2010-10-14,2011-10-14,2010-10-01,57,4,4098.96,3,3,4,Champions,1
12455,Spain,2009-12-18,2011-09-27,2009-12-01,74,9,5722.95,3,4,4,Champions,1
12456,Switzerland,2011-03-30,2011-10-26,2011-03-01,45,3,2553.89,3,2,4,Champions,1
12457,Cyprus,2010-09-30,2011-10-04,2010-09-01,67,7,2032.31,3,3,3,Champions,1
12458,Switzerland,2010-08-09,2011-09-29,2010-08-01,72,4,1502.49,3,3,3,Champions,1
12459,Spain,2010-04-13,2010-04-13,2010-04-01,606,1,398.36,1,1,2,Lost,5
12460,Belgium,2010-09-09,2010-09-09,2010-09-01,457,1,296.65,1,1,1,Lost,5
12461,Switzerland,2011-07-08,2011-07-08,2011-07-01,155,1,626.88,2,1,2,Lost,5
12462,Spain,2011-02-09,2011-11-21,2011-02-01,19,2,872.01,4,2,3,Loyal,2
12463,Belgium,2011-04-12,2011-10-17,2011-04-01,54,4,1165.63,3,3,3,Champions,1
12464,Belgium,2011-02-03,2011-11-29,2011-02-01,11,8,957.05,4,4,3,Champions,1
12465,Belgium,2011-06-23,2011-11-22,2011-06-01,18,2,673.89,4,2,2,Loyal,2
12468,Germany,2010-01-26,2011-06-05,2010-01-01,188,5,3192.55,2,3,4,At risk,4
12469,Thailand,2010-06-21,2010-07-05,2010-06-01,523,2,3070.54,1,2,4,At risk,4
12470,Unspecified,2010-01-19,2010-01-19,2010-01-01,690,1,211.95,1,1,1,Lost,5
12471,Germany,2009-12-07,2011-12-07,2009-12-01,3,71,33294.92,4,4,4,Champions,1
12472,Germany,2009-12-14,2011-11-07,2009-12-01,33,19,14169.69,3,4,4,Champions,1
12473,Germany,2011-06-01,2011-10-17,2011-06-01,54,3,2545.27,3,2,4,Champions,1
12474,Germany,2010-02-11,2011-11-22,2010-02-01,18,29,10886.75,4,4,4,Champions,1
12475,Germany,2010-10-26,2011-10-17,2010-10-01,54,2,1065.64,3,2,3,Loyal,2
12476,Germany,2010-07-26,2011-11-24,2010-07-01,16,18,11920.12,4,4,4,Champions,1
12477,Germany,2010-03-26,2011-11-17,2010-03-01,23,9,20173.64,4,4,4,Champions,1
12478,Greece,2011-12-06,2011-12-06,2011-12-01,4,1,545.99,4,1,2,New,3
12479,Germany,2011-11-28,2011-11-28,2011-11-01,12,1,423.3,4,1,2,New,3
12480,Germany,2010-07-20,2011-11-11,2010-07-01,29,7,4805.1,3,3,4,Champions,1
12481,Germany,2010-04-11,2011-11-17,2010-04-01,23,14,10889.15,4,4,4,Champions,1
12482,Sweden,2010-02-24,2010-05-12,2010-02-01,577,27,21941.72,1,4,4,At risk,4
12483,Sweden,2010-01-31,2011-11-22,2010-01-01,18,19,4007.93,4,4,4,Champions,1
12484,Spain,2010-01-27,2011-11-04,2010-01-01,36,9,5490.8,3,4,4,Champions,1
12485,Sweden,2010-06-28,2010-06-28,2010-06-01,530,1,708.1,1,1,2,Lost,5
12486,Sweden,2010-10-04,2010-10-04,2010-10-01,432,1,917.28,1,1,3,Lost,5
12487,Sweden,2009-12-09,2009-12-09,2009-12-01,731,1,259.8,1,1,1,Lost,5
12488,France,2011-09-25,2011-11-30,2011-09-01,10,3,1244.66,4,2,3,Loyal,2
12489,France,2011-01-07,2011-01-07,2011-01-01,337,1,298.93,2,1,1,Lost,5
12490,France,2009-12-01,2011-12-04,2009-12-01,6,20,8759.64,4,4,4,Champions,1
12491,France,2011-11-01,2011-11-01,2011-11-01,39,1,424.4,3,1,2,New,3
12492,Germany,2010-11-01,2011-10-07,2010-11-01,64,3,607.21,3,2,2,Loyal,2
12493,France,2011-05-26,2011-06-27,2011-05-01,166,2,362.79,2,2,2,Lost,5
12494,France,2010-05-12,2011-11-24,2010-05-01,16,9,1451.92,4,4,3,Champions,1
12495,Sweden,2010-03-09,2010-03-09,2010-03-01,641,1,243.4,1,1,1,Lost,5
12496,Spain,2010-03-29,2010-03-29,2010-03-01,621,2,45.34,1,2,1,Lost,5
12497,Germany,2010-03-05,2011-09-19,2010-03-01,82,3,5996.5,3,2,4,Champions,1
12498,Germany,2011-10-13,2011-11-18,2011-10-01,22,3,349.7,4,2,2,Loyal,2
12499,Germany,2010-05-28,2010-05-28,2010-05-01,561,1,357.72,1,1,2,Lost,5
12500,Germany,2010-02-04,2011-11-16,2010-02-01,24,18,5494.31,4,4,4,Champions,1
12501,Germany,2011-01-07,2011-01-07,2011-01-01,337,1,1945.68,2,1,3,Lost,5
12502,Spain,2011-02-03,2011-09-05,2011-02-01,96,5,2995.87,2,3,4,At risk,4
12503,Spain,2010-05-04,2010-05-04,2010-05-01,585,1,896.0,1,1,3,Lost,5
12504,Germany,2010-04-22,2011-11-21,2010-04-01,19,4,321.0,4,3,1,Loyal,2
12505,Italy,2010-10-27,2010-10-27,2010-10-01,409,1,744.5,1,1,2,Lost,5
12506,France,2011-04-21,2011-04-21,2011-04-01,233,1,73.5,2,1,1,Lost,5
12507,Spain,2010-05-04,2011-07-28,2010-05-01,135,4,1461.31,2,3,3,At risk,4
12508,France,2011-11-10,2011-11-13,2011-11-01,27,2,397.88,3,2,2,Loyal,2
12509,France,2011-02-28,2011-02-28,2011-02-01,285,1,158.5,2,1,1,Lost,5
12510,Spain,2009-12-04,2011-07-20,2009-12-01,143,7,2989.33,2,3,4,At risk,4
12511,Greece,2010-10-07,2010-10-07,2010-10-01,429,1,3065.77,1,1,4,Lost,5
12512,Israel,2011-10-04,2011-10-04,2011-10-01,67,2,132.18,3,2,1,Loyal,2
12513,France,2011-08-19,2011-08-19,2011-08-01,113,1,532.79,2,1,2,Lost,5
12514,Italy,2010-03-08,2011-03-17,2010-03-01,268,2,1597.76,2,2,3,Lost,5
12515,Italy,2010-12-21,2010-12-21,2010-12-01,354,1,278.7,2,1,1,Lost,5
12516,Germany,2010-04-19,2011-09-23,2010-04-01,78,4,2288.62,3,3,4,Champions,1
12517,Germany,2011-06-02,2011-11-11,2011-06-01,29,4,2263.65,3,3,4,Champions,1
12518,Germany,2011-08-21,2011-12-09,2011-08-01,1,5,1840.89,4,3,3,Champions,1
12519,Germany,2010-08-20,2011-10-07,2010-08-01,64,2,595.19,3,2,2,Loyal,2
12520,Germany,2011-03-11,2011-09-21,2011-03-01,80,5,2294.51,3,3,4,Champions,1
12521,Germany,2011-07-20,2011-07-20,2011-07-01,143,1,545.68,2,1,2,Lost,5
12522,Germany,2011-10-19,2011-10-31,2011-10-01,40,2,156.72,3,2,1,Loyal,2
12523,France,2009-12-07,2011-11-20,2009-12-01,20,23,3877.05,4,4,4,Champions,1
12524,Germany,2010-02-08,2011-11-30,2010-02-01,10,17,9759.36,4,4,4,Champions,1
12525,France,2010-03-02,2010-07-29,2010-03-01,499,3,745.18,1,2,2,Lost,5
12526,Germany,2011-09-06,2011-12-09,2011-09-01,1,3,1172.66,4,2,3,Loyal,2
12527,Germany,2010-06-28,2011-09-19,2010-06-01,82,5,717.51,3,3,2,Loyal,2
12528,Germany,2011-01-31,2011-11-30,2011-01-01,10,6,1634.28,4,3,3,Champions,1
12529,France,2010-06-29,2010-06-29,2010-06-01,529,1,311.78,1,1,1,Lost,5
12530,Germany,2010-03-07,2011-10-11,2010-03-01,60,9,3329.86,3,4,4,Champions,1
12531,Germany,2010-01-22,2011-11-25,2010-01-01,15,2,1737.05,4,2,3,Loyal,2
12532,France,2011-11-09,2011-11-09,2011-11-01,31,1,313.83,3,1,1,New,3
12533,Germany,2009-12-01,2010-03-22,2009-12-01,628,2,1005.99,1,2,3,Lost,5
12534,Germany,2011-08-01,2011-08-01,2011-08-01,131,1,981.18,2,1,3,Lost,5
12535,France,2011-06-06,2011-09-09,2011-06-01,92,2,716.35,3,2,2,Loyal,2
12536,France,2011-10-11,2011-10-11,2011-10-01,60,1,4151.26,3,1,4,New,3
12537,Sweden,2010-10-27,2010-10-27,2010-10-01,409,1,612.94,1,1,2,Lost,5
12538,Spain,2010-11-26,2011-11-10,2010-11-01,30,2,640.45,3,2,2,Loyal,2
12539,Spain,2009-12-23,2011-11-17,2009-12-01,23,7,11186.75,4,3,4,Champions,1
12540,Spain,2009-12-07,2011-11-20,2009-12-01,20,32,19159.29,4,4,4,Champions,1
12541,Spain,2011-03-04,2011-11-10,2011-03-01,30,3,841.18,3,2,2,Loyal,2
12542,Spain,2010-03-09,2010-08-12,2010-03-01,485,2,423.38,1,2,2,Lost,5
12543,Spain,2010-09-17,2010-09-17,2010-09-01,449,1,840.25,1,1,2,Lost,5
12544,Spain,2011-11-03,2011-11-03,2011-11-01,37,1,299.7,3,1,1,New,3
12545,Spain,2011-03-25,2011-09-25,2011-03-01,76,2,832.39,3,2,2,Loyal,2
12546,Spain,2011-09-23,2011-10-24,2011-09-01,47,2,1001.5,3,2,3,Loyal,2
12547,Spain,2010-07-27,2011-05-26,2010-07-01,198,3,299.58,2,2,1,Lost,5
12548,Spain,2011-06-26,2011-06-26,2011-06-01,167,1,67.2,2,1,1,Lost,5
12549,USA,2010-01-11,2010-05-13,2010-01-01,576,5,1570.68,1,3,3,At risk,4
12550,Spain,2011-09-21,2011-09-21,2011-09-01,80,1,824.83,3,1,2,New,3
12551,Spain,2010-12-17,2010-12-17,2010-12-01,358,1,168.0,2,1,1,Lost,5
12552,Italy,2011-10-31,2011-10-31,2011-10-01,40,1,317.82,3,1,1,New,3
12553,France,2010-10-12,2011-12-01,2010-10-01,9,12,4044.82,4,4,4,Champions,1
12554,Spain,2010-09-17,2010-09-17,2010-09-01,449,1,384.5,1,1,2,Lost,5
12556,Spain,2011-07-11,2011-10-20,2011-07-01,51,2,599.56,3,2,2,Loyal,2
12557,Spain,2009-12-17,2011-11-23,2009-12-01,17,8,18096.14,4,4,4,Champions,1
12559,Germany,2011-01-24,2011-02-02,2011-01-01,311,2,500.21,2,2,2,Lost,5
12560,Germany,2011-07-19,2011-12-04,2011-07-01,6,2,1885.39,4,2,3,Loyal,2
12561,Germany,2011-02-10,2011-02-10,2011-02-01,303,1,238.85,2,1,1,Lost,5
12562,France,2010-09-30,2011-12-01,2010-09-01,9,9,4426.92,4,4,4,Champions,1
12563,Italy,2010-10-27,2010-10-27,2010-10-01,409,1,221.24,1,1,1,Lost,5
12564,France,2011-03-23,2011-03-23,2011-03-01,262,1,402.9,2,1,2,Lost,5
12565,Saudi Arabia,2011-02-24,2011-02-24,2011-02-01,289,1,131.17,2,1,1,Lost,5
12566,Germany,2011-09-14,2011-09-14,2011-09-01,87,1,292.7,3,1,1,New,3
12567,France,2010-02-11,2011-11-17,2010-02-01,23,15,10425.44,4,4,4,Champions,1
12568,Germany,2010-03-05,2010-03-05,2010-03-01,645,1,52.0,1,1,1,Lost,5
12569,Germany,2011-04-01,2011-12-07,2011-04-01,3,32,3128.99,4,4,4,Champions,1
12571,France,2011-08-10,2011-10-31,2011-08-01,40,2,519.61,3,2,2,Loyal,2
12572,Germany,2011-10-19,2011-12-01,2011-10-01,9,2,896.72,4,2,3,Loyal,2
12573,France,2010-08-31,2011-04-26,2010-08-01,228,5,717.41,2,3,2,Lost,5
12574,France,2011-01-28,2011-01-28,2011-01-01,316,1,182.45,2,1,1,Lost,5
12575,France,2010-07-01,2010-09-08,2010-07-01,458,2,568.82,1,2,2,Lost,5
12576,Poland,2010-07-01,2011-11-04,2010-07-01,36,8,2003.87,3,4,3,Champions,1
12577,France,2009-12-03,2011-11-04,2009-12-01,36,8,1550.75,3,4,3,Champions,1
12578,Italy,2010-09-22,2011-11-18,2010-09-01,22,4,3956.45,4,3,4,Champions,1
12579,France,2011-09-22,2011-09-22,2011-09-01,79,1,374.72,3,1,2,New,3
12580,Germany,2010-05-12,2011-04-07,2010-05-01,247,2,962.9,2,2,3,Lost,5
12581,Germany,2011-10-31,2011-10-31,2011-10-01,40,1,179.71,3,1,1,New,3
12582,Finland,2010-05-11,2011-04-15,2010-05-01,239,4,1820.4,2,3,3,At risk,4
12583,France,2009-12-06,2011-12-07,2009-12-01,3,27,12409.04,4,4,4,Champions,1
12584,Italy,2011-03-04,2011-12-06,2011-03-01,4,9,1809.95,4,4,3,Champions,1
12585,Germany,2010-12-23,2011-04-19,2010-12-01,235,2,1766.81,2,2,3,Lost,5
12586,Italy,2009-12-16,2011-11-22,2009-12-01,18,4,2045.67,4,3,3,Champions,1
12587,Finland,2011-12-02,2011-12-02,2011-12-01,8,1,104.0,4,1,1,New,3
12588,Finland,2010-04-21,2011-10-31,2010-04-01,40,3,698.98,3,2,2,Loyal,2
12589,France,2010-01-19,2011-11-11,2010-01-01,29,6,2752.17,3,3,4,Champions,1
12590,Germany,2011-05-12,2011-05-12,2011-05-01,212,1,9330.48,2,1,4,Lost,5
12591,Italy,2010-10-27,2011-01-26,2010-10-01,318,3,1114.95,2,2,3,Lost,5
12592,Germany,2010-07-08,2011-09-08,2010-07-01,93,4,1723.64,3,3,3,Champions,1
12593,France,2011-05-05,2011-08-23,2011-05-01,109,3,382.1,2,2,2,Lost,5
12594,Italy,2010-03-03,2011-11-02,2010-03-01,38,14,4862.51,3,4,4,Champions,1
12595,Germany,2010-07-23,2010-07-23,2010-07-01,505,1,281.02,1,1,1,Lost,5
12596,Spain,2011-04-11,2011-10-19,2011-04-01,52,2,450.27,3,2,2,Loyal,2
12597,Spain,2011-03-16,2011-11-20,2011-03-01,20,4,3067.13,4,3,4,Champions,1
12598,France,2010-03-01,2011-11-30,2010-03-01,10,10,4072.67,4,4,4,Champions,1
12599,France,2010-05-11,2011-11-10,2010-05-01,30,13,2026.72,3,4,3,Champions,1
12600,Germany,2009-12-07,2011-11-11,2009-12-01,29,20,4343.6,3,4,4,Champions,1
12601,Germany,2010-10-31,2011-06-03,2010-10-01,190,6,565.76,2,3,2,Lost,5
12602,France,2011-10-12,2011-10-12,2011-10-01,59,1,153.12,3,1,1,New,3
12603,Germany,2011-11-18,2011-11-18,2011-11-01,22,1,613.2,4,1,2,New,3
12604,France,2011-03-23,2011-09-21,2011-03-01,80,2,236.18,3,2,1,Loyal,2
12605,Germany,2010-09-07,2010-11-28,2010-09-01,377,3,1117.45,2,2,3,Lost,5
12608,United Kingdom,2010-10-31,2010-10-31,2010-10-01,405,1,415.79,1,1,2,Lost,5
12609,Germany,2009-12-20,2011-09-22,2009-12-01,79,9,3021.86,3,4,4,Champions,1
12610,Italy,2011-08-05,2011-11-17,2011-08-01,23,4,1705.99,4,3,3,Champions,1
12611,Italy,2011-10-18,2011-10-18,2011-10-01,53,1,1193.32,3,1,3,New,3
12612,Germany,2011-09-26,2011-09-26,2011-09-01,75,1,607.59,3,1,2,New,3
12613,Germany,2009-12-14,2011-10-13,2009-12-01,58,9,6033.82,3,4,4,Champions,1
12614,Germany,2011-03-07,2011-03-07,2011-03-01,278,1,315.6,2,1,1,Lost,5
12615,France,2010-03-18,2011-12-07,2010-03-01,3,8,5186.88,4,4,4,Champions,1
12616,France,2010-11-16,2011-09-05,2010-11-01,96,3,937.35,2,2,3,Lost,5
12617,France,2011-11-10,2011-11-10,2011-11-01,30,1,352.98,3,1,2,New,3
12618,Italy,2011-11-18,2011-11-18,2011-11-01,22,1,137.31,4,1,1,New,3
12619,Germany,2010-05-28,2011-11-23,2010-05-01,17,9,3048.95,4,4,4,Champions,1
12620,France,2011-05-19,2011-11-25,2011-05-01,15,3,1303.41,4,2,3,Loyal,2
12621,Germany,2010-02-09,2011-12-08,2010-02-01,2,35,21900.7,4,4,4,Champions,1
12622,Germany,2011-04-21,2011-04-21,2011-04-01,233,1,162.1,2,1,1,Lost,5
12623,Germany,2010-01-12,2011-03-08,2010-01-01,277,7,3315.84,2,3,4,At risk,4
12624,France,2011-06-15,2011-08-25,2011-06-01,107,2,569.13,2,2,2,Lost,5
12625,Germany,2010-04-22,2011-05-12,2010-04-01,212,4,4627.38,2,3,4,At risk,4
12626,Germany,2011-01-17,2011-11-16,2011-01-01,24,9,5722.35,4,4,4,Champions,1
12627,Germany,2011-07-22,2011-11-29,2011-07-01,11,6,4082.53,4,3,4,Champions,1
12628,Germany,2011-10-06,2011-12-05,2011-10-01,5,3,715.61,4,2,2,Loyal,2
12629,Sweden,2010-10-12,2010-11-19,2010-10-01,386,2,1198.22,1,2,3,Lost,5
12630,Finland,2011-10-27,2011-11-30,2011-10-01,10,2,1030.88,4,2,3,Loyal,2
12631,Finland,2010-01-15,2011-10-13,2010-01-01,58,6,3292.27,3,3,4,Champions,1
12632,Germany,2010-05-24,2010-07-07,2010-05-01,521,2,684.88,1,2,2,Lost,5
12633,Germany,2010-07-02,2011-10-12,2010-07-01,59,7,5073.21,3,3,4,Champions,1
12634,USA,2010-06-09,2010-06-09,2010-06-01,549,1,360.0,1,1,2,Lost,5
12635,Germany,2010-09-09,2011-09-11,2010-09-01,90,4,2624.41,3,3,4,Champions,1
12637,France,2010-06-14,2011-10-03,2010-06-01,68,12,8071.16,3,4,4,Champions,1
12638,Sweden,2010-03-10,2011-11-06,2010-03-01,34,2,681.49,3,2,2,Loyal,2
12639,Sweden,2010-03-22,2011-04-15,2010-03-01,239,3,1072.37,2,2,3,Lost,5
12640,France,2011-09-19,2011-11-16,2011-09-01,24,3,994.58,4,2,3,Loyal,2
12641,Sweden,2011-08-16,2011-08-16,2011-08-01,116,1,145.9,2,1,1,Lost,5
12642,Germany,2011-08-24,2011-11-14,2011-08-01,26,3,905.26,3,2,3,Loyal,2
12643,France,2010-04-07,2011-08-03,2010-04-01,129,11,7334.3,2,4,4,At risk,4
12644,Germany,2010-01-14,2011-08-02,2010-01-01,130,4,1797.54,2,3,3,At risk,4
12645,Germany,2010-02-09,2011-11-06,2010-02-01,34,8,3175.1,3,4,4,Champions,1
12646,USA,2011-10-21,2011-12-05,2011-10-01,5,2,1346.97,4,2,3,Loyal,2
12647,Germany,2010-01-13,2011-11-17,2010-01-01,23,35,13919.74,4,4,4,Champions,1
12648,Germany,2010-01-07,2011-07-08,2010-01-01,155,4,1024.0,2,3,3,At risk,4
12649,Germany,2010-01-12,2011-08-24,2010-01-01,108,8,2060.5,2,4,3,At risk,4
12650,France,2011-12-06,2011-12-06,2011-12-01,4,1,242.44,4,1,1,New,3
12651,France,2010-08-31,2011-01-09,2010-08-01,335,4,365.3,2,3,2,Lost,5
12652,France,2010-10-01,2011-01-12,2010-10-01,332,2,885.58,2,2,3,Lost,5
12653,Israel,2010-07-01,2011-07-14,2010-07-01,149,3,4160.83,2,2,4,At risk,4
12654,Germany,2011-02-17,2011-11-29,2011-02-01,11,5,529.98,4,3,2,Loyal,2
12655,France,2010-10-12,2010-10-12,2010-10-01,424,1,243.35,1,1,1,Lost,5
12656,France,2010-05-26,2011-11-22,2010-05-01,18,8,5636.78,4,4,4,Champions,1
12657,France,2011-09-22,2011-11-28,2011-09-01,12,4,1008.06,4,3,3,Champions,1
12658,Germany,2011-11-21,2011-11-21,2011-11-01,19,1,632.05,4,1,2,New,3
12659,France,2011-11-10,2011-11-10,2011-11-01,30,1,73.68,3,1,1,New,3
12660,France,2011-11-28,2011-11-28,2011-11-01,12,1,227.1,4,1,1,New,3
12661,Sweden,2010-09-29,2010-09-29,2010-09-01,437,1,162.0,1,1,1,Lost,5
12662,Germany,2010-04-01,2011-12-09,2010-04-01,1,20,6091.69,4,4,4,Champions,1
12663,Germany,2010-02-09,2010-03-25,2010-02-01,625,2,150.0,1,2,1,Lost,5
12664,Finland,2009-12-13,2011-12-01,2009-12-01,9,11,5420.04,4,4,4,Champions,1
12665,Germany,2010-02-08,2011-01-19,2010-02-01,325,3,247.45,2,2,1,Lost,5
12666,Israel,2010-11-10,2010-11-10,2010-11-01,395,1,1020.98,1,1,3,Lost,5
12667,Finland,2011-10-12,2011-10-12,2011-10-01,59,1,460.13,3,1,2,New,3
12668,Germany,2010-01-31,2011-11-28,2010-01-01,12,9,9842.06,4,4,4,Champions,1
12669,France,2011-03-28,2011-07-12,2011-03-01,151,2,1427.73,2,2,3,Lost,5
12670,France,2010-02-11,2011-11-29,2010-02-01,11,7,3426.39,4,3,4,Champions,1
12671,Germany,2010-04-12,2010-04-12,2010-04-01,607,1,2622.48,1,1,4,Lost,5
12672,France,2010-04-23,2011-01-14,2010-04-01,330,2,380.5,2,2,2,Lost,5
12673,Germany,2010-11-03,2011-12-04,2010-11-01,6,3,1140.02,4,2,3,Loyal,2
12674,France,2011-05-16,2011-11-01,2011-05-01,39,4,1796.26,3,3,3,Champions,1
12675,Italy,2010-05-10,2010-06-04,2010-05-01,554,2,849.55,1,2,3,Lost,5
12676,Sweden,2010-08-13,2011-11-15,2010-08-01,25,10,2333.09,4,4,4,Champions,1
12677,France,2010-02-11,2010-06-02,2010-02-01,556,2,353.3,1,2,2,Lost,5
12678,France,2010-01-07,2011-10-28,2010-01-01,43,15,32165.13,3,4,4,Champions,1
12679,France,2011-03-01,2011-10-12,2011-03-01,59,4,896.67,3,3,3,Champions,1
12680,France,2011-08-18,2011-12-09,2011-08-01,1,4,790.81,4,3,2,Loyal,2
12681,France,2009-12-13,2011-11-25,2009-12-01,15,44,26679.24,4,4,4,Champions,1
12682,France,2009-12-01,2011-12-06,2009-12-01,4,51,20648.12,4,4,4,Champions,1
12683,France,2009-12-13,2011-12-05,2009-12-01,5,20,10167.52,4,4,4,Champions,1
12684,France,2011-05-10,2011-12-02,2011-05-01,8,6,2073.63,4,3,3,Champions,1
12685,France,2011-09-07,2011-11-11,2011-09-01,29,6,2575.08,3,3,4,Champions,1
12686,France,2010-12-03,2010-12-03,2010-12-01,372,1,71.14,2,1,1,Lost,5
12687,Sweden,2010-08-16,2010-08-16,2010-08-01,481,1,1858.91,1,1,3,Lost,5
12688,Israel,2011-08-18,2011-08-18,2011-08-01,114,1,4873.81,2,1,4,Lost,5
12689,France,2011-08-04,2011-11-14,2011-08-01,26,2,1139.61,3,2,3,Loyal,2
12690,France,2011-05-18,2011-05-18,2011-05-01,206,1,335.01,2,1,2,Lost,5
12691,France,2010-10-15,2011-11-11,2010-10-01,29,6,1044.4,3,3,3,Champions,1
12692,France,2010-03-12,2010-03-12,2010-03-01,638,1,110.95,1,1,1,Lost,5
12693,Germany,2010-07-05,2011-08-04,2010-07-01,128,7,1352.42,2,3,3,At risk,4
12694,France,2010-10-14,2011-09-30,2010-10-01,71,3,1659.45,3,2,3,Loyal,2
12695,France,2010-02-12,2011-12-02,2010-02-01,8,7,1371.12,4,3,3,Champions,1
12696,Finland,2010-07-19,2010-10-01,2010-07-01,435,2,731.91,1,2,2,Lost,5
12697,Sweden,2011-06-23,2011-11-11,2011-06-01,29,3,739.02,3,2,2,Loyal,2
12698,Germany,2010-04-28,2010-04-28,2010-04-01,591,1,285.75,1,1,1,Lost,5
12699,Germany,2010-10-18,2010-10-18,2010-10-01,418,1,566.11,1,1,2,Lost,5
12700,France,2011-05-08,2011-12-02,2011-05-01,8,4,4525.99,4,3,4,Champions,1
12701,Germany,2010-03-16,2011-09-21,2010-03-01,80,6,2248.41,3,3,4,Champions,1
12702,Germany,2011-11-20,2011-11-20,2011-11-01,20,1,201.0,4,1,1,New,3
12703,Germany,2010-01-24,2011-09-29,2010-01-01,72,4,802.18,3,3,2,Loyal,2
12704,Finland,2011-06-23,2011-12-02,2011-06-01,8,8,1740.84,4,4,3,Champions,1
12705,Germany,2010-06-24,2011-11-24,2010-06-01,16,13,10906.0,4,4,4,Champions,1
12707,France,2011-02-21,2011-02-21,2011-02-01,292,1,603.42,2,1,2,Lost,5
12708,Germany,2009-12-18,2011-11-10,2009-12-01,30,18,4381.72,3,4,4,Champions,1
12709,Germany,2009-12-09,2011-11-24,2009-12-01,16,32,28708.1,4,4,4,Champions,1
12710,Germany,2011-05-22,2011-09-04,2011-05-01,97,3,1004.57,2,2,3,Lost,5
12711,Germany,2010-02-01,2010-04-07,2010-02-01,612,2,1213.05,1,2,3,Lost,5
12712,Germany,2009-12-09,2011-11-11,2009-12-01,29,21,5801.78,3,4,4,Champions,1
12713,Germany,2011-12-09,2011-12-09,2011-12-01,1,1,794.55,4,1,2,New,3
12714,France,2009-12-04,2011-11-30,2009-12-01,10,12,12815.71,4,4,4,Champions,1
12715,Sweden,2011-08-25,2011-08-25,2011-08-01,107,1,263.36,2,1,1,Lost,5
12716,France,2011-07-29,2011-12-06,2011-07-01,4,2,963.49,4,2,3,Loyal,2
12717,Greece,2010-04-28,2011-07-11,2010-04-01,152,3,1058.91,2,2,3,Lost,5
12718,France,2011-09-29,2011-09-29,2011-09-01,72,1,202.25,3,1,1,New,3
12719,France,2011-10-05,2011-12-04,2011-10-01,6,2,536.1,4,2,2,Loyal,2
12720,Germany,2010-07-21,2011-12-07,2010-07-01,3,29,6710.49,4,4,4,Champions,1
12721,France,2010-08-25,2011-11-08,2010-08-01,32,8,3555.83,3,4,4,Champions,1
12722,France,2011-07-12,2011-09-15,2011-07-01,86,4,886.33,3,3,3,Champions,1
12723,France,2011-10-05,2011-12-06,2011-10-01,4,5,707.07,4,3,2,Loyal,2
12724,France,2010-06-22,2011-12-04,2010-06-01,6,7,2083.52,4,3,3,Champions,1
12725,Italy,2010-05-04,2010-12-03,2010-05-01,372,3,1906.76,2,2,3,Lost,5
12726,France,2010-03-25,2011-11-11,2010-03-01,29,11,3690.6,3,4,4,Champions,1
12727,France,2010-02-23,2011-11-29,2010-02-01,11,10,4890.53,4,4,4,Champions,1
12728,France,2010-11-21,2011-09-29,2010-11-01,72,5,926.17,3,3,3,Champions,1
12729,France,2011-08-18,2011-08-18,2011-08-01,114,1,417.01,2,1,2,Lost,5
12730,Germany,2010-07-06,2010-07-06,2010-07-01,522,1,703.25,1,1,2,Lost,5
12731,France,2010-03-02,2011-11-16,2010-03-01,24,17,25540.21,4,4,4,Champions,1
12732,France,2011-06-13,2011-06-13,2011-06-01,180,1,218.26,2,1,1,Lost,5
12733,USA,2010-01-19,2011-04-19,2010-01-01,235,4,2325.97,2,3,4,At risk,4
12734,France,2010-11-12,2010-12-22,2010-11-01,353,3,603.65,2,2,2,Lost,5
12735,France,2011-01-06,2011-01-28,2011-01-01,316,2,689.57,2,2,2,Lost,5
12736,France,2011-01-11,2011-01-11,2011-01-01,333,1,144.0,2,1,1,Lost,5
12738,Germany,2010-12-02,2010-12-02,2010-12-01,373,1,137.35,2,1,1,Lost,5
12739,United Arab Emirates,2010-11-10,2011-09-01,2010-11-01,100,2,2421.23,2,2,4,At risk,4
12740,France,2011-10-07,2011-10-07,2011-10-01,64,1,427.6,3,1,2,New,3
12741,USA,2010-06-24,2010-06-24,2010-06-01,534,1,236.07,1,1,1,Lost,5
12742,United Arab Emirates,2010-03-24,2010-03-24,2010-03-01,626,1,1185.02,1,1,3,Lost,5
12743,Unspecified,2011-07-28,2011-07-28,2011-07-01,135,2,540.13,2,2,2,Lost,5
12744,Singapore,2010-04-27,2011-10-14,2010-04-01,57,8,13158.16,3,4,4,Champions,1
12745,United Kingdom,2010-05-14,2010-08-10,2010-05-01,487,2,723.85,1,2,2,Lost,5
12746,United Kingdom,2010-06-17,2010-06-17,2010-06-01,541,1,230.85,1,1,1,Lost,5
12747,United Kingdom,2009-12-07,2011-12-07,2009-12-01,3,26,8786.53,4,4,4,Champions,1
12748,United Kingdom,2009-12-04,2011-12-09,2009-12-01,1,322,46671.23,4,4,4,Champions,1
12749,United Kingdom,2010-07-06,2011-12-06,2010-07-01,4,9,6278.49,4,4,4,Champions,1
12750,Poland,2011-08-03,2011-08-03,2011-08-01,129,1,275.88,2,1,1,Lost,5
12751,Brazil,2010-09-21,2010-09-21,2010-09-01,445,1,268.27,1,1,1,Lost,5
12752,Norway,2011-09-19,2011-09-19,2011-09-01,82,1,4366.78,3,1,4,New,3
12753,Japan,2010-12-12,2011-11-17,2010-12-01,23,6,21024.01,4,3,4,Champions,1
12754,Japan,2011-02-04,2011-04-18,2011-02-01,236,3,3010.74,2,2,4,At risk,4
12755,Japan,2010-01-15,2011-03-04,2010-01-01,281,11,2629.5,2,4,4,At risk,4
12756,Japan,2011-09-14,2011-09-14,2011-09-01,87,1,112.08,3,1,1,New,3
12757,Portugal,2011-05-12,2011-11-24,2011-05-01,16,9,4161.75,4,4,4,Champions,1
12758,Portugal,2009-12-01,2011-08-15,2009-12-01,117,7,9779.0,2,3,4,At risk,4
12759,Netherlands,2009-12-04,2011-10-18,2009-12-01,53,8,4618.74,3,4,4,Champions,1
12760,Netherlands,2010-09-10,2010-09-10,2010-09-01,456,1,317.8,1,1,1,Lost,5
12761,Netherlands,2010-09-01,2010-09-01,2010-09-01,465,1,712.95,1,1,2,Lost,5
12762,Portugal,2011-11-14,2011-12-02,2011-11-01,8,2,1702.52,4,2,3,Loyal,2
12763,Japan,2010-12-05,2011-07-24,2010-12-01,139,2,494.08,2,2,2,Lost,5
12764,Lebanon,2011-01-27,2011-01-27,2011-01-01,317,1,1693.88,2,1,3,Lost,5
12765,Netherlands,2010-03-08,2010-08-24,2010-03-01,473,6,1299.58,1,3,3,At risk,4
12766,Portugal,2010-10-28,2011-12-06,2010-10-01,4,9,8093.14,4,4,4,Champions,1
12767,Korea,2010-11-29,2010-11-29,2010-11-01,376,1,949.82,2,1,3,Lost,5
12769,Brazil,2011-04-15,2011-04-15,2011-04-01,239,1,1143.6,2,1,3,Lost,5
12770,Japan,2010-09-09,2011-05-13,2010-09-01,211,2,2981.45,2,2,4,At risk,4
12771,Portugal,2010-08-11,2010-08-11,2010-08-01,486,1,206.5,1,1,1,Lost,5
12772,Portugal,2011-10-11,2011-10-11,2011-10-01,60,1,752.47,3,1,2,New,3
12774,Netherlands,2010-06-22,2010-06-22,2010-06-01,536,1,83.7,1,1,1,Lost,5
12775,Netherlands,2010-10-26,2011-11-22,2010-10-01,18,7,1516.32,4,3,3,Champions,1
12776,Portugal,2010-02-10,2010-02-10,2010-02-01,668,1,27.5,1,1,1,Lost,5
12777,United Kingdom,2010-09-08,2010-09-08,2010-09-01,458,1,519.45,1,1,2,Lost,5
12778,Netherlands,2010-04-16,2011-11-20,2010-04-01,20,9,1541.68,4,4,3,Champions,1
12779,Poland,2009-12-03,2011-11-02,2009-12-01,38,14,6158.6,3,4,4,Champions,1
12780,Netherlands,2010-04-20,2010-04-20,2010-04-01,599,1,322.4,1,1,1,Lost,5
12781,Czech Republic,2011-02-28,2011-10-07,2011-02-01,64,2,671.72,3,2,2,Loyal,2
12782,Portugal,2010-07-08,2011-12-05,2010-07-01,5,11,3770.04,4,4,4,Champions,1
12783,Portugal,2011-09-25,2011-12-07,2011-09-01,3,4,1295.87,4,3,3,Champions,1
12784,Portugal,2010-06-28,2011-11-24,2010-06-01,16,2,1511.15,4,2,3,Loyal,2
12785,Portugal,2009-12-08,2010-12-10,2009-12-01,365,3,883.31,2,2,3,Lost,5
12786,Netherlands,2010-04-09,2010-04-09,2010-04-01,610,1,668.5,1,1,2,Lost,5
12787,Netherlands,2010-10-22,2011-11-30,2010-10-01,10,4,799.18,4,3,2,Loyal,2
12788,Netherlands,2010-06-29,2010-09-02,2010-06-01,464,4,384.9,1,3,2,Lost,5
12789,Netherlands,2010-01-15,2011-10-05,2010-01-01,66,3,225.35,3,2,1,Loyal,2
12790,Netherlands,2010-10-25,2011-05-31,2010-10-01,193,2,518.45,2,2,2,Lost,5
12791,Netherlands,2010-03-25,2010-12-01,2010-03-01,374,5,656.83,2,3,2,Lost,5
12792,Portugal,2010-06-23,2011-03-28,2010-06-01,257,2,715.01,2,2,2,Lost,5
12793,Portugal,2010-11-03,2011-01-09,2010-11-01,335,3,745.53,2,2,2,Lost,5
12794,Portugal,2011-09-02,2011-10-17,2011-09-01,54,2,860.41,3,2,3,Loyal,2
12795,Portugal,2011-11-21,2011-11-21,2011-11-01,19,1,318.48,4,1,1,New,3
12796,Netherlands,2010-03-21,2010-03-21,2010-03-01,629,1,351.0,1,1,2,Lost,5
12797,Portugal,2010-10-11,2010-12-09,2010-10-01,366,2,387.43,2,2,2,Lost,5
12798,Japan,2010-10-14,2011-11-29,2010-10-01,11,4,8510.93,4,3,4,Champions,1
12799,Japan,2010-06-28,2010-06-28,2010-06-01,530,1,219.35,1,1,1,Lost,5
12800,Portugal,2010-02-01,2010-08-26,2010-02-01,471,2,500.25,1,2,2,Lost,5
12801,Sweden,2010-07-27,2010-07-27,2010-07-01,501,1,831.87,1,1,2,Lost,5
12802,Netherlands,2010-05-25,2011-06-06,2010-05-01,187,5,2120.42,2,3,3,At risk,4
12803,Netherlands,2010-11-11,2010-11-11,2010-11-01,394,1,1017.81,1,1,3,Lost,5
12804,Netherlands,2010-07-27,2010-08-31,2010-07-01,466,2,325.37,1,2,1,Lost,5
12805,Netherlands,2010-02-03,2010-11-23,2010-02-01,382,4,1230.95,1,3,3,At risk,4
12806,Netherlands,2010-04-30,2010-05-16,2010-04-01,573,2,2558.96,1,2,4,At risk,4
12807,Sweden,2010-11-21,2010-11-21,2010-11-01,384,1,229.95,1,1,1,Lost,5
12808,Portugal,2010-09-03,2011-11-03,2010-09-01,37,5,748.7,3,3,2,Loyal,2
12809,Portugal,2010-03-02,2011-06-15,2010-03-01,178,3,1333.74,2,2,3,Lost,5
12810,Japan,2010-02-01,2010-06-23,2010-02-01,535,2,534.99,1,2,2,Lost,5
12811,Portugal,2010-10-08,2011-03-23,2010-10-01,262,4,893.9,2,3,3,At risk,4
12812,Japan,2011-10-26,2011-10-26,2011-10-01,45,1,229.64,3,1,1,New,3
12813,Netherlands,2010-01-15,2010-07-26,2010-01-01,502,3,1621.8,1,2,3,Lost,5
12814,Poland,2011-08-30,2011-08-30,2011-08-01,102,1,85.92,2,1,1,Lost,5
12815,Poland,2011-05-25,2011-07-15,2011-05-01,148,2,863.46,2,2,3,Lost,5
12816,Poland,2011-06-16,2011-09-05,2011-06-01,96,2,452.2,2,2,2,Lost,5
12817,Austria,2010-10-01,2011-03-03,2010-10-01,282,3,570.98,2,2,2,Lost,5
12818,Austria,2011-03-23,2011-03-23,2011-03-01,262,1,1157.88,2,1,3,Lost,5
12819,United Kingdom,2010-09-07,2010-09-07,2010-09-01,459,1,540.52,1,1,2,Lost,5
12820,United Kingdom,2009-12-05,2011-12-06,2009-12-01,4,11,2647.94,4,4,4,Champions,1
12821,United Kingdom,2010-04-07,2011-05-09,2010-04-01,215,2,220.8,2,2,1,Lost,5
12822,United Kingdom,2011-09-13,2011-09-30,2011-09-01,71,2,918.98,3,2,3,Loyal,2
12823,United Kingdom,2010-01-29,2011-09-26,2010-01-01,75,18,6501.5,3,4,4,Champions,1
12824,United Kingdom,2011-10-11,2011-10-11,2011-10-01,60,1,397.12,3,1,2,New,3
12825,United Kingdom,2010-03-08,2010-07-06,2010-03-01,522,2,518.63,1,2,2,Lost,5
12826,United Kingdom,2009-12-18,2011-12-07,2009-12-01,3,12,2784.2,4,4,4,Champions,1
12827,United Kingdom,2011-10-26,2011-12-04,2011-10-01,6,3,430.15,4,2,2,Loyal,2
12828,United Kingdom,2011-08-01,2011-12-07,2011-08-01,3,6,1018.71,4,3,3,Champions,1
12829,United Kingdom,2010-06-07,2011-01-07,2010-06-01,337,3,345.35,2,2,2,Lost,5
12830,United Kingdom,2011-06-21,2011-11-02,2011-06-01,38,6,6814.64,3,3,4,Champions,1
12831,United Kingdom,2010-09-02,2011-03-22,2010-09-01,263,3,451.11,2,2,2,Lost,5
12832,United Kingdom,2011-09-02,2011-11-07,2011-09-01,33,2,383.03,3,2,2,Loyal,2
12833,United Kingdom,2011-07-17,2011-07-17,2011-07-01,146,1,417.38,2,1,2,Lost,5
12834,United Kingdom,2011-03-02,2011-03-02,2011-03-01,283,1,312.38,2,1,1,Lost,5
12835,United Kingdom,2009-12-03,2010-10-08,2009-12-01,428,41,5972.19,1,4,4,At risk,4
12836,United Kingdom,2009-12-01,2011-10-11,2009-12-01,60,15,6520.58,3,4,4,Champions,1
12837,United Kingdom,2010-05-19,2011-06-19,2010-05-01,174,2,662.66,2,2,2,Lost,5
12838,United Kingdom,2010-04-26,2011-11-06,2010-04-01,34,10,2953.46,3,4,4,Champions,1
12839,United Kingdom,2009-12-07,2011-12-07,2009-12-01,3,26,9529.72,4,4,4,Champions,1
12840,United Kingdom,2010-02-03,2011-07-19,2010-02-01,144,7,4013.87,2,3,4,At risk,4
12841,United Kingdom,2010-07-08,2011-12-05,2010-07-01,5,40,6808.0,4,4,4,Champions,1
12842,United Kingdom,2009-12-02,2011-09-30,2009-12-01,71,4,1917.99,3,3,3,Champions,1
12843,United Kingdom,2009-12-13,2011-10-05,2009-12-01,66,28,6219.07,3,4,4,Champions,1
12844,United Kingdom,2010-04-25,2011-11-10,2010-04-01,30,4,648.6,3,3,2,Loyal,2
12845,United Kingdom,2011-02-22,2011-03-17,2011-02-01,268,4,354.09,2,3,2,Lost,5
12847,United Kingdom,2010-11-17,2011-11-17,2010-11-01,23,2,1609.0,4,2,3,Loyal,2
12848,United Kingdom,2010-02-02,2010-02-02,2010-02-01,676,1,208.0,1,1,1,Lost,5
12849,United Kingdom,2010-04-27,2011-11-08,2010-04-01,32,6,3015.98,3,3,4,Champions,1
12850,United Kingdom,2010-09-20,2010-09-20,2010-09-01,446,1,330.0,1,1,1,Lost,5
12851,United Kingdom,2010-08-19,2011-09-04,2010-08-01,97,2,280.76,2,2,1,Lost,5
12852,United Kingdom,2011-02-18,2011-02-18,2011-02-01,295,1,299.75,2,1,1,Lost,5
12853,United Kingdom,2010-02-05,2011-07-28,2010-02-01,135,11,3728.5,2,4,4,At risk,4
12854,United Kingdom,2009-12-11,2011-09-22,2009-12-01,79,7,2899.32,3,3,4,Champions,1
12855,United Kingdom,2010-11-02,2010-12-02,2010-11-01,373,4,612.84,2,3,2,Lost,5
12856,United Kingdom,2011-10-07,2011-12-02,2011-10-01,8,6,2153.53,4,3,3,Champions,1
12857,United Kingdom,2010-01-25,2011-05-13,2010-01-01,211,6,3684.25,2,3,4,At risk,4
12858,United Kingdom,2010-11-21,2010-11-21,2010-11-01,384,1,147.27,1,1,1,Lost,5
12859,United Kingdom,2010-09-07,2010-09-07,2010-09-01,459,1,575.1,1,1,2,Lost,5
12860,United Kingdom,2010-01-15,2010-01-15,2010-01-01,694,1,54.22,1,1,1,Lost,5
12861,United Kingdom,2010-03-30,2010-03-30,2010-03-01,620,1,68.25,1,1,1,Lost,5
12862,United Kingdom,2010-08-01,2010-10-10,2010-08-01,426,2,984.62,1,2,3,Lost,5
12863,United Kingdom,2010-04-29,2011-10-18,2010-04-01,53,6,2775.55,3,3,4,Champions,1
12864,United Kingdom,2010-07-19,2011-07-24,2010-07-01,139,2,299.57,2,2,1,Lost,5
12865,Austria,2010-08-20,2011-11-13,2010-08-01,27,4,3303.31,3,3,4,Champions,1
12866,Belgium,2010-07-25,2011-03-01,2010-07-01,284,3,1092.35,2,2,3,Lost,5
12867,United Kingdom,2009-12-16,2011-11-13,2009-12-01,27,13,7782.91,3,4,4,Champions,1
12868,United Kingdom,2010-11-12,2011-06-07,2010-11-01,186,8,2043.76,2,4,3,At risk,4
12869,United Kingdom,2010-01-27,2010-01-27,2010-01-01,682,1,337.67,1,1,2,Lost,5
12870,United Kingdom,2010-03-25,2010-11-29,2010-03-01,376,3,1662.05,2,2,3,Lost,5
12871,United Kingdom,2010-09-26,2011-09-16,2010-09-01,85,3,744.02,3,2,2,Loyal,2
12872,United Kingdom,2009-12-03,2011-01-17,2009-12-01,327,12,3276.81,2,4,4,At risk,4
12873,United Kingdom,2010-01-27,2011-03-02,2010-01-01,283,3,2027.3,2,2,3,Lost,5
12874,Belgium,2010-06-03,2010-11-19,2010-06-01,386,2,858.42,1,2,3,Lost,5
12875,United Kingdom,2010-01-11,2011-07-19,2010-01-01,144,5,1356.99,2,3,3,At risk,4
12876,Belgium,2010-04-28,2011-10-13,2010-04-01,58,4,3738.59,3,3,4,Champions,1
12877,United Kingdom,2010-01-18,2011-12-06,2010-01-01,4,20,2942.14,4,4,4,Champions,1
12878,United Kingdom,2011-03-18,2011-04-17,2011-03-01,237,2,841.64,2,2,2,Lost,5
12879,United Kingdom,2011-09-09,2011-10-26,2011-09-01,45,3,552.57,3,2,2,Loyal,2
12880,United Kingdom,2010-05-14,2010-11-23,2010-05-01,382,2,640.13,1,2,2,Lost,5
12881,United Kingdom,2011-03-09,2011-03-09,2011-03-01,276,1,298.0,2,1,1,Lost,5
12882,United Kingdom,2011-11-06,2011-11-30,2011-11-01,10,2,1463.04,4,2,3,Loyal,2
12883,United Kingdom,2011-09-11,2011-11-15,2011-09-01,25,4,703.47,4,3,2,Loyal,2
12884,United Kingdom,2011-09-12,2011-09-12,2011-09-01,89,1,309.05,3,1,1,New,3
12885,United Kingdom,2011-08-08,2011-10-07,2011-08-01,64,3,1158.27,3,2,3,Loyal,2
12886,United Kingdom,2011-05-04,2011-10-03,2011-05-01,68,2,1351.09,3,2,3,Loyal,2
12887,United Kingdom,2010-11-21,2010-11-21,2010-11-01,384,1,222.4,1,1,1,Lost,5
12888,United Kingdom,2011-03-29,2011-05-09,2011-03-01,215,2,313.77,2,2,1,Lost,5
12889,United Kingdom,2010-07-25,2010-11-23,2010-07-01,382,4,365.66,1,3,2,Lost,5
12890,United Kingdom,2010-11-17,2011-11-15,2010-11-01,25,2,706.02,4,2,2,Loyal,2
12891,United Kingdom,2010-02-18,2011-06-07,2010-02-01,186,11,819.5,2,4,2,At risk,4
12892,United Kingdom,2010-11-08,2010-11-08,2010-11-01,397,1,263.38,1,1,1,Lost,5
12893,United Kingdom,2011-11-09,2011-11-09,2011-11-01,31,1,176.55,3,1,1,New,3
12894,United Kingdom,2010-05-13,2010-05-13,2010-05-01,576,1,157.35,1,1,1,Lost,5
12895,United Kingdom,2011-09-14,2011-10-28,2011-09-01,43,2,347.3,3,2,2,Loyal,2
12897,United Kingdom,2010-06-14,2011-05-19,2010-06-01,205,4,514.25,2,3,2,Lost,5
12898,United Kingdom,2010-02-18,2010-09-02,2010-02-01,464,2,296.21,1,2,1,Lost,5
12899,United Kingdom,2010-10-22,2010-10-22,2010-10-01,414,1,366.4,1,1,2,Lost,5
12900,United Kingdom,2010-10-13,2010-10-13,2010-10-01,423,1,340.33,1,1,2,Lost,5
12901,United Kingdom,2011-03-14,2011-12-01,2011-03-01,9,28,16316.14,4,4,4,Champions,1
12902,United Kingdom,2011-03-20,2011-03-20,2011-03-01,265,1,138.68,2,1,1,Lost,5
12903,United Kingdom,2010-10-07,2010-10-07,2010-10-01,429,1,833.53,1,1,2,Lost,5
12904,United Kingdom,2011-06-20,2011-11-21,2011-06-01,19,2,496.06,4,2,2,Loyal,2
12905,United Kingdom,2010-01-26,2010-05-12,2010-01-01,577,2,1011.82,1,2,3,Lost,5
12906,United Kingdom,2011-09-22,2011-11-28,2011-09-01,12,5,2919.81,4,3,4,Champions,1
12907,United Kingdom,2010-08-02,2010-11-09,2010-08-01,396,2,440.36,1,2,2,Lost,5
12908,United Kingdom,2010-03-19,2011-06-16,2010-03-01,177,5,1386.0,2,3,3,At risk,4
12909,United Kingdom,2010-02-24,2011-10-31,2010-02-01,40,8,3034.77,3,4,4,Champions,1
12910,United Kingdom,2010-03-28,2011-11-16,2010-03-01,24,13,5747.02,4,4,4,Champions,1
12911,United Kingdom,2010-06-06,2010-06-06,2010-06-01,552,1,1651.72,1,1,3,Lost,5
12912,United Kingdom,2011-10-30,2011-12-07,2011-10-01,3,5,1662.3,4,3,3,Champions,1
12913,United Kingdom,2009-12-01,2011-12-05,2009-12-01,5,13,6283.24,4,4,4,Champions,1
12914,United Kingdom,2010-11-04,2010-11-04,2010-11-01,401,1,223.98,1,1,1,Lost,5
12915,United Kingdom,2010-04-29,2011-07-14,2010-04-01,149,4,885.2,2,3,3,At risk,4
12916,United Kingdom,2010-01-24,2011-07-24,2010-01-01,139,7,4455.93,2,3,4,At risk,4
12917,United Kingdom,2009-12-09,2011-08-03,2009-12-01,129,6,4329.5,2,3,4,At risk,4
12919,United Kingdom,2011-06-23,2011-12-01,2011-06-01,9,6,1301.44,4,3,3,Champions,1
12920,United Kingdom,2009-12-14,2011-11-22,2009-12-01,18,4,486.64,4,3,2,Loyal,2
12921,United Kingdom,2009-12-01,2011-11-30,2009-12-01,10,74,33951.65,4,4,4,Champions,1
12922,United Kingdom,2011-07-01,2011-07-01,2011-07-01,162,1,405.38,2,1,2,Lost,5
12923,United Kingdom,2010-05-13,2011-10-06,2010-05-01,65,3,769.17,3,2,2,Loyal,2
12924,United Kingdom,2009-12-09,2011-09-12,2009-12-01,89,12,2415.2,3,4,4,Champions,1
12925,United Kingdom,2010-04-26,2011-12-05,2010-04-01,5,3,729.33,4,2,2,Loyal,2
12926,United Kingdom,2009-12-14,2010-10-24,2009-12-01,412,4,1523.59,1,3,3,At risk,4
12927,United Kingdom,2010-11-10,2010-11-10,2010-11-01,395,1,197.31,1,1,1,Lost,5
12928,United Kingdom,2010-06-08,2011-11-04,2010-06-01,36,12,4304.89,3,4,4,Champions,1
12929,United Kingdom,2011-02-01,2011-02-01,2011-02-01,312,1,105.1,2,1,1,Lost,5
12930,United Kingdom,2011-06-21,2011-09-22,2011-06-01,79,2,409.9,3,2,2,Loyal,2
12931,United Kingdom,2009-12-01,2011-11-18,2009-12-01,22,57,71546.97,4,4,4,Champions,1
12932,United Kingdom,2010-02-10,2010-06-18,2010-02-01,540,8,1698.56,1,4,3,At risk,4
12933,United Kingdom,2009-12-10,2011-11-15,2009-12-01,25,8,1576.88,4,4,3,Champions,1
12934,United Kingdom,2009-12-03,2009-12-03,2009-12-01,737,1,181.65,1,1,1,Lost,5
12935,United Kingdom,2010-04-11,2011-12-07,2010-04-01,3,15,4182.01,4,4,4,Champions,1
12936,United Kingdom,2011-09-22,2011-11-22,2011-09-01,18,4,1012.9,4,3,3,Champions,1
12937,United Kingdom,2009-12-03,2011-11-24,2009-12-01,16,9,3097.61,4,4,4,Champions,1
12938,United Kingdom,2011-11-14,2011-11-14,2011-11-01,26,1,114.14,3,1,1,New,3
12939,United Kingdom,2010-01-12,2011-10-06,2010-01-01,65,20,25264.8,3,4,4,Champions,1
12940,United Kingdom,2011-09-13,2011-10-16,2011-09-01,55,2,862.44,3,2,3,Loyal,2
12941,United Kingdom,2009-12-15,2009-12-15,2009-12-01,725,1,377.49,1,1,2,Lost,5
12942,United Kingdom,2010-12-09,2011-07-31,2010-12-01,132,3,675.6,2,2,2,Lost,5
12943,United Kingdom,2010-04-13,2010-05-30,2010-04-01,559,2,489.0,1,2,2,Lost,5
12944,United Kingdom,2010-12-20,2011-11-04,2010-12-01,36,2,604.51,3,2,2,Loyal,2
12945,United Kingdom,2010-02-21,2011-02-24,2010-02-01,289,2,900.11,2,2,3,Lost,5
12946,United Kingdom,2010-09-29,2010-09-29,2010-09-01,437,1,324.45,1,1,1,Lost,5
12947,United Kingdom,2010-12-01,2011-07-19,2010-12-01,144,6,1407.29,2,3,3,At risk,4
12948,United Kingdom,2009-12-02,2011-11-23,2009-12-01,17,9,2306.18,4,4,4,Champions,1
12949,United Kingdom,2009-12-03,2011-11-09,2009-12-01,31,22,15391.0,3,4,4,Champions,1
12950,United Kingdom,2011-11-15,2011-12-07,2011-11-01,3,3,1843.0,4,2,3,Loyal,2
12951,United Kingdom,2010-01-10,2011-12-01,2010-01-01,9,15,3164.42,4,4,4,Champions,1
12952,United Kingdom,2011-09-22,2011-12-04,2011-09-01,6,4,1382.84,4,3,3,Champions,1
12953,United Kingdom,2010-07-05,2011-11-30,2010-07-01,10,2,828.81,4,2,2,Loyal,2
12954,United Kingdom,2010-03-11,2010-03-11,2010-03-01,639,1,162.45,1,1,1,Lost,5
12955,United Kingdom,2011-03-17,2011-12-08,2011-03-01,2,11,4734.26,4,4,4,Champions,1
12956,United Kingdom,2009-12-15,2011-02-06,2009-12-01,307,4,521.89,2,3,2,Lost,5
12957,United Kingdom,2009-12-11,2011-11-30,2009-12-01,10,13,8628.42,4,4,4,Champions,1
12958,United Kingdom,2010-05-05,2010-11-04,2010-05-01,401,2,467.34,1,2,2,Lost,5
12959,United Kingdom,2010-08-12,2010-08-12,2010-08-01,485,1,150.95,1,1,1,Lost,5
12960,United Kingdom,2010-02-16,2010-10-22,2010-02-01,414,4,1322.07,1,3,3,At risk,4
12961,United Kingdom,2010-11-25,2010-11-25,2010-11-01,380,1,211.99,1,1,1,Lost,5
12962,United Kingdom,2011-08-18,2011-12-02,2011-08-01,8,2,266.39,4,2,1,Loyal,2
12963,United Kingdom,2010-07-08,2011-12-01,2010-07-01,9,12,3162.59,4,4,4,Champions,1
12964,United Kingdom,2010-09-28,2010-09-28,2010-09-01,438,1,132.24,1,1,1,Lost,5
12965,United Kingdom,2011-09-11,2011-09-11,2011-09-01,90,1,769.81,3,1,2,New,3
12966,United Kingdom,2011-11-30,2011-11-30,2011-11-01,10,1,160.18,4,1,1,New,3
12967,United Kingdom,2010-11-21,2010-12-16,2010-11-01,359,3,2472.37,2,2,4,At risk,4
12968,United Kingdom,2011-08-19,2011-08-19,2011-08-01,113,1,135.95,2,1,1,Lost,5
12969,United Kingdom,2010-04-16,2010-04-16,2010-04-01,603,1,122.45,1,1,1,Lost,5
12970,United Kingdom,2009-12-04,2011-12-02,2009-12-01,8,10,1452.54,4,4,3,Champions,1
12971,United Kingdom,2009-12-15,2011-12-06,2009-12-01,4,116,15218.05,4,4,4,Champions,1
12972,United Kingdom,2010-02-16,2010-10-22,2010-02-01,414,4,1115.95,1,3,3,At risk,4
12973,United Kingdom,2010-10-22,2010-10-22,2010-10-01,414,1,385.55,1,1,2,Lost,5
12974,United Kingdom,2010-05-23,2011-05-26,2010-05-01,198,2,408.95,2,2,2,Lost,5
12975,United Kingdom,2009-12-06,2010-09-29,2009-12-01,437,6,1993.99,1,3,3,At risk,4
12976,United Kingdom,2010-02-12,2011-05-12,2010-02-01,212,8,3156.38,2,4,4,At risk,4
12977,United Kingdom,2010-07-16,2011-07-06,2010-07-01,157,4,513.88,2,3,2,Lost,5
12978,United Kingdom,2009-12-10,2010-11-19,2009-12-01,386,5,2496.07,1,3,4,At risk,4
12979,United Arab Emirates,2009-12-10,2009-12-10,2009-12-01,730,1,479.54,1,1,2,Lost,5
12980,United Kingdom,2009-12-02,2011-07-05,2009-12-01,158,21,15909.39,2,4,4,At risk,4
12981,United Kingdom,2011-07-29,2011-11-10,2011-07-01,30,2,372.22,3,2,2,Loyal,2
12982,United Kingdom,2010-04-12,2011-04-11,2010-04-01,243,8,2562.12,2,4,4,At risk,4
12983,United Kingdom,2010-04-20,2010-04-20,2010-04-01,599,1,490.08,1,1,2,Lost,5
12984,United Kingdom,2011-11-21,2011-11-21,2011-11-01,19,1,97.5,4,1,1,New,3
12985,United Kingdom,2011-11-11,2011-12-09,2011-11-01,1,2,1215.62,4,2,3,Loyal,2
12986,United Kingdom,2010-01-21,2010-10-07,2010-01-01,429,10,1998.34,1,4,3,At risk,4
12987,United Kingdom,2010-01-20,2011-09-27,2010-01-01,74,5,1298.51,3,3,3,Champions,1
12988,United Kingdom,2011-02-20,2011-02-20,2011-02-01,293,1,505.82,2,1,2,Lost,5
12989,United Kingdom,2009-12-10,2011-12-06,2009-12-01,4,33,12846.8,4,4,4,Champions,1
12990,United Kingdom,2010-03-30,2011-11-08,2010-03-01,32,7,955.5,3,3,3,Champions,1
12991,United Kingdom,2010-11-15,2011-11-16,2010-11-01,24,3,764.82,4,2,2,Loyal,2
12992,United Kingdom,2009-12-14,2009-12-14,2009-12-01,726,1,93.35,1,1,1,Lost,5
12993,United Kingdom,2010-02-18,2011-11-16,2010-02-01,24,8,1191.26,4,4,3,Champions,1
12994,United Kingdom,2011-03-16,2011-12-05,2011-03-01,5,3,902.22,4,2,3,Loyal,2
12995,United Kingdom,2011-09-15,2011-09-15,2011-09-01,86,1,200.72,3,1,1,New,3
12996,United Kingdom,2010-11-29,2010-11-29,2010-11-01,376,1,355.5,2,1,2,Lost,5
12997,United Kingdom,2010-04-06,2011-11-17,2010-04-01,23,8,2065.11,4,4,3,Champions,1
12998,United Kingdom,2010-02-24,2010-08-04,2010-02-01,493,3,897.38,1,2,3,Lost,5
12999,United Kingdom,2011-04-08,2011-05-27,2011-04-01,197,3,455.88,2,2,2,Lost,5
13000,United Kingdom,2009-12-14,2011-08-25,2009-12-01,107,4,965.0,2,3,3,At risk,4
13001,United Kingdom,2009-12-03,2011-12-05,2009-12-01,5,33,24006.6,4,4,4,Champions,1
13002,United Kingdom,2010-10-01,2011-01-25,2010-10-01,319,3,414.13,2,2,2,Lost,5
13003,United Kingdom,2011-05-09,2011-08-26,2011-05-01,106,3,149.05,2,2,1,Lost,5
13004,United Kingdom,2009-12-15,2011-11-28,2009-12-01,12,36,11143.99,4,4,4,Champions,1
13005,United Kingdom,2010-09-08,2011-06-19,2010-09-01,174,4,935.03,2,3,3,At risk,4
13006,United Kingdom,2011-10-14,2011-10-14,2011-10-01,57,1,81.57,3,1,1,New,3
13007,United Kingdom,2010-05-09,2010-05-09,2010-05-01,580,1,175.25,1,1,1,Lost,5
13008,United Kingdom,2009-12-16,2011-01-20,2009-12-01,324,3,543.28,2,2,2,Lost,5
13009,United Kingdom,2010-02-05,2010-02-05,2010-02-01,673,1,234.0,1,1,1,Lost,5
13010,United Kingdom,2010-03-01,2010-11-30,2010-03-01,375,2,330.12,2,2,1,Lost,5
13011,United Kingdom,2010-12-02,2010-12-02,2010-12-01,373,1,50.55,2,1,1,Lost,5
13012,United Kingdom,2010-04-26,2011-11-30,2010-04-01,10,11,2581.28,4,4,4,Champions,1
13013,United Kingdom,2009-12-14,2011-12-08,2009-12-01,2,29,11073.48,4,4,4,Champions,1
13014,United Kingdom,2010-10-03,2011-11-29,2010-10-01,11,11,5220.83,4,4,4,Champions,1
13015,United Kingdom,2010-04-15,2011-10-17,2010-04-01,54,11,6459.08,3,4,4,Champions,1
13016,United Kingdom,2011-08-08,2011-09-27,2011-08-01,74,3,789.89,3,2,2,Loyal,2
13017,United Kingdom,2011-12-02,2011-12-02,2011-12-01,8,1,204.0,4,1,1,New,3
13018,United Kingdom,2010-03-01,2011-11-23,2010-03-01,17,35,9742.81,4,4,4,Champions,1
13019,United Kingdom,2009-12-06,2010-11-25,2009-12-01,380,6,1212.95,1,3,3,At risk,4
13020,United Kingdom,2010-02-18,2010-05-26,2010-02-01,563,2,606.96,1,2,2,Lost,5
13021,United Kingdom,2009-12-05,2011-12-05,2009-12-01,5,17,4806.66,4,4,4,Champions,1
13022,Belgium,2010-10-06,2010-10-06,2010-10-01,430,1,50.3,1,1,1,Lost,5
13023,United Kingdom,2010-06-29,2011-10-06,2010-06-01,65,3,1251.03,3,2,3,Loyal,2
13024,United Kingdom,2010-05-06,2010-08-26,2010-05-01,471,2,535.42,1,2,2,Lost,5
13025,United Kingdom,2009-12-08,2009-12-08,2009-12-01,732,1,323.39,1,1,1,Lost,5
13026,United Kingdom,2009-12-13,2011-12-08,2009-12-01,2,9,1697.74,4,4,3,Champions,1
13027,United Kingdom,2010-01-20,2011-08-18,2010-01-01,114,19,17143.2,2,4,4,At risk,4
13028,United Kingdom,2011-10-25,2011-11-17,2011-10-01,23,2,659.68,4,2,2,Loyal,2
13029,United Kingdom,2010-07-04,2011-11-09,2010-07-01,31,5,1927.3,3,3,3,Champions,1
13030,United Kingdom,2010-12-06,2011-11-28,2010-12-01,12,2,752.44,4,2,2,Loyal,2
13031,United Kingdom,2010-06-03,2010-10-28,2010-06-01,408,5,3292.84,1,3,4,At risk,4
13032,United Kingdom,2010-09-05,2011-10-18,2010-09-01,53,9,2790.0,3,4,4,Champions,1
13033,United Kingdom,2010-10-06,2010-12-17,2010-10-01,358,2,220.55,2,2,1,Lost,5
13034,United Kingdom,2010-11-03,2011-10-16,2010-11-01,55,3,756.82,3,2,2,Loyal,2
13035,United Kingdom,2010-10-04,2011-09-27,2010-10-01,74,3,1328.95,3,2,3,Loyal,2
13036,United Kingdom,2010-01-24,2010-01-24,2010-01-01,685,1,307.1,1,1,1,Lost,5
13037,United Kingdom,2009-12-03,2011-07-24,2009-12-01,139,12,3842.55,2,4,4,At risk,4
13038,United Kingdom,2011-02-22,2011-09-20,2011-02-01,81,3,908.46,3,2,3,Loyal,2
13039,United Kingdom,2009-12-17,2010-05-04,2009-12-01,585,4,1010.73,1,3,3,At risk,4
13040,United Kingdom,2011-11-06,2011-12-01,2011-11-01,9,2,676.99,4,2,2,Loyal,2
13041,United Kingdom,2010-04-29,2010-09-15,2010-04-01,451,4,799.13,1,3,2,Lost,5
13042,United Kingdom,2009-12-07,2010-04-20,2009-12-01,599,3,1454.84,1,2,3,Lost,5
13043,United Kingdom,2011-03-11,2011-03-11,2011-03-01,274,1,471.57,2,1,2,Lost,5
13044,United Kingdom,2010-01-08,2011-02-21,2010-01-01,292,11,4818.35,2,4,4,At risk,4
13045,United Kingdom,2010-08-10,2011-09-01,2010-08-01,100,3,808.92,2,2,2,Lost,5
13046,United Kingdom,2010-09-09,2011-11-09,2010-09-01,31,3,949.25,3,2,3,Loyal,2
13047,United Kingdom,2009-12-16,2011-10-14,2009-12-01,57,23,8110.09,3,4,4,Champions,1
13048,United Kingdom,2010-01-27,2011-11-25,2010-01-01,15,9,4000.08,4,4,4,Champions,1
13049,United Kingdom,2010-11-03,2011-10-06,2010-11-01,65,4,1384.14,3,3,3,Champions,1
13050,United Kingdom,2009-12-15,2011-11-25,2009-12-01,15,34,11525.54,4,4,4,Champions,1
13051,United Kingdom,2010-03-30,2010-05-10,2010-03-01,579,2,155.8,1,2,1,Lost,5
13052,United Kingdom,2010-02-23,2011-05-11,2010-02-01,213,7,3118.48,2,3,4,At risk,4
13053,United Kingdom,2010-03-28,2010-03-28,2010-03-01,622,1,127.65,1,1,1,Lost,5
13055,United Kingdom,2010-10-06,2011-09-22,2010-10-01,79,4,2292.51,3,3,4,Champions,1
13056,United Kingdom,2010-06-06,2010-06-06,2010-06-01,552,1,209.48,1,1,1,Lost,5
13057,United Kingdom,2010-03-18,2010-06-27,2010-03-01,531,3,528.24,1,2,2,Lost,5
13058,United Kingdom,2011-07-11,2011-11-15,2011-07-01,25,3,271.4,4,2,1,Loyal,2
13059,United Kingdom,2010-03-31,2011-04-04,2010-03-01,250,10,2261.22,2,4,4,At risk,4
13060,United Kingdom,2011-03-31,2011-03-31,2011-03-01,254,1,307.53,2,1,1,Lost,5
13061,United Kingdom,2011-09-28,2011-09-28,2011-09-01,73,1,248.61,3,1,1,New,3
13062,United Kingdom,2011-06-01,2011-06-01,2011-06-01,192,1,346.98,2,1,2,Lost,5
13063,United Kingdom,2010-08-16,2010-08-16,2010-08-01,481,1,188.4,1,1,1,Lost,5
13064,United Kingdom,2010-04-27,2011-11-27,2010-04-01,13,6,1666.84,4,3,3,Champions,1
13065,United Kingdom,2010-06-10,2010-12-01,2010-06-01,374,5,1050.1,2,3,3,At risk,4
13066,United Kingdom,2011-11-07,2011-11-15,2011-11-01,25,2,430.9,4,2,2,Loyal,2
13067,United Kingdom,2010-09-19,2011-09-18,2010-09-01,83,3,508.51,3,2,2,Loyal,2
13068,United Kingdom,2011-01-24,2011-11-29,2011-01-01,11,2,344.0,4,2,2,Loyal,2
13069,United Kingdom,2010-06-14,2011-12-09,2010-06-01,1,38,8358.79,4,4,4,Champions,1
13070,United Kingdom,2009-12-07,2011-05-31,2009-12-01,193,4,743.9,2,3,2,Lost,5
13071,United Kingdom,2010-04-06,2010-04-06,2010-04-01,613,1,129.22,1,1,1,Lost,5
13072,United Kingdom,2011-03-18,2011-03-18,2011-03-01,267,1,177.15,2,1,1,Lost,5
13073,United Kingdom,2010-09-28,2010-10-24,2010-09-01,412,2,418.08,1,2,2,Lost,5
13074,United Kingdom,2009-12-16,2010-07-16,2009-12-01,512,4,1362.84,1,3,3,At risk,4
13075,United Kingdom,2011-08-02,2011-08-02,2011-08-01,130,1,919.61,2,1,3,Lost,5
13076,United Kingdom,2010-09-08,2010-09-08,2010-09-01,458,1,135.4,1,1,1,Lost,5
13077,United Kingdom,2009-12-11,2011-12-08,2009-12-01,2,11,2716.15,4,4,4,Champions,1
13078,United Kingdom,2009-12-01,2011-12-06,2009-12-01,4,57,28369.44,4,4,4,Champions,1
13079,United Kingdom,2010-10-18,2011-12-05,2010-10-01,5,6,419.18,4,3,2,Loyal,2
13080,United Kingdom,2010-04-09,2011-06-13,2010-04-01,180,4,260.83,2,3,1,Lost,5
13081,United Kingdom,2009-12-08,2011-11-28,2009-12-01,12,28,55968.97,4,4,4,Champions,1
13082,United Kingdom,2009-12-22,2011-08-05,2009-12-01,127,21,7268.92,2,4,4,At risk,4
13083,United Kingdom,2010-10-10,2011-12-05,2010-10-01,5,3,395.43,4,2,2,Loyal,2
13084,United Kingdom,2010-08-05,2010-08-05,2010-08-01,492,1,116.45,1,1,1,Lost,5
13085,United Kingdom,2009-12-01,2011-07-05,2009-12-01,158,8,2289.58,2,4,4,At risk,4
13086,United Kingdom,2010-11-22,2010-11-22,2010-11-01,383,1,439.33,1,1,2,Lost,5
13087,United Kingdom,2009-12-13,2009-12-13,2009-12-01,727,1,313.64,1,1,1,Lost,5
13088,United Kingdom,2010-10-18,2010-10-18,2010-10-01,418,1,236.11,1,1,1,Lost,5
13089,United Kingdom,2009-12-02,2011-12-07,2009-12-01,3,203,109893.24,4,4,4,Champions,1
13090,United Kingdom,2010-08-02,2011-12-01,2010-08-01,9,23,12744.93,4,4,4,Champions,1
13092,United Kingdom,2010-02-10,2011-09-30,2010-02-01,71,12,2007.33,3,4,3,Champions,1
13093,United Kingdom,2009-12-04,2011-03-09,2009-12-01,276,55,53283.3,2,4,4,At risk,4
13094,United Kingdom,2010-11-15,2011-11-18,2010-11-01,22,13,1990.98,4,4,3,Champions,1
13095,United Kingdom,2011-09-30,2011-09-30,2011-09-01,71,1,74.4,3,1,1,New,3
13096,United Kingdom,2010-11-10,2010-11-10,2010-11-01,395,1,419.7,1,1,2,Lost,5
13097,United Kingdom,2009-12-01,2011-11-07,2009-12-01,33,27,12811.56,3,4,4,Champions,1
13098,United Kingdom,2011-01-26,2011-12-08,2011-01-01,2,28,28658.88,4,4,4,Champions,1
13099,United Kingdom,2011-09-01,2011-09-01,2011-09-01,100,1,207.36,2,1,1,Lost,5
13101,United Kingdom,2010-01-27,2011-04-19,2010-01-01,235,4,695.4,2,3,2,Lost,5
13102,United Kingdom,2010-05-06,2011-12-08,2010-05-01,2,37,11123.3,4,4,4,Champions,1
13103,United Kingdom,2010-05-11,2011-10-31,2010-05-01,40,3,709.64,3,2,2,Loyal,2
13104,United Kingdom,2010-02-24,2011-12-06,2010-02-01,4,9,1709.1,4,4,3,Champions,1
13105,United Kingdom,2010-09-29,2010-09-29,2010-09-01,437,1,72.0,1,1,1,Lost,5
13106,United Kingdom,2010-10-22,2011-07-29,2010-10-01,134,2,586.46,2,2,2,Lost,5
13107,United Kingdom,2010-02-04,2011-10-26,2010-02-01,45,9,5109.62,3,4,4,Champions,1
13108,United Kingdom,2010-09-30,2010-12-02,2010-09-01,373,2,748.46,2,2,2,Lost,5
13109,United Kingdom,2010-06-06,2011-10-11,2010-06-01,60,3,1107.58,3,2,3,Loyal,2
13110,United Kingdom,2009-12-01,2011-11-08,2009-12-01,32,12,2896.17,3,4,4,Champions,1
13111,United Kingdom,2009-12-21,2009-12-21,2009-12-01,719,1,321.88,1,1,1,Lost,5
13113,United Kingdom,2010-03-28,2011-12-09,2010-03-01,1,37,16250.09,4,4,4,Champions,1
13114,United Kingdom,2009-12-09,2009-12-09,2009-12-01,731,1,234.38,1,1,1,Lost,5
13115,United Kingdom,2010-04-19,2011-11-28,2010-04-01,12,10,5379.45,4,4,4,Champions,1
13116,United Kingdom,2011-07-24,2011-07-24,2011-07-01,139,1,485.19,2,1,2,Lost,5
13117,United Kingdom,2010-03-26,2011-11-18,2010-03-01,22,18,2253.96,4,4,4,Champions,1
13118,United Kingdom,2010-09-26,2011-11-20,2010-09-01,20,9,2334.1,4,4,4,Champions,1
13119,United Kingdom,2010-02-09,2010-02-09,2010-02-01,669,1,134.9,1,1,1,Lost,5
13120,United Kingdom,2011-04-15,2011-04-15,2011-04-01,239,1,30.6,2,1,1,Lost,5
13121,United Kingdom,2011-03-15,2011-03-15,2011-03-01,270,1,254.73,2,1,1,Lost,5
13122,United Kingdom,2011-04-13,2011-09-06,2011-04-01,95,2,922.39,3,2,3,Loyal,2
13123,United Kingdom,2010-06-28,2010-08-24,2010-06-01,473,2,506.75,1,2,2,Lost,5
13124,United Kingdom,2010-11-19,2011-09-11,2010-11-01,90,4,4641.66,3,3,4,Champions,1
13125,United Kingdom,2010-07-04,2010-07-04,2010-07-01,524,1,148.62,1,1,1,Lost,5
13126,United Kingdom,2010-03-02,2011-12-05,2010-03-01,5,13,3679.03,4,4,4,Champions,1
13127,United Kingdom,2011-09-23,2011-09-23,2011-09-01,78,1,259.17,3,1,1,New,3
13128,United Kingdom,2010-03-18,2010-03-18,2010-03-01,632,1,263.5,1,1,1,Lost,5
13129,United Kingdom,2010-06-28,2010-09-13,2010-06-01,453,2,233.25,1,2,1,Lost,5
13130,United Kingdom,2011-09-06,2011-09-06,2011-09-01,95,1,64.0,3,1,1,New,3
13131,United Kingdom,2010-02-09,2011-11-16,2010-02-01,24,7,3279.77,4,3,4,Champions,1
13132,United Kingdom,2011-03-23,2011-03-23,2011-03-01,262,1,77.3,2,1,1,Lost,5
13133,United Kingdom,2010-09-06,2011-03-11,2010-09-01,274,3,200.45,2,2,1,Lost,5
13134,United Kingdom,2010-10-19,2011-09-15,2010-10-01,86,6,2422.28,3,3,4,Champions,1
13135,United Kingdom,2010-08-05,2011-05-27,2010-08-01,197,2,3371.45,2,2,4,At risk,4
13136,United Kingdom,2009-12-08,2011-10-14,2009-12-01,57,13,6119.75,3,4,4,Champions,1
13137,United Kingdom,2010-07-25,2011-11-29,2010-07-01,11,16,7586.94,4,4,4,Champions,1
13138,United Kingdom,2010-11-08,2011-11-17,2010-11-01,23,7,1261.26,4,3,3,Champions,1
13139,United Kingdom,2010-09-28,2011-11-23,2010-09-01,17,8,8193.83,4,4,4,Champions,1
13140,United Kingdom,2010-08-05,2011-08-23,2010-08-01,109,5,1054.92,2,3,3,At risk,4
13141,United Kingdom,2009-12-09,2011-09-16,2009-12-01,85,17,7524.13,3,4,4,Champions,1
13142,United Kingdom,2011-11-20,2011-11-20,2011-11-01,20,1,307.09,4,1,1,New,3
13143,United Kingdom,2010-05-04,2010-05-04,2010-05-01,585,1,399.2,1,1,2,Lost,5
13144,United Kingdom,2010-10-04,2011-01-11,2010-10-01,333,2,135.35,2,2,1,Lost,5
13145,United Kingdom,2010-04-19,2011-10-31,2010-04-01,40,7,1124.77,3,3,3,Champions,1
13146,United Kingdom,2011-11-13,2011-11-13,2011-11-01,27,1,228.91,3,1,1,New,3
13147,United Kingdom,2011-09-01,2011-11-29,2011-09-01,11,4,712.8,4,3,2,Loyal,2
13148,United Kingdom,2009-12-07,2011-11-10,2009-12-01,30,26,7990.11,3,4,4,Champions,1
13149,United Kingdom,2011-02-23,2011-11-25,2011-02-01,15,4,1676.06,4,3,3,Champions,1
13150,United Kingdom,2010-03-19,2010-08-12,2010-03-01,485,3,435.02,1,2,2,Lost,5
13151,United Kingdom,2010-03-22,2011-02-17,2010-03-01,296,3,2385.66,2,2,4,At risk,4
13152,United Kingdom,2010-01-14,2010-10-18,2010-01-01,418,7,2114.98,1,3,3,At risk,4
13153,United Kingdom,2011-12-04,2011-12-04,2011-12-01,6,1,486.22,4,1,2,New,3
13154,United Kingdom,2009-12-04,2010-11-05,2009-12-01,400,3,1609.29,1,2,3,Lost,5
13155,United Kingdom,2010-08-05,2011-11-06,2010-08-01,34,6,1370.48,3,3,3,Champions,1
13156,United Kingdom,2010-02-01,2010-11-19,2010-02-01,386,3,1586.54,1,2,3,Lost,5
13157,United Kingdom,2010-03-08,2011-10-21,2010-03-01,50,9,5667.71,3,4,4,Champions,1
13158,United Kingdom,2010-11-16,2011-09-06,2010-11-01,95,5,1508.18,3,3,3,Champions,1
13159,United Kingdom,2011-08-16,2011-12-01,2011-08-01,9,4,1371.25,4,3,3,Champions,1
13160,United Kingdom,2011-11-17,2011-11-17,2011-11-01,23,1,91.8,4,1,1,New,3
13161,United Kingdom,2010-07-27,2011-01-30,2010-07-01,314,2,472.13,2,2,2,Lost,5
13162,United Kingdom,2009-12-04,2011-08-09,2009-12-01,123,16,9116.94,2,4,4,At risk,4
13164,United Kingdom,2010-02-10,2010-05-19,2010-02-01,570,2,308.45,1,2,1,Lost,5
13165,United Kingdom,2010-10-22,2011-10-24,2010-10-01,47,3,1451.16,3,2,3,Loyal,2
13166,United Kingdom,2010-10-21,2011-03-01,2010-10-01,284,2,873.43,2,2,3,Lost,5
13167,United Kingdom,2010-11-14,2011-11-21,2010-11-01,19,5,1113.15,4,3,3,Champions,1
13168,United Kingdom,2010-06-15,2011-11-03,2010-06-01,37,5,1831.68,3,3,3,Champions,1
13169,United Kingdom,2010-05-26,2011-10-07,2010-05-01,64,3,840.08,3,2,2,Loyal,2
13170,United Kingdom,2011-11-13,2011-11-13,2011-11-01,27,1,108.81,3,1,1,New,3
13171,United Kingdom,2011-02-13,2011-11-18,2011-02-01,22,3,426.81,4,2,2,Loyal,2
13172,United Kingdom,2010-11-04,2010-11-04,2010-11-01,401,1,69.6,1,1,1,Lost,5
13173,United Kingdom,2009-12-10,2011-12-05,2009-12-01,5,11,2370.97,4,4,4,Champions,1
13174,United Kingdom,2009-12-04,2011-11-23,2009-12-01,17,11,7972.46,4,4,4,Champions,1
13175,United Kingdom,2009-12-04,2010-05-06,2009-12-01,583,2,793.1,1,2,2,Lost,5
13176,United Kingdom,2011-10-24,2011-10-24,2011-10-01,47,1,481.49,3,1,2,New,3
13177,United Kingdom,2010-10-05,2011-10-06,2010-10-01,65,2,512.2,3,2,2,Loyal,2
13178,United Kingdom,2009-12-16,2011-11-13,2009-12-01,27,21,13997.89,3,4,4,Champions,1
13179,United Kingdom,2010-03-31,2010-03-31,2010-03-01,619,1,572.31,1,1,2,Lost,5
13180,United Kingdom,2010-04-11,2010-04-11,2010-04-01,608,1,86.1,1,1,1,Lost,5
13181,United Kingdom,2010-11-23,2010-11-23,2010-11-01,382,1,359.69,1,1,2,Lost,5
13182,United Kingdom,2011-10-25,2011-10-25,2011-10-01,46,1,121.18,3,1,1,New,3
13183,United Kingdom,2010-03-14,2011-12-02,2010-03-01,8,15,7010.88,4,4,4,Champions,1
13184,United Kingdom,2011-02-22,2011-11-25,2011-02-01,15,10,1615.45,4,4,3,Champions,1
13185,United Kingdom,2011-03-17,2011-03-17,2011-03-01,268,1,71.4,2,1,1,Lost,5
13186,United Kingdom,2011-08-03,2011-10-31,2011-08-01,40,3,1539.69,3,2,3,Loyal,2
13187,United Kingdom,2010-03-25,2011-01-06,2010-03-01,338,4,309.66,2,3,1,Lost,5
13188,United Kingdom,2011-11-28,2011-11-28,2011-11-01,12,1,114.6,4,1,1,New,3
13189,United Kingdom,2011-08-16,2011-11-21,2011-08-01,19,2,260.68,4,2,1,Loyal,2
13190,United Kingdom,2009-12-07,2010-06-13,2009-12-01,545,3,518.76,1,2,2,Lost,5
13191,United Kingdom,2010-02-19,2010-02-19,2010-02-01,659,1,159.21,1,1,1,Lost,5
13192,United Kingdom,2010-01-22,2011-09-05,2010-01-01,96,6,2544.53,2,3,4,At risk,4
13193,United Kingdom,2011-10-09,2011-10-09,2011-10-01,62,1,112.08,3,1,1,New,3
13194,United Kingdom,2010-10-14,2011-07-27,2010-10-01,136,2,472.78,2,2,2,Lost,5
13195,United Kingdom,2010-10-21,2010-10-21,2010-10-01,415,1,136.73,1,1,1,Lost,5
13196,United Kingdom,2010-04-01,2011-11-28,2010-04-01,12,7,3059.64,4,3,4,Champions,1
13197,United Kingdom,2010-04-09,2010-04-09,2010-04-01,610,1,373.01,1,1,2,Lost,5
13198,United Kingdom,2010-10-01,2011-11-29,2010-10-01,11,8,4912.28,4,4,4,Champions,1
13199,United Kingdom,2009-12-05,2011-12-06,2009-12-01,4,66,15921.3,4,4,4,Champions,1
13200,United Kingdom,2011-08-05,2011-11-20,2011-08-01,20,4,870.09,4,3,3,Champions,1
13201,United Kingdom,2010-03-07,2010-07-25,2010-03-01,503,4,1233.06,1,3,3,At risk,4
13202,United Kingdom,2009-12-09,2010-11-10,2009-12-01,395,7,1571.35,1,3,3,At risk,4
13203,United Kingdom,2009-12-17,2011-11-30,2009-12-01,10,10,2630.55,4,4,4,Champions,1
13204,United Kingdom,2009-12-08,2009-12-08,2009-12-01,732,1,966.66,1,1,3,Lost,5
13205,United Kingdom,2010-09-22,2010-09-22,2010-09-01,444,1,2803.2,1,1,4,Lost,5
13206,United Kingdom,2009-12-07,2010-11-04,2009-12-01,401,13,8308.19,1,4,4,At risk,4
13207,United Kingdom,2010-04-06,2011-11-24,2010-04-01,16,4,535.86,4,3,2,Loyal,2
13208,United Kingdom,2009-12-03,2011-10-11,2009-12-01,60,8,1951.82,3,4,3,Champions,1
13209,United Kingdom,2010-01-24,2011-11-09,2010-01-01,31,13,8438.06,3,4,4,Champions,1
13210,United Kingdom,2011-09-07,2011-09-07,2011-09-01,94,1,353.48,3,1,2,New,3
13211,United Kingdom,2009-12-06,2011-11-29,2009-12-01,11,10,2596.32,4,4,4,Champions,1
13212,United Kingdom,2011-10-09,2011-11-20,2011-10-01,20,3,779.33,4,2,2,Loyal,2
13213,United Kingdom,2010-05-20,2011-10-14,2010-05-01,57,11,3834.62,3,4,4,Champions,1
13214,United Kingdom,2010-03-03,2010-10-18,2010-03-01,418,7,3264.23,1,3,4,At risk,4
13215,United Kingdom,2010-11-02,2010-11-02,2010-11-01,403,1,81.6,1,1,1,Lost,5
13216,United Kingdom,2011-03-17,2011-03-17,2011-03-01,268,1,333.74,2,1,1,Lost,5
13217,United Kingdom,2010-02-22,2011-08-09,2010-02-01,123,4,266.12,2,3,1,Lost,5
13218,United Kingdom,2011-08-04,2011-08-04,2011-08-01,128,1,62.64,2,1,1,Lost,5
13219,United Kingdom,2010-03-31,2010-03-31,2010-03-01,619,1,76.23,1,1,1,Lost,5
13220,United Kingdom,2010-05-13,2011-09-22,2010-05-01,79,5,1336.09,3,3,3,Champions,1
13221,United Kingdom,2010-12-15,2011-04-13,2010-12-01,241,2,844.86,2,2,3,Lost,5
13222,United Kingdom,2010-05-11,2010-05-11,2010-05-01,578,1,88.5,1,1,1,Lost,5
13223,United Kingdom,2010-02-12,2011-05-23,2010-02-01,201,6,969.12,2,3,3,At risk,4
13224,United Kingdom,2011-07-11,2011-10-10,2011-07-01,61,2,2147.85,3,2,3,Loyal,2
13225,United Kingdom,2009-12-17,2011-12-06,2009-12-01,4,16,15879.27,4,4,4,Champions,1
13226,United Kingdom,2010-11-11,2011-03-11,2010-11-01,274,2,312.46,2,2,1,Lost,5
13227,United Kingdom,2011-05-22,2011-05-22,2011-05-01,202,1,257.7,2,1,1,Lost,5
13228,United Kingdom,2011-09-19,2011-09-19,2011-09-01,82,1,358.0,3,1,2,New,3
13229,United Kingdom,2011-04-28,2011-04-28,2011-04-01,226,1,160.95,2,1,1,Lost,5
13230,United Kingdom,2010-03-18,2011-12-05,2010-03-01,5,30,6065.95,4,4,4,Champions,1
13232,United Kingdom,2011-04-10,2011-11-27,2011-04-01,13,7,1327.75,4,3,3,Champions,1
13233,United Kingdom,2010-01-14,2011-09-26,2010-01-01,75,4,1176.46,3,3,3,Champions,1
13234,United Kingdom,2009-12-07,2010-02-05,2009-12-01,673,2,346.5,1,2,2,Lost,5
13235,United Kingdom,2011-05-11,2011-05-11,2011-05-01,213,1,1031.07,2,1,3,Lost,5
13236,United Kingdom,2011-08-25,2011-11-15,2011-08-01,25,2,727.27,4,2,2,Loyal,2
13237,United Kingdom,2010-11-17,2010-11-17,2010-11-01,388,1,643.0,1,1,2,Lost,5
13238,United Kingdom,2010-04-28,2011-11-22,2010-04-01,18,6,986.73,4,3,3,Champions,1
13239,United Kingdom,2010-07-25,2011-03-23,2010-07-01,262,5,1579.84,2,3,3,At risk,4
13240,United Kingdom,2010-02-25,2011-09-04,2010-02-01,97,8,1378.04,2,4,3,At risk,4
13241,United Kingdom,2010-10-24,2010-10-24,2010-10-01,412,1,112.53,1,1,1,Lost,5
13242,United Kingdom,2010-02-09,2011-08-19,2010-02-01,113,7,699.4,2,3,2,Lost,5
13243,United Kingdom,2010-03-18,2011-05-20,2010-03-01,204,5,1220.38,2,3,3,At risk,4
13244,United Kingdom,2011-09-08,2011-09-08,2011-09-01,93,1,121.74,3,1,1,New,3
13245,United Kingdom,2010-10-03,2011-10-20,2010-10-01,51,2,989.22,3,2,3,Loyal,2
13246,United Kingdom,2010-07-02,2011-11-21,2010-07-01,19,11,3242.0,4,4,4,Champions,1
13247,United Kingdom,2011-09-18,2011-11-22,2011-09-01,18,4,501.12,4,3,2,Loyal,2
13248,United Kingdom,2011-06-03,2011-08-07,2011-06-01,125,2,465.68,2,2,2,Lost,5
13249,United Kingdom,2010-01-24,2011-09-08,2010-01-01,93,9,1608.93,3,4,3,Champions,1
13250,United Kingdom,2010-07-25,2010-09-05,2010-07-01,461,2,245.59,1,2,1,Lost,5
13251,United Kingdom,2010-11-02,2010-11-02,2010-11-01,403,1,252.68,1,1,1,Lost,5
13252,United Kingdom,2010-03-24,2010-11-10,2010-03-01,395,2,341.3,1,2,2,Lost,5
13253,United Kingdom,2010-01-05,2011-07-06,2010-01-01,157,4,2951.11,2,3,4,At risk,4
13254,United Kingdom,2010-11-28,2010-11-28,2010-11-01,377,1,51.41,2,1,1,Lost,5
13255,United Kingdom,2010-07-15,2011-11-30,2010-07-01,10,3,669.91,4,2,2,Loyal,2
13257,United Kingdom,2010-09-29,2010-09-29,2010-09-01,437,1,117.95,1,1,1,Lost,5
13258,United Kingdom,2010-11-04,2011-11-28,2010-11-01,12,5,1009.43,4,3,3,Champions,1
13259,United Kingdom,2010-01-10,2011-10-09,2010-01-01,62,9,1398.79,3,4,3,Champions,1
13260,United Kingdom,2011-10-09,2011-10-09,2011-10-01,62,1,557.62,3,1,2,New,3
13261,United Kingdom,2011-02-27,2011-03-16,2011-02-01,269,2,944.1,2,2,3,Lost,5
13262,United Kingdom,2010-04-18,2011-03-21,2010-04-01,264,3,573.45,2,2,2,Lost,5
13263,United Kingdom,2010-10-22,2011-12-08,2010-10-01,2,38,8650.98,4,4,4,Champions,1
13264,United Kingdom,2010-09-23,2010-09-23,2010-09-01,443,1,722.56,1,1,2,Lost,5
13265,United Kingdom,2011-03-11,2011-10-17,2011-03-01,54,5,2092.66,3,3,3,Champions,1
13266,United Kingdom,2009-12-17,2011-11-28,2009-12-01,12,19,5965.3,4,4,4,Champions,1
13267,United Kingdom,2009-12-07,2011-12-07,2009-12-01,3,36,9212.06,4,4,4,Champions,1
13268,United Kingdom,2011-03-17,2011-11-22,2011-03-01,18,10,3105.66,4,4,4,Champions,1
13269,United Kingdom,2009-12-02,2011-12-08,2009-12-01,2,28,8507.01,4,4,4,Champions,1
13270,United Kingdom,2010-12-08,2010-12-08,2010-12-01,367,1,590.0,2,1,2,Lost,5
13271,United Kingdom,2011-11-02,2011-11-02,2011-11-01,38,1,172.37,3,1,1,New,3
13272,United Kingdom,2011-09-11,2011-11-08,2011-09-01,32,2,276.56,3,2,1,Loyal,2
13273,United Kingdom,2011-08-18,2011-08-18,2011-08-01,114,1,138.98,2,1,1,Lost,5
13274,United Kingdom,2010-10-26,2010-10-26,2010-10-01,410,1,360.85,1,1,2,Lost,5
13275,United Kingdom,2010-03-17,2010-11-21,2010-03-01,384,2,238.86,1,2,1,Lost,5
13276,United Kingdom,2010-03-07,2011-10-07,2010-03-01,64,5,1871.21,3,3,3,Champions,1
13277,United Kingdom,2010-06-18,2011-11-24,2010-06-01,16,7,523.3,4,3,2,Loyal,2
13278,United Kingdom,2010-04-08,2011-10-30,2010-04-01,41,4,1425.35,3,3,3,Champions,1
13279,United Kingdom,2011-09-22,2011-09-22,2011-09-01,79,1,126.3,3,1,1,New,3
13280,United Kingdom,2010-03-05,2011-08-09,2010-03-01,123,7,2267.83,2,3,4,At risk,4
13281,United Kingdom,2010-09-26,2010-09-26,2010-09-01,440,1,306.45,1,1,1,Lost,5
13282,United Kingdom,2010-10-29,2011-11-21,2010-10-01,19,4,1228.89,4,3,3,Champions,1
13283,United Kingdom,2010-03-09,2011-10-11,2010-03-01,60,4,373.36,3,3,2,Loyal,2
13284,United Kingdom,2011-01-13,2011-01-13,2011-01-01,331,1,196.15,2,1,1,Lost,5
13285,United Kingdom,2010-03-25,2011-11-16,2010-03-01,24,6,3364.59,4,3,4,Champions,1
13286,United Kingdom,2010-04-18,2010-04-18,2010-04-01,601,1,734.91,1,1,2,Lost,5
13287,United Kingdom,2010-01-04,2010-04-15,2010-01-01,604,3,519.67,1,2,2,Lost,5
13288,United Kingdom,2010-02-11,2010-09-22,2010-02-01,444,5,892.16,1,3,3,At risk,4
13289,United Kingdom,2009-12-16,2009-12-16,2009-12-01,724,1,307.95,1,1,1,Lost,5
13291,United Kingdom,2010-02-11,2011-07-07,2010-02-01,156,11,3270.79,2,4,4,At risk,4
13292,United Kingdom,2010-07-01,2011-11-01,2010-07-01,39,5,987.79,3,3,3,Champions,1
13293,United Kingdom,2010-02-09,2010-11-12,2010-02-01,393,6,1180.34,1,3,3,At risk,4
13294,United Kingdom,2010-03-03,2011-06-03,2010-03-01,190,3,1689.53,2,2,3,Lost,5
13295,United Kingdom,2010-05-12,2010-12-15,2010-05-01,360,4,1061.27,2,3,3,At risk,4
13296,United Kingdom,2010-05-11,2011-07-25,2010-05-01,138,6,792.51,2,3,2,Lost,5
13297,United Kingdom,2010-06-15,2011-12-02,2010-06-01,8,7,4352.67,4,3,4,Champions,1
13298,United Kingdom,2011-12-08,2011-12-08,2011-12-01,2,1,360.0,4,1,2,New,3
13299,United Kingdom,2010-06-29,2011-03-16,2010-06-01,269,3,1173.3,2,2,3,Lost,5
13300,United Kingdom,2010-05-14,2011-06-23,2010-05-01,170,3,1267.21,2,2,3,Lost,5
13301,United Kingdom,2011-02-20,2011-08-28,2011-02-01,104,4,600.19,2,3,2,Lost,5
13302,United Kingdom,2010-07-01,2011-07-07,2010-07-01,156,2,159.2,2,2,1,Lost,5
13303,United Kingdom,2010-11-04,2010-11-04,2010-11-01,401,1,61.72,1,1,1,Lost,5
13304,United Kingdom,2010-02-08,2010-12-23,2010-02-01,352,4,1120.79,2,3,3,At risk,4
13305,United Kingdom,2010-03-10,2011-12-05,2010-03-01,5,16,3616.41,4,4,4,Champions,1
13306,United Kingdom,2010-10-05,2010-10-05,2010-10-01,431,1,53.65,1,1,1,Lost,5
13307,United Kingdom,2010-04-26,2011-08-11,2010-04-01,121,3,273.34,2,2,1,Lost,5
13308,United Kingdom,2010-04-22,2011-11-17,2010-04-01,23,4,1652.47,4,3,3,Champions,1
13309,United Kingdom,2010-11-12,2011-12-02,2010-11-01,8,6,1706.37,4,3,3,Champions,1
13310,United Kingdom,2010-11-02,2011-11-11,2010-11-01,29,5,1492.8,3,3,3,Champions,1
13311,United Kingdom,2011-07-12,2011-12-05,2011-07-01,5,2,598.57,4,2,2,Loyal,2
13312,United Kingdom,2010-09-14,2010-09-14,2010-09-01,452,1,124.75,1,1,1,Lost,5
13313,United Kingdom,2009-12-02,2011-11-17,2009-12-01,23,12,3423.27,4,4,4,Champions,1
13314,United Kingdom,2011-09-27,2011-12-08,2011-09-01,2,3,593.51,4,2,2,Loyal,2
13315,United Kingdom,2010-01-19,2010-01-19,2010-01-01,690,1,310.26,1,1,1,Lost,5
13316,United Kingdom,2010-03-10,2011-11-02,2010-03-01,38,10,12818.42,3,4,4,Champions,1
13317,United Kingdom,2009-12-13,2011-10-04,2009-12-01,67,19,6068.53,3,4,4,Champions,1
13318,United Kingdom,2011-11-02,2011-12-08,2011-11-01,2,3,640.76,4,2,2,Loyal,2
13319,United Kingdom,2009-12-06,2011-12-04,2009-12-01,6,58,20974.96,4,4,4,Champions,1
13320,United Kingdom,2010-08-18,2011-09-22,2010-08-01,79,6,2144.45,3,3,3,Champions,1
13321,United Kingdom,2011-09-14,2011-09-28,2011-09-01,73,2,567.36,3,2,2,Loyal,2
13322,United Kingdom,2011-11-22,2011-11-22,2011-11-01,18,1,199.48,4,1,1,New,3
13323,United Kingdom,2011-09-16,2011-12-06,2011-09-01,4,5,787.85,4,3,2,Loyal,2
13324,United Kingdom,2010-05-25,2011-11-03,2010-05-01,37,18,10421.37,3,4,4,Champions,1
13325,United Kingdom,2011-09-19,2011-09-19,2011-09-01,82,1,675.3,3,1,2,New,3
13326,United Kingdom,2010-10-03,2010-10-03,2010-10-01,433,1,281.76,1,1,1,Lost,5
13327,United Kingdom,2009-12-18,2011-11-01,2009-12-01,39,19,8914.42,3,4,4,Champions,1
13328,United Kingdom,2011-01-27,2011-01-27,2011-01-01,317,1,1308.48,2,1,3,Lost,5
13329,United Kingdom,2009-12-04,2011-11-08,2009-12-01,32,8,4672.82,3,4,4,Champions,1
13330,United Kingdom,2010-02-23,2011-09-08,2010-02-01,93,6,2796.1,3,3,4,Champions,1
13331,United Kingdom,2010-11-03,2010-11-03,2010-11-01,402,1,262.4,1,1,1,Lost,5
13332,United Kingdom,2011-11-25,2011-11-25,2011-11-01,15,1,350.9,4,1,2,New,3
13333,United Kingdom,2010-02-19,2010-10-24,2010-02-01,412,3,1015.74,1,2,3,Lost,5
13334,United Kingdom,2010-02-25,2011-09-18,2010-02-01,83,5,6195.05,3,3,4,Champions,1
13336,United Kingdom,2011-09-23,2011-09-23,2011-09-01,78,1,795.12,3,1,2,New,3
13337,United Kingdom,2010-06-11,2010-06-11,2010-06-01,547,1,1550.06,1,1,3,Lost,5
13338,United Kingdom,2010-01-05,2011-07-05,2010-01-01,158,4,2173.62,2,3,3,At risk,4
13339,United Kingdom,2011-05-23,2011-05-23,2011-05-01,201,1,860.12,2,1,3,Lost,5
13340,United Kingdom,2010-02-22,2011-10-25,2010-02-01,46,12,22100.56,3,4,4,Champions,1
13341,United Kingdom,2011-03-24,2011-03-24,2011-03-01,261,1,775.85,2,1,2,Lost,5
13343,United Kingdom,2011-06-15,2011-06-15,2011-06-01,178,1,253.93,2,1,1,Lost,5
13344,United Kingdom,2011-03-07,2011-10-03,2011-03-01,68,3,2511.69,3,2,4,Champions,1
13345,United Kingdom,2011-02-25,2011-02-25,2011-02-01,288,1,327.6,2,1,1,Lost,5
13346,United Kingdom,2010-04-22,2010-09-03,2010-04-01,463,6,299.4,1,3,1,Lost,5
13347,United Kingdom,2011-09-30,2011-09-30,2011-09-01,71,1,291.36,3,1,1,New,3
13348,United Kingdom,2011-10-06,2011-10-06,2011-10-01,65,1,233.76,3,1,1,New,3
13349,United Kingdom,2011-11-29,2011-11-29,2011-11-01,11,1,197.32,4,1,1,New,3
13350,United Kingdom,2011-09-21,2011-11-23,2011-09-01,17,2,810.72,4,2,2,Loyal,2
13351,United Kingdom,2011-10-04,2011-10-04,2011-10-01,67,1,323.94,3,1,1,New,3
13352,United Kingdom,2011-10-10,2011-10-10,2011-10-01,61,1,339.28,3,1,2,New,3
13354,United Kingdom,2011-09-29,2011-09-29,2011-09-01,72,1,743.53,3,1,2,New,3
13355,United Kingdom,2011-08-09,2011-08-09,2011-08-01,123,1,674.7,2,1,2,Lost,5
13356,United Kingdom,2011-09-20,2011-09-20,2011-09-01,81,1,768.24,3,1,2,New,3
13357,United Kingdom,2010-03-22,2011-03-27,2010-03-01,258,5,3795.01,2,3,4,At risk,4
13358,United Kingdom,2011-03-16,2011-03-16,2011-03-01,269,1,389.03,2,1,2,Lost,5
13359,United Kingdom,2010-11-01,2011-10-07,2010-11-01,64,2,901.96,3,2,3,Loyal,2
13360,United Kingdom,2010-01-08,2010-10-04,2010-01-01,432,4,1464.1,1,3,3,At risk,4
13361,United Kingdom,2010-04-01,2010-08-24,2010-04-01,473,2,1450.5,1,2,3,Lost,5
13362,United Kingdom,2010-10-10,2011-11-30,2010-10-01,10,7,5357.57,4,3,4,Champions,1
13363,United Kingdom,2010-10-26,2011-11-22,2010-10-01,18,3,1623.86,4,2,3,Loyal,2
13365,United Kingdom,2011-05-06,2011-11-06,2011-05-01,34,2,2164.32,3,2,3,Loyal,2
13366,United Kingdom,2011-10-20,2011-10-20,2011-10-01,51,1,56.16,3,1,1,New,3
13367,United Kingdom,2010-10-04,2010-10-04,2010-10-01,432,1,460.2,1,1,2,Lost,5
13368,United Kingdom,2010-10-12,2011-03-28,2010-10-01,257,4,986.1,2,3,3,At risk,4
13369,United Kingdom,2010-12-09,2010-12-09,2010-12-01,366,1,213.75,2,1,1,Lost,5
13370,United Kingdom,2010-12-03,2010-12-03,2010-12-01,372,1,721.32,2,1,2,Lost,5
13371,United Kingdom,2010-03-17,2010-07-22,2010-03-01,506,2,2271.46,1,2,4,At risk,4
13372,United Kingdom,2011-09-11,2011-09-11,2011-09-01,90,1,328.64,3,1,1,New,3
13373,United Kingdom,2009-12-06,2011-10-10,2009-12-01,61,6,7587.19,3,3,4,Champions,1
13374,United Kingdom,2010-09-16,2010-10-21,2010-09-01,415,2,372.8,1,2,2,Lost,5
13375,United Kingdom,2010-09-21,2011-09-12,2010-09-01,89,2,1786.48,3,2,3,Loyal,2
13376,United Kingdom,2011-04-19,2011-09-01,2011-04-01,100,3,869.76,2,2,3,Lost,5
13377,United Kingdom,2010-03-04,2010-11-08,2010-03-01,397,2,1445.43,1,2,3,Lost,5
13379,United Kingdom,2011-07-26,2011-11-13,2011-07-01,27,3,572.56,3,2,2,Loyal,2
13380,United Kingdom,2010-10-03,2010-10-03,2010-10-01,433,1,62.4,1,1,1,Lost,5
13381,United Kingdom,2009-12-01,2011-11-08,2009-12-01,32,12,8185.02,3,4,4,Champions,1
13382,United Kingdom,2009-12-08,2011-03-04,2009-12-01,281,5,1387.58,2,3,3,At risk,4
13383,United Kingdom,2010-06-14,2010-06-14,2010-06-01,544,1,305.28,1,1,1,Lost,5
13384,United Kingdom,2010-07-27,2011-11-09,2010-07-01,31,11,6635.09,3,4,4,Champions,1
13385,United Kingdom,2011-01-14,2011-01-14,2011-01-01,330,1,534.57,2,1,2,Lost,5
13386,United Kingdom,2010-09-28,2010-10-21,2010-09-01,415,2,835.46,1,2,2,Lost,5
13387,United Kingdom,2010-10-18,2010-10-18,2010-10-01,418,1,181.84,1,1,1,Lost,5
13388,United Kingdom,2010-04-15,2011-07-31,2010-04-01,132,3,1135.7,2,2,3,Lost,5
13389,United Kingdom,2011-04-21,2011-11-28,2011-04-01,12,3,797.96,4,2,2,Loyal,2
13390,United Kingdom,2011-09-26,2011-09-26,2011-09-01,75,1,544.08,3,1,2,New,3
13391,United Kingdom,2011-05-20,2011-05-20,2011-05-01,204,1,59.8,2,1,1,Lost,5
13392,United Kingdom,2010-01-31,2010-01-31,2010-01-01,678,1,91.14,1,1,1,Lost,5
13393,United Kingdom,2009-12-07,2010-05-05,2009-12-01,584,4,1105.85,1,3,3,At risk,4
13394,United Kingdom,2009-12-01,2011-12-08,2009-12-01,2,19,6329.38,4,4,4,Champions,1
13395,United Kingdom,2010-10-14,2011-06-07,2010-10-01,186,3,1180.23,2,2,3,Lost,5
13396,United Kingdom,2011-01-24,2011-11-10,2011-01-01,30,2,1325.29,3,2,3,Loyal,2
13397,United Kingdom,2010-01-20,2011-09-28,2010-01-01,73,10,3103.07,3,4,4,Champions,1
13398,United Kingdom,2010-09-17,2011-05-31,2010-09-01,193,2,670.34,2,2,2,Lost,5
13399,United Kingdom,2010-07-08,2010-09-01,2010-07-01,465,3,275.4,1,2,1,Lost,5
13400,United Kingdom,2010-05-06,2010-05-06,2010-05-01,583,1,300.93,1,1,1,Lost,5
13402,United Kingdom,2010-05-24,2011-08-04,2010-05-01,128,4,1226.85,2,3,3,At risk,4
13403,United Kingdom,2009-12-16,2011-11-22,2009-12-01,18,3,229.5,4,2,1,Loyal,2
13404,United Kingdom,2011-05-11,2011-12-08,2011-05-01,2,2,252.49,4,2,1,Loyal,2
13405,United Kingdom,2009-12-15,2011-05-19,2009-12-01,205,5,1181.56,2,3,3,At risk,4
13406,United Kingdom,2010-03-18,2010-10-08,2010-03-01,428,2,557.22,1,2,2,Lost,5
13407,United Kingdom,2010-02-16,2010-05-10,2010-02-01,579,3,2111.89,1,2,3,Lost,5
13408,United Kingdom,2009-12-04,2011-12-08,2009-12-01,2,106,49751.36,4,4,4,Champions,1
13410,United Kingdom,2009-12-08,2011-11-15,2009-12-01,25,9,2172.51,4,4,3,Champions,1
13411,United Kingdom,2011-08-24,2011-08-24,2011-08-01,108,1,213.55,2,1,1,Lost,5
13412,United Kingdom,2010-03-29,2010-03-29,2010-03-01,621,1,487.35,1,1,2,Lost,5
13413,United Kingdom,2010-01-21,2010-03-10,2010-01-01,640,6,353.12,1,3,2,Lost,5
13414,United Kingdom,2010-04-15,2011-07-29,2010-04-01,134,6,2482.24,2,3,4,At risk,4
13415,United Kingdom,2009-12-11,2010-08-24,2009-12-01,473,4,665.42,1,3,2,Lost,5
13416,United Kingdom,2009-12-03,2011-10-27,2009-12-01,44,3,940.8,3,2,3,Loyal,2
13417,United Kingdom,2010-02-08,2011-12-05,2010-02-01,5,6,1593.89,4,3,3,Champions,1
13418,United Kingdom,2009-12-11,2011-11-28,2009-12-01,12,31,11242.22,4,4,4,Champions,1
13419,United Kingdom,2011-10-07,2011-10-07,2011-10-01,64,1,221.06,3,1,1,New,3
13420,United Kingdom,2011-06-22,2011-07-13,2011-06-01,150,2,140.35,2,2,1,Lost,5
13421,United Kingdom,2010-02-14,2011-10-30,2010-02-01,41,8,4033.95,3,4,4,Champions,1
13422,United Kingdom,2011-10-06,2011-10-06,2011-10-01,65,1,2601.55,3,1,4,New,3
13423,United Kingdom,2010-10-07,2010-10-07,2010-10-01,429,1,217.03,1,1,1,Lost,5
13424,United Kingdom,2010-09-16,2010-09-16,2010-09-01,450,1,557.92,1,1,2,Lost,5
13425,United Kingdom,2010-05-09,2011-08-23,2010-05-01,109,5,3362.73,2,3,4,At risk,4
13426,United Kingdom,2009-12-09,2011-12-09,2009-12-01,1,22,8084.38,4,4,4,Champions,1
13427,United Kingdom,2009-12-17,2011-11-20,2009-12-01,20,6,1006.53,4,3,3,Champions,1
13428,United Kingdom,2010-07-13,2011-11-29,2010-07-01,11,3,478.54,4,2,2,Loyal,2
13429,United Kingdom,2011-09-25,2011-11-29,2011-09-01,11,4,1006.8,4,3,3,Champions,1
13430,United Kingdom,2011-09-14,2011-11-21,2011-09-01,19,2,652.07,4,2,2,Loyal,2
13431,United Kingdom,2010-02-18,2011-10-03,2010-02-01,68,8,3289.24,3,4,4,Champions,1
13432,United Kingdom,2010-04-06,2010-05-17,2010-04-01,572,2,436.55,1,2,2,Lost,5
13433,United Kingdom,2010-01-12,2010-07-26,2010-01-01,502,4,656.87,1,3,2,Lost,5
13434,United Kingdom,2010-02-22,2011-09-26,2010-02-01,75,5,1666.86,3,3,3,Champions,1
13435,United Kingdom,2010-07-27,2011-12-04,2010-07-01,6,9,4431.93,4,4,4,Champions,1
13436,United Kingdom,2011-12-08,2011-12-08,2011-12-01,2,1,196.89,4,1,1,New,3
13437,United Kingdom,2011-06-02,2011-11-25,2011-06-01,15,7,3408.06,4,3,4,Champions,1
13438,United Kingdom,2010-06-10,2010-06-10,2010-06-01,548,1,46.5,1,1,1,Lost,5
13439,United Kingdom,2010-07-01,2011-03-29,2010-07-01,256,3,986.61,2,2,3,Lost,5
13440,United Kingdom,2010-09-14,2010-10-12,2010-09-01,424,7,1213.95,1,3,3,At risk,4
13441,United Kingdom,2010-10-04,2011-09-09,2010-10-01,92,2,720.9,3,2,2,Loyal,2
13442,United Kingdom,2009-12-01,2010-02-10,2009-12-01,668,3,419.87,1,2,2,Lost,5
13443,United Kingdom,2010-01-31,2010-09-17,2010-01-01,449,6,1236.92,1,3,3,At risk,4
13444,United Kingdom,2010-07-21,2010-11-30,2010-07-01,375,2,619.08,2,2,2,Lost,5
13445,United Kingdom,2010-03-23,2010-03-23,2010-03-01,627,1,241.9,1,1,1,Lost,5
13446,United Kingdom,2010-02-14,2010-10-05,2010-02-01,431,11,3613.27,1,4,4,At risk,4
13447,United Kingdom,2011-11-04,2011-11-16,2011-11-01,24,3,1104.23,4,2,3,Loyal,2
13448,United Kingdom,2009-12-06,2011-11-23,2009-12-01,17,12,8312.52,4,4,4,Champions,1
13449,United Kingdom,2011-11-16,2011-11-16,2011-11-01,24,1,291.88,4,1,1,New,3
13450,United Kingdom,2010-04-15,2011-11-13,2010-04-01,27,13,4117.54,3,4,4,Champions,1
13451,United Kingdom,2010-03-21,2011-11-13,2010-03-01,27,11,7017.97,3,4,4,Champions,1
13452,United Kingdom,2010-08-24,2011-03-25,2010-08-01,260,3,729.8,2,2,2,Lost,5
13453,United Kingdom,2010-11-02,2011-06-27,2010-11-01,166,3,758.99,2,2,2,Lost,5
13454,United Kingdom,2010-03-08,2010-03-08,2010-03-01,642,1,219.87,1,1,1,Lost,5
13455,United Kingdom,2009-12-09,2011-11-15,2009-12-01,25,6,2080.88,4,3,3,Champions,1
13456,United Kingdom,2011-05-16,2011-11-22,2011-05-01,18,6,1737.82,4,3,3,Champions,1
13457,United Kingdom,2009-12-02,2010-01-20,2009-12-01,689,2,143.27,1,2,1,Lost,5
13458,United Kingdom,2010-11-16,2011-12-02,2010-11-01,8,16,11850.62,4,4,4,Champions,1
13459,United Kingdom,2010-01-26,2010-03-25,2010-01-01,625,2,1160.41,1,2,3,Lost,5
13460,United Kingdom,2011-10-21,2011-11-10,2011-10-01,30,2,183.44,3,2,1,Loyal,2
13461,United Kingdom,2010-04-21,2011-11-01,2010-04-01,39,6,4138.5,3,3,4,Champions,1
13462,United Kingdom,2009-12-14,2011-04-01,2009-12-01,253,5,1145.6,2,3,3,At risk,4
13464,United Kingdom,2010-03-31,2011-10-12,2010-03-01,59,6,3083.89,3,3,4,Champions,1
13465,United Kingdom,2010-05-02,2010-09-19,2010-05-01,447,2,931.12,1,2,3,Lost,5
13466,United Kingdom,2010-03-21,2011-06-08,2010-03-01,185,5,952.25,2,3,3,At risk,4
13467,United Kingdom,2011-11-03,2011-11-29,2011-11-01,11,2,1071.91,4,2,3,Loyal,2
13468,United Kingdom,2009-12-03,2011-12-08,2009-12-01,2,72,12518.01,4,4,4,Champions,1
13469,United Kingdom,2010-02-24,2010-02-24,2010-02-01,654,1,82.4,1,1,1,Lost,5
13470,United Kingdom,2011-08-16,2011-09-01,2011-08-01,100,2,165.0,2,2,1,Lost,5
13471,United Kingdom,2011-10-23,2011-12-08,2011-10-01,2,4,2501.84,4,3,4,Champions,1
13472,United Kingdom,2010-06-02,2010-09-02,2010-06-01,464,2,592.24,1,2,2,Lost,5
13473,United Kingdom,2009-12-15,2011-10-10,2009-12-01,61,8,2410.98,3,4,4,Champions,1
13474,United Kingdom,2010-08-01,2011-04-17,2010-08-01,237,3,646.59,2,2,2,Lost,5
13475,United Kingdom,2011-02-14,2011-06-01,2011-02-01,192,4,1431.78,2,3,3,At risk,4
13476,United Kingdom,2010-03-05,2011-06-14,2010-03-01,179,5,1915.77,2,3,3,At risk,4
13477,United Kingdom,2010-01-25,2011-11-02,2010-01-01,38,11,2806.12,3,4,4,Champions,1
13478,United Kingdom,2010-01-31,2010-08-27,2010-01-01,470,5,2068.03,1,3,3,At risk,4
13479,United Kingdom,2010-08-19,2011-05-23,2010-08-01,201,4,808.5,2,3,2,Lost,5
13480,United Kingdom,2010-01-29,2010-10-19,2010-01-01,417,2,627.82,1,2,2,Lost,5
13481,United Kingdom,2009-12-04,2011-10-25,2009-12-01,46,11,3803.09,3,4,4,Champions,1
13482,United Kingdom,2010-03-22,2011-04-21,2010-03-01,233,2,336.09,2,2,2,Lost,5
13483,United Kingdom,2011-10-05,2011-10-05,2011-10-01,66,1,140.34,3,1,1,New,3
13484,United Kingdom,2010-03-10,2011-04-12,2010-03-01,242,3,767.32,2,2,2,Lost,5
13485,United Kingdom,2009-12-03,2011-04-20,2009-12-01,234,11,2953.92,2,4,4,At risk,4
13486,United Kingdom,2011-07-07,2011-09-22,2011-07-01,79,3,1122.41,3,2,3,Loyal,2
13487,United Kingdom,2009-12-05,2011-10-13,2009-12-01,58,5,846.87,3,3,3,Champions,1
13488,United Kingdom,2010-01-25,2011-11-22,2010-01-01,18,23,14131.81,4,4,4,Champions,1
13489,United Kingdom,2011-02-18,2011-08-26,2011-02-01,106,4,449.52,2,3,2,Lost,5
13490,United Kingdom,2010-02-23,2010-02-23,2010-02-01,655,1,154.25,1,1,1,Lost,5
13491,United Kingdom,2009-12-07,2011-10-19,2009-12-01,52,27,4467.66,3,4,4,Champions,1
13492,Switzerland,2011-05-09,2011-07-26,2011-05-01,137,3,1269.84,2,2,3,Lost,5
13493,Switzerland,2011-02-25,2011-03-09,2011-02-01,276,2,498.63,2,2,2,Lost,5
13494,United Kingdom,2011-02-01,2011-02-01,2011-02-01,312,1,316.26,2,1,1,Lost,5
13495,United Kingdom,2009-12-07,2011-12-02,2009-12-01,8,10,4790.41,4,4,4,Champions,1
13496,United Kingdom,2010-12-15,2011-11-29,2010-12-01,11,2,617.93,4,2,2,Loyal,2
13497,United Kingdom,2010-02-08,2011-03-02,2010-02-01,283,6,1139.83,2,3,3,At risk,4
13498,United Kingdom,2009-12-09,2009-12-09,2009-12-01,731,1,327.38,1,1,1,Lost,5
13499,United Kingdom,2011-03-15,2011-11-22,2011-03-01,18,5,1146.96,4,3,3,Champions,1
13500,United Kingdom,2010-11-03,2011-11-16,2010-11-01,24,4,1436.3,4,3,3,Champions,1
13501,Switzerland,2010-05-18,2011-02-24,2010-05-01,289,3,2840.26,2,2,4,At risk,4
13502,United Kingdom,2010-06-09,2011-11-23,2010-06-01,17,5,774.6,4,3,2,Loyal,2
13503,United Kingdom,2010-02-16,2011-09-29,2010-02-01,72,5,1706.79,3,3,3,Champions,1
13504,United Kingdom,2011-10-06,2011-10-06,2011-10-01,65,1,295.93,3,1,1,New,3
13505,Switzerland,2011-04-21,2011-09-28,2011-04-01,73,4,3522.88,3,3,4,Champions,1
13506,United Kingdom,2010-09-05,2011-01-27,2010-09-01,317,5,1308.53,2,3,3,At risk,4
13507,United Kingdom,2011-07-17,2011-12-06,2011-07-01,4,4,2479.16,4,3,4,Champions,1
13508,United Kingdom,2010-03-07,2011-04-10,2010-03-01,244,2,287.05,2,2,1,Lost,5
13509,United Kingdom,2010-07-20,2011-12-01,2010-07-01,9,7,1099.72,4,3,3,Champions,1
13510,United Kingdom,2009-12-21,2011-12-08,2009-12-01,2,11,4488.39,4,4,4,Champions,1
13511,United Kingdom,2010-02-01,2010-02-01,2010-02-01,677,1,244.61,1,1,1,Lost,5
13512,United Kingdom,2010-05-05,2011-03-24,2010-05-01,261,4,713.39,2,3,2,Lost,5
13513,United Kingdom,2010-02-22,2011-08-05,2010-02-01,127,3,796.99,2,2,2,Lost,5
13514,United Kingdom,2010-01-26,2011-09-27,2010-01-01,74,4,815.9,3,3,2,Loyal,2
13515,United Kingdom,2010-03-05,2011-09-28,2010-03-01,73,6,1265.82,3,3,3,Champions,1
13516,United Kingdom,2010-10-18,2011-11-18,2010-10-01,22,4,1685.26,4,3,3,Champions,1
13517,United Kingdom,2011-06-13,2011-10-11,2011-06-01,60,3,2109.07,3,2,3,Loyal,2
13518,United Kingdom,2011-09-15,2011-09-15,2011-09-01,86,1,627.16,3,1,2,New,3
13519,United Kingdom,2010-09-23,2011-09-22,2010-09-01,79,2,331.26,3,2,1,Loyal,2
13520,Switzerland,2009-12-17,2011-10-12,2009-12-01,59,11,5337.25,3,4,4,Champions,1
13521,United Kingdom,2011-11-29,2011-12-08,2011-11-01,2,3,1070.47,4,2,3,Loyal,2
13522,United Kingdom,2011-11-09,2011-11-09,2011-11-01,31,1,125.8,3,1,1,New,3
13523,United Kingdom,2010-11-02,2011-11-06,2010-11-01,34,6,4325.07,3,3,4,Champions,1
13524,United Kingdom,2011-05-04,2011-10-30,2011-05-01,41,5,680.18,3,3,2,Loyal,2
13525,United Kingdom,2011-04-05,2011-11-25,2011-04-01,15,2,628.78,4,2,2,Loyal,2
13526,United Kingdom,2009-12-01,2009-12-01,2009-12-01,739,2,942.6,1,2,3,Lost,5
13527,United Kingdom,2010-01-21,2011-11-06,2010-01-01,34,12,4507.59,3,4,4,Champions,1
13529,United Kingdom,2011-05-19,2011-09-22,2011-05-01,79,2,307.76,3,2,1,Loyal,2
13530,United Kingdom,2010-03-15,2010-03-15,2010-03-01,635,1,402.98,1,1,2,Lost,5
13531,United Kingdom,2009-12-03,2011-05-18,2009-12-01,206,6,1433.07,2,3,3,At risk,4
13532,United Kingdom,2011-11-06,2011-11-06,2011-11-01,34,1,210.31,3,1,1,New,3
13533,United Kingdom,2011-03-17,2011-06-10,2011-03-01,183,3,269.09,2,2,1,Lost,5
13534,United Kingdom,2010-07-07,2011-12-07,2010-07-01,3,35,7324.5,4,4,4,Champions,1
13535,United Kingdom,2010-11-02,2010-11-02,2010-11-01,403,1,89.5,1,1,1,Lost,5
13536,United Kingdom,2011-09-25,2011-12-08,2011-09-01,2,7,3444.39,4,3,4,Champions,1
13537,United Kingdom,2010-09-14,2010-10-10,2010-09-01,426,2,717.85,1,2,2,Lost,5
13538,United Kingdom,2010-02-02,2011-10-27,2010-02-01,44,12,3103.13,3,4,4,Champions,1
13539,United Kingdom,2010-04-28,2011-09-15,2010-04-01,86,7,1531.26,3,3,3,Champions,1
13540,United Kingdom,2010-02-22,2010-08-29,2010-02-01,468,3,632.39,1,2,2,Lost,5
13541,United Kingdom,2010-05-18,2010-10-08,2010-05-01,428,2,717.9,1,2,2,Lost,5
13542,United Kingdom,2009-12-10,2010-11-28,2009-12-01,377,17,3924.09,2,4,4,At risk,4
13543,United Kingdom,2010-01-21,2010-03-15,2010-01-01,635,2,1439.61,1,2,3,Lost,5
13544,United Kingdom,2010-03-05,2011-10-31,2010-03-01,40,6,781.7,3,3,2,Loyal,2
13545,United Kingdom,2010-06-13,2010-11-14,2010-06-01,391,2,337.64,1,2,2,Lost,5
13546,United Kingdom,2010-10-11,2011-11-27,2010-10-01,13,5,1086.24,4,3,3,Champions,1
13547,United Kingdom,2010-10-27,2010-10-27,2010-10-01,409,1,164.53,1,1,1,Lost,5
13548,United Kingdom,2010-08-25,2011-09-04,2010-08-01,97,3,901.44,2,2,3,Lost,5
13549,United Kingdom,2010-11-17,2011-11-14,2010-11-01,26,8,1003.72,3,4,3,Champions,1
13550,United Kingdom,2010-11-21,2010-11-21,2010-11-01,384,1,342.55,1,1,2,Lost,5
13551,United Kingdom,2010-02-11,2011-01-24,2010-02-01,320,2,244.2,2,2,1,Lost,5
13552,United Kingdom,2010-02-19,2011-10-04,2010-02-01,67,22,6588.63,3,4,4,Champions,1
13553,United Kingdom,2010-02-03,2010-02-03,2010-02-01,675,1,499.6,1,1,2,Lost,5
13554,United Kingdom,2010-09-19,2010-11-24,2010-09-01,381,7,1547.46,1,3,3,At risk,4
13555,United Kingdom,2010-01-19,2011-09-27,2010-01-01,74,13,8798.99,3,4,4,Champions,1
13556,United Kingdom,2010-09-30,2010-10-06,2010-09-01,430,2,200.82,1,2,1,Lost,5
13557,United Kingdom,2009-12-08,2011-11-11,2009-12-01,29,13,2980.08,3,4,4,Champions,1
13558,United Kingdom,2011-10-02,2011-12-04,2011-10-01,6,4,594.52,4,3,2,Loyal,2
13559,United Kingdom,2010-06-14,2010-07-15,2010-06-01,513,2,990.0,1,2,3,Lost,5
13560,United Kingdom,2011-12-02,2011-12-02,2011-12-01,8,1,171.42,4,1,1,New,3
13561,United Kingdom,2010-02-28,2011-05-08,2010-02-01,216,11,1803.4,2,4,3,At risk,4
13562,United Kingdom,2010-01-14,2011-09-19,2010-01-01,82,8,4838.18,3,4,4,Champions,1
13563,United Kingdom,2011-07-22,2011-09-16,2011-07-01,85,2,777.53,3,2,2,Loyal,2
13564,United Kingdom,2009-12-02,2010-12-20,2009-12-01,355,36,15613.1,2,4,4,At risk,4
13565,United Kingdom,2010-10-24,2011-11-20,2010-10-01,20,3,414.8,4,2,2,Loyal,2
13566,United Kingdom,2010-03-10,2011-10-30,2010-03-01,41,5,1684.75,3,3,3,Champions,1
13567,United Kingdom,2010-06-16,2010-10-07,2010-06-01,429,4,1074.19,1,3,3,At risk,4
13568,United Kingdom,2011-06-19,2011-06-19,2011-06-01,174,1,187.05,2,1,1,Lost,5
13569,United Kingdom,2010-10-07,2011-11-22,2010-10-01,18,4,725.04,4,3,2,Loyal,2
13570,United Kingdom,2011-04-10,2011-04-10,2011-04-01,244,1,239.49,2,1,1,Lost,5
13571,United Kingdom,2009-12-08,2011-11-27,2009-12-01,13,26,4537.26,4,4,4,Champions,1
13572,United Kingdom,2011-05-18,2011-05-18,2011-05-01,206,1,1384.25,2,1,3,Lost,5
13573,United Kingdom,2010-03-12,2011-10-20,2010-03-01,51,6,903.07,3,3,3,Champions,1
13574,United Kingdom,2010-10-24,2010-10-24,2010-10-01,412,1,404.45,1,1,2,Lost,5
13575,United Kingdom,2011-06-16,2011-11-16,2011-06-01,24,5,732.07,4,3,2,Loyal,2
13576,United Kingdom,2009-12-08,2011-11-29,2009-12-01,11,28,11167.0,4,4,4,Champions,1
13577,United Kingdom,2009-12-14,2011-11-14,2009-12-01,26,11,3346.62,3,4,4,Champions,1
13578,United Kingdom,2010-10-26,2010-10-26,2010-10-01,410,1,147.66,1,1,1,Lost,5
13579,United Kingdom,2010-02-18,2011-11-25,2010-02-01,15,5,1371.14,4,3,3,Champions,1
13580,United Kingdom,2010-10-29,2010-10-29,2010-10-01,407,1,107.75,1,1,1,Lost,5
13581,United Kingdom,2010-10-21,2011-02-03,2010-10-01,310,2,280.53,2,2,1,Lost,5
13582,United Kingdom,2010-04-01,2010-11-15,2010-04-01,390,2,241.68,1,2,1,Lost,5
13583,United Kingdom,2010-01-29,2011-07-07,2010-01-01,156,2,1445.03,2,2,3,Lost,5
13584,United Kingdom,2010-02-02,2011-02-06,2010-02-01,307,3,340.4,2,2,2,Lost,5
13585,United Kingdom,2009-12-01,2010-06-27,2009-12-01,531,3,674.46,1,2,2,Lost,5
13586,United Kingdom,2010-06-16,2010-06-16,2010-06-01,542,1,127.28,1,1,1,Lost,5
13587,United Kingdom,2010-02-14,2011-10-07,2010-02-01,64,4,1308.1,3,3,3,Champions,1
13588,United Kingdom,2011-03-29,2011-11-24,2011-03-01,16,9,2449.53,4,4,4,Champions,1
13589,United Kingdom,2009-12-06,2011-11-25,2009-12-01,15,6,1120.74,4,3,3,Champions,1
13590,United Kingdom,2009-12-01,2011-11-28,2009-12-01,12,18,6284.74,4,4,4,Champions,1
13591,United Kingdom,2009-12-14,2011-10-06,2009-12-01,65,7,2081.19,3,3,3,Champions,1
13592,United Kingdom,2011-03-20,2011-11-04,2011-03-01,36,4,247.96,3,3,1,Loyal,2
13593,United Kingdom,2010-03-02,2011-08-23,2010-03-01,109,14,5444.81,2,4,4,At risk,4
13594,United Kingdom,2010-08-11,2011-10-18,2010-08-01,53,2,508.42,3,2,2,Loyal,2
13595,United Kingdom,2010-03-03,2010-07-11,2010-03-01,517,3,784.48,1,2,2,Lost,5
13596,United Kingdom,2011-11-27,2011-12-04,2011-11-01,6,2,664.11,4,2,2,Loyal,2
13597,United Kingdom,2010-11-02,2010-11-04,2010-11-01,401,2,377.21,1,2,2,Lost,5
13598,United Kingdom,2010-02-26,2011-10-23,2010-02-01,48,5,749.21,3,3,2,Loyal,2
13599,United Kingdom,2009-12-01,2011-12-08,2009-12-01,2,33,9435.47,4,4,4,Champions,1
13600,United Kingdom,2010-03-15,2011-01-31,2010-03-01,313,2,518.42,2,2,2,Lost,5
13601,United Kingdom,2010-06-11,2011-10-25,2010-06-01,46,4,1159.99,3,3,3,Champions,1
13602,United Kingdom,2010-05-28,2011-10-06,2010-05-01,65,4,1025.17,3,3,3,Champions,1
13603,United Kingdom,2011-11-13,2011-11-13,2011-11-01,27,1,164.34,3,1,1,New,3
13604,United Kingdom,2010-02-19,2010-02-19,2010-02-01,659,1,713.39,1,1,2,Lost,5
13605,United Kingdom,2010-05-17,2010-11-17,2010-05-01,388,2,522.67,1,2,2,Lost,5
13606,United Kingdom,2011-02-01,2011-11-10,2011-02-01,30,3,276.75,3,2,1,Loyal,2
13607,United Kingdom,2010-11-02,2011-10-30,2010-11-01,41,2,1058.11,3,2,3,Loyal,2
13608,United Kingdom,2010-06-17,2010-06-17,2010-06-01,541,1,232.05,1,1,1,Lost,5
13609,United Kingdom,2010-04-25,2010-04-25,2010-04-01,594,1,167.35,1,1,1,Lost,5
13610,United Kingdom,2010-01-05,2011-11-27,2010-01-01,13,14,2070.71,4,4,3,Champions,1
13611,United Kingdom,2009-12-03,2011-09-11,2009-12-01,90,10,3259.43,3,4,4,Champions,1
13612,United Kingdom,2010-03-17,2010-03-17,2010-03-01,633,1,777.79,1,1,2,Lost,5
13613,United Kingdom,2010-02-17,2010-09-13,2010-02-01,453,5,1039.85,1,3,3,At risk,4
13614,United Kingdom,2010-06-06,2011-11-15,2010-06-01,25,6,2332.74,4,3,4,Champions,1
13615,United Kingdom,2010-01-28,2011-01-25,2010-01-01,319,8,6212.23,2,4,4,At risk,4
13616,United Kingdom,2010-01-17,2010-05-20,2010-01-01,569,2,283.85,1,2,1,Lost,5
13617,United Kingdom,2010-08-01,2011-10-30,2010-08-01,41,8,1263.8,3,4,3,Champions,1
13618,United Kingdom,2011-06-19,2011-06-19,2011-06-01,174,1,177.34,2,1,1,Lost,5
13619,United Kingdom,2010-02-03,2010-06-13,2010-02-01,545,2,223.44,1,2,1,Lost,5
13620,United Kingdom,2010-06-29,2010-06-29,2010-06-01,529,1,112.34,1,1,1,Lost,5
13621,United Kingdom,2011-08-15,2011-08-15,2011-08-01,117,1,213.85,2,1,1,Lost,5
13622,United Kingdom,2010-01-12,2010-01-12,2010-01-01,697,1,651.45,1,1,2,Lost,5
13623,United Kingdom,2009-12-02,2011-11-09,2009-12-01,31,10,2456.73,3,4,4,Champions,1
13624,United Kingdom,2010-11-16,2010-11-16,2010-11-01,389,1,427.18,1,1,2,Lost,5
13625,United Kingdom,2010-04-22,2010-04-22,2010-04-01,597,1,301.26,1,1,1,Lost,5
13626,United Kingdom,2010-11-25,2011-04-01,2010-11-01,253,2,689.49,2,2,2,Lost,5
13627,United Kingdom,2010-03-09,2011-10-11,2010-03-01,60,7,2217.55,3,3,4,Champions,1
13628,United Kingdom,2010-02-01,2010-02-01,2010-02-01,677,1,310.14,1,1,1,Lost,5
13629,United Kingdom,2010-02-11,2011-11-16,2010-02-01,24,19,13370.86,4,4,4,Champions,1
13630,United Kingdom,2011-02-27,2011-12-04,2011-02-01,6,7,1995.68,4,3,3,Champions,1
13631,United Kingdom,2011-03-17,2011-09-01,2011-03-01,100,11,3021.77,2,4,4,At risk,4
13632,United Kingdom,2010-04-07,2011-11-15,2010-04-01,25,8,3632.36,4,4,4,Champions,1
13634,United Kingdom,2010-01-10,2011-11-06,2010-01-01,34,15,4434.16,3,4,4,Champions,1
13635,United Kingdom,2009-12-01,2011-10-03,2009-12-01,68,4,2948.22,3,3,4,Champions,1
13636,United Kingdom,2011-02-27,2011-11-03,2011-02-01,37,5,941.62,3,3,3,Champions,1
13637,United Kingdom,2011-04-27,2011-10-18,2011-04-01,53,3,803.05,3,2,2,Loyal,2
13638,United Kingdom,2011-11-24,2011-11-24,2011-11-01,16,1,122.64,4,1,1,New,3
13639,United Kingdom,2010-09-29,2011-09-26,2010-09-01,75,2,1346.27,3,2,3,Loyal,2
13640,United Kingdom,2010-04-07,2010-04-07,2010-04-01,612,1,405.0,1,1,2,Lost,5
13641,United Kingdom,2009-12-05,2010-03-09,2009-12-01,641,4,847.72,1,3,3,At risk,4
13642,United Kingdom,2010-10-03,2011-05-08,2010-10-01,216,4,459.45,2,3,2,Lost,5
13643,United Kingdom,2009-12-08,2011-11-08,2009-12-01,32,10,2112.17,3,4,3,Champions,1
13644,United Kingdom,2011-08-26,2011-11-23,2011-08-01,17,4,2597.52,4,3,4,Champions,1
13645,United Kingdom,2011-08-11,2011-08-11,2011-08-01,121,1,252.1,2,1,1,Lost,5
13646,United Kingdom,2010-11-05,2010-11-05,2010-11-01,400,2,323.3,1,2,1,Lost,5
13647,United Kingdom,2010-04-15,2011-11-30,2010-04-01,10,8,3033.78,4,4,4,Champions,1
13648,United Kingdom,2009-12-01,2010-11-04,2009-12-01,401,8,1681.12,1,4,3,At risk,4
13649,United Kingdom,2010-06-30,2011-03-28,2010-06-01,257,6,1453.68,2,3,3,At risk,4
13650,United Kingdom,2010-01-26,2011-11-23,2010-01-01,17,10,3098.5,4,4,4,Champions,1
13651,United Kingdom,2010-11-23,2011-10-31,2010-11-01,40,2,193.95,3,2,1,Loyal,2
13652,United Kingdom,2010-02-25,2011-10-25,2010-02-01,46,5,2262.05,3,3,4,Champions,1
13653,United Kingdom,2010-08-09,2010-08-09,2010-08-01,488,1,152.2,1,1,1,Lost,5
13654,United Kingdom,2009-12-02,2011-10-27,2009-12-01,44,11,6308.0,3,4,4,Champions,1
13655,United Kingdom,2010-04-27,2011-08-17,2010-04-01,115,6,2261.66,2,3,4,At risk,4
13656,United Kingdom,2010-04-23,2011-06-28,2010-04-01,165,4,1053.35,2,3,3,At risk,4
13657,United Kingdom,2011-05-22,2011-11-29,2011-05-01,11,2,382.14,4,2,2,Loyal,2
13658,United Kingdom,2010-02-05,2011-11-30,2010-02-01,10,9,5772.07,4,4,4,Champions,1
13659,United Kingdom,2010-02-17,2011-05-18,2010-02-01,206,12,4706.43,2,4,4,At risk,4
13660,United Kingdom,2010-11-04,2010-11-04,2010-11-01,401,1,295.74,1,1,1,Lost,5
13661,United Kingdom,2010-04-15,2010-04-15,2010-04-01,604,1,325.24,1,1,1,Lost,5
13662,United Kingdom,2010-02-19,2011-09-15,2010-02-01,86,11,2166.63,3,4,3,Champions,1
13663,United Kingdom,2010-03-03,2011-06-13,2010-03-01,180,5,2013.61,2,3,3,At risk,4
13665,United Kingdom,2010-07-23,2010-11-18,2010-07-01,387,3,1711.66,1,2,3,Lost,5
13666,United Kingdom,2009-12-04,2011-10-10,2009-12-01,61,5,127.05,3,3,1,Loyal,2
13667,United Kingdom,2011-07-13,2011-07-13,2011-07-01,150,1,299.05,2,1,1,Lost,5
13668,United Kingdom,2009-12-11,2011-12-07,2009-12-01,3,35,12607.68,4,4,4,Champions,1
13669,United Kingdom,2010-10-28,2011-10-20,2010-10-01,51,3,413.55,3,2,2,Loyal,2
13670,United Kingdom,2011-09-25,2011-09-25,2011-09-01,76,1,349.7,3,1,2,New,3
13671,United Kingdom,2010-11-10,2010-11-10,2010-11-01,395,1,172.6,1,1,1,Lost,5
13672,United Kingdom,2009-12-09,2011-02-11,2009-12-01,302,3,233.53,2,2,1,Lost,5
13673,United Kingdom,2011-11-07,2011-11-21,2011-11-01,19,2,387.44,4,2,2,Loyal,2
13674,United Kingdom,2010-10-03,2010-10-03,2010-10-01,433,1,215.88,1,1,1,Lost,5
13675,United Kingdom,2011-02-28,2011-07-11,2011-02-01,152,2,486.82,2,2,2,Lost,5
13676,United Kingdom,2010-03-30,2010-06-18,2010-03-01,540,2,153.15,1,2,1,Lost,5
13677,United Kingdom,2010-07-07,2010-10-31,2010-07-01,405,2,551.24,1,2,2,Lost,5
13678,United Kingdom,2011-07-11,2011-07-11,2011-07-01,152,1,232.6,2,1,1,Lost,5
13679,United Kingdom,2009-12-04,2010-08-03,2009-12-01,494,3,281.26,1,2,1,Lost,5
13680,United Kingdom,2009-12-04,2011-12-08,2009-12-01,2,12,9899.56,4,4,4,Champions,1
13681,United Kingdom,2011-07-07,2011-11-22,2011-07-01,18,4,827.83,4,3,2,Loyal,2
13682,United Kingdom,2011-06-05,2011-06-05,2011-06-01,188,1,59.5,2,1,1,Lost,5
13683,United Kingdom,2010-09-08,2010-09-08,2010-09-01,458,1,258.6,1,1,1,Lost,5
13684,United Kingdom,2010-03-28,2011-02-27,2010-03-01,286,4,544.42,2,3,2,Lost,5
13685,United Kingdom,2011-10-10,2011-12-07,2011-10-01,3,7,3119.44,4,3,4,Champions,1
13686,United Kingdom,2010-11-03,2011-06-10,2010-11-01,183,3,409.04,2,2,2,Lost,5
13687,United Kingdom,2010-09-27,2010-09-27,2010-09-01,439,1,11880.84,1,1,4,Lost,5
13688,United Kingdom,2010-03-14,2010-03-14,2010-03-01,636,1,375.5,1,1,2,Lost,5
13689,United Kingdom,2010-09-21,2011-10-07,2010-09-01,64,2,1259.5,3,2,3,Loyal,2
13690,United Kingdom,2011-10-11,2011-10-11,2011-10-01,60,1,172.25,3,1,1,New,3
13691,United Kingdom,2010-11-08,2010-11-08,2010-11-01,397,1,210.78,1,1,1,Lost,5
13692,United Kingdom,2010-10-15,2011-11-15,2010-10-01,25,5,3022.95,4,3,4,Champions,1
13693,United Kingdom,2009-12-07,2010-11-30,2009-12-01,375,9,1966.32,2,4,3,At risk,4
13694,United Kingdom,2009-12-04,2011-12-06,2009-12-01,4,143,190391.5,4,4,4,Champions,1
13695,United Kingdom,2010-05-11,2011-11-08,2010-05-01,32,16,2770.73,3,4,4,Champions,1
13696,United Kingdom,2010-02-11,2010-10-14,2010-02-01,422,3,2008.7,1,2,3,Lost,5
13697,United Kingdom,2011-11-01,2011-11-01,2011-11-01,39,1,151.3,3,1,1,New,3
13698,United Kingdom,2010-01-27,2010-04-22,2010-01-01,597,2,451.73,1,2,2,Lost,5
13699,United Kingdom,2010-06-07,2011-07-07,2010-06-01,156,2,711.4,2,2,2,Lost,5
13700,United Kingdom,2010-02-07,2011-11-13,2010-02-01,27,13,2569.72,3,4,4,Champions,1
13701,United Kingdom,2010-09-19,2010-09-19,2010-09-01,447,1,159.55,1,1,1,Lost,5
13702,United Kingdom,2010-09-20,2010-09-20,2010-09-01,446,1,135.18,1,1,1,Lost,5
13703,United Kingdom,2010-10-20,2011-01-25,2010-10-01,319,2,99.5,2,2,1,Lost,5
13704,United Kingdom,2011-09-12,2011-12-04,2011-09-01,6,9,2295.31,4,4,4,Champions,1
13705,United Kingdom,2010-03-25,2011-12-02,2010-03-01,8,7,1717.19,4,3,3,Champions,1
13706,United Kingdom,2010-03-23,2011-02-10,2010-03-01,303,2,631.17,2,2,2,Lost,5
13707,United Kingdom,2010-06-21,2011-03-17,2010-06-01,268,5,3365.86,2,3,4,At risk,4
13708,United Kingdom,2011-03-13,2011-03-13,2011-03-01,272,1,283.33,2,1,1,Lost,5
13709,United Kingdom,2010-01-11,2011-12-06,2010-01-01,4,18,7492.41,4,4,4,Champions,1
13710,United Kingdom,2010-04-06,2011-11-08,2010-04-01,32,3,509.52,3,2,2,Loyal,2
13711,United Kingdom,2009-12-15,2011-05-05,2009-12-01,219,9,1632.61,2,4,3,At risk,4
13712,United Kingdom,2010-04-08,2011-04-07,2010-04-01,247,2,766.42,2,2,2,Lost,5
13713,United Kingdom,2010-05-05,2010-10-27,2010-05-01,409,3,740.76,1,2,2,Lost,5
13714,United Kingdom,2010-08-31,2010-08-31,2010-08-01,466,1,161.35,1,1,1,Lost,5
13715,United Kingdom,2010-03-11,2011-03-03,2010-03-01,282,17,8108.09,2,4,4,At risk,4
13716,United Kingdom,2011-03-15,2011-03-15,2011-03-01,270,1,138.28,2,1,1,Lost,5
13717,United Kingdom,2010-08-11,2011-11-07,2010-08-01,33,8,1748.05,3,4,3,Champions,1
13718,United Kingdom,2011-02-17,2011-04-07,2011-02-01,247,2,306.55,2,2,1,Lost,5
13719,United Kingdom,2010-05-17,2011-11-24,2010-05-01,16,11,2782.1,4,4,4,Champions,1
13720,United Kingdom,2011-03-30,2011-08-15,2011-03-01,117,4,799.9,2,3,2,Lost,5
13721,United Kingdom,2010-11-09,2011-11-03,2010-11-01,37,2,741.54,3,2,2,Loyal,2
13722,United Kingdom,2010-03-03,2011-07-31,2010-03-01,132,10,5629.16,2,4,4,At risk,4
13723,United Kingdom,2010-04-07,2011-05-06,2010-04-01,218,6,1194.08,2,3,3,At risk,4
13724,United Kingdom,2010-03-12,2010-03-12,2010-03-01,638,1,213.01,1,1,1,Lost,5
13725,United Kingdom,2011-02-04,2011-10-21,2011-02-01,50,8,1809.81,3,4,3,Champions,1
13726,United Kingdom,2011-08-31,2011-11-01,2011-08-01,39,2,1079.66,3,2,3,Loyal,2
13727,United Kingdom,2009-12-09,2011-11-11,2009-12-01,29,8,1061.4,3,4,3,Champions,1
13728,United Kingdom,2009-12-09,2011-11-03,2009-12-01,37,16,2855.17,3,4,4,Champions,1
13729,United Kingdom,2010-01-24,2010-09-30,2010-01-01,436,3,676.43,1,2,2,Lost,5
13730,United Kingdom,2011-07-01,2011-07-27,2011-07-01,136,2,752.6,2,2,2,Lost,5
13731,United Kingdom,2011-04-07,2011-05-04,2011-04-01,220,2,610.59,2,2,2,Lost,5
13732,United Kingdom,2011-11-11,2011-11-11,2011-11-01,29,1,491.86,3,1,2,New,3
13733,United Kingdom,2009-12-04,2010-10-25,2009-12-01,411,2,484.53,1,2,2,Lost,5
13734,United Kingdom,2010-04-16,2010-07-19,2010-04-01,509,4,3445.34,1,3,4,At risk,4
13735,United Kingdom,2009-12-13,2011-11-15,2009-12-01,25,13,9422.36,4,4,4,Champions,1
13736,United Kingdom,2009-12-06,2011-12-04,2009-12-01,6,7,2701.27,4,3,4,Champions,1
13737,United Kingdom,2011-05-23,2011-05-23,2011-05-01,201,1,339.6,2,1,2,Lost,5
13738,United Kingdom,2010-11-08,2010-11-08,2010-11-01,397,1,434.78,1,1,2,Lost,5
13739,United Kingdom,2010-06-30,2011-11-21,2010-06-01,19,2,292.2,4,2,1,Loyal,2
13740,United Kingdom,2009-12-02,2011-04-13,2009-12-01,241,5,1582.77,2,3,3,At risk,4
13741,United Kingdom,2011-05-06,2011-09-29,2011-05-01,72,3,666.33,3,2,2,Loyal,2
13742,United Kingdom,2011-01-23,2011-11-23,2011-01-01,17,12,3079.27,4,4,4,Champions,1
13743,United Kingdom,2011-03-25,2011-12-07,2011-03-01,3,7,1340.15,4,3,3,Champions,1
13744,United Kingdom,2011-02-20,2011-09-05,2011-02-01,96,2,1080.52,2,2,3,Lost,5
13745,United Kingdom,2010-06-11,2011-06-30,2010-06-01,163,2,761.27,2,2,2,Lost,5
13746,United Kingdom,2010-10-22,2010-10-22,2010-10-01,414,1,176.69,1,1,1,Lost,5
13747,United Kingdom,2010-10-11,2010-12-01,2010-10-01,374,2,169.8,2,2,1,Lost,5
13748,United Kingdom,2009-12-01,2011-09-05,2009-12-01,96,9,2064.35,2,4,3,At risk,4
13750,United Kingdom,2010-04-01,2011-10-17,2010-04-01,54,11,3563.6,3,4,4,Champions,1
13751,United Kingdom,2011-02-24,2011-02-24,2011-02-01,289,1,296.25,2,1,1,Lost,5
13752,United Kingdom,2010-06-30,2011-08-07,2010-06-01,125,7,1579.83,2,3,3,At risk,4
13753,United Kingdom,2009-12-03,2011-02-25,2009-12-01,288,4,2094.57,2,3,3,At risk,4
13754,United Kingdom,2010-09-28,2011-07-11,2010-09-01,152,3,447.05,2,2,2,Lost,5
13755,United Kingdom,2011-10-07,2011-12-06,2011-10-01,4,9,2101.39,4,4,3,Champions,1
13756,United Kingdom,2009-12-15,2011-12-07,2009-12-01,3,23,8595.65,4,4,4,Champions,1
13757,United Kingdom,2010-02-03,2010-02-03,2010-02-01,675,1,195.55,1,1,1,Lost,5
13758,United Kingdom,2009-12-01,2011-11-28,2009-12-01,12,14,8544.29,4,4,4,Champions,1
13759,United Kingdom,2011-09-29,2011-11-06,2011-09-01,34,2,659.41,3,2,2,Loyal,2
13760,United Kingdom,2010-04-25,2011-10-16,2010-04-01,55,5,1358.64,3,3,3,Champions,1
13761,United Kingdom,2010-02-21,2011-10-20,2010-02-01,51,6,1952.17,3,3,3,Champions,1
13762,United Kingdom,2010-01-10,2011-05-05,2010-01-01,219,5,2165.76,2,3,3,At risk,4
13763,United Kingdom,2010-09-30,2011-10-07,2010-09-01,64,3,5181.99,3,2,4,Champions,1
13764,United Kingdom,2010-03-07,2011-09-30,2010-03-01,71,6,2908.67,3,3,4,Champions,1
13765,United Kingdom,2010-02-24,2010-02-24,2010-02-01,654,1,352.82,1,1,2,Lost,5
13766,United Kingdom,2010-08-01,2010-08-01,2010-08-01,496,1,190.35,1,1,1,Lost,5
13767,United Kingdom,2009-12-01,2011-12-07,2009-12-01,3,73,33480.82,4,4,4,Champions,1
13768,United Kingdom,2009-12-09,2009-12-13,2009-12-01,727,2,758.07,1,2,2,Lost,5
13769,United Kingdom,2009-12-16,2011-12-07,2009-12-01,3,20,5444.33,4,4,4,Champions,1
13770,United Kingdom,2009-12-09,2010-10-13,2009-12-01,423,4,785.37,1,3,2,Lost,5
13771,United Kingdom,2010-02-25,2011-10-06,2010-02-01,65,9,5726.07,3,4,4,Champions,1
13772,United Kingdom,2010-02-23,2011-11-06,2010-02-01,34,8,3080.52,3,4,4,Champions,1
13773,United Kingdom,2010-02-18,2010-11-08,2010-02-01,397,2,301.54,1,2,1,Lost,5
13774,United Kingdom,2011-09-19,2011-09-19,2011-09-01,82,1,345.0,3,1,2,New,3
13775,United Kingdom,2010-04-28,2010-04-28,2010-04-01,591,1,1049.66,1,1,3,Lost,5
13777,United Kingdom,2009-12-02,2011-12-09,2009-12-01,1,61,49228.16,4,4,4,Champions,1
13778,United Kingdom,2010-05-23,2011-08-28,2010-05-01,104,4,1116.54,2,3,3,At risk,4
13779,United Kingdom,2010-07-12,2010-07-12,2010-07-01,516,1,161.13,1,1,1,Lost,5
13780,United Kingdom,2010-10-28,2011-12-02,2010-10-01,8,3,732.07,4,2,2,Loyal,2
13781,United Kingdom,2009-12-18,2011-04-03,2009-12-01,251,3,770.88,2,2,2,Lost,5
13782,United Kingdom,2009-12-06,2011-11-27,2009-12-01,13,13,1778.13,4,4,3,Champions,1
13783,United Kingdom,2010-02-04,2010-08-09,2010-02-01,488,4,1542.09,1,3,3,At risk,4
13784,United Kingdom,2010-09-15,2011-11-30,2010-09-01,10,14,2897.18,4,4,4,Champions,1
13785,United Kingdom,2010-09-05,2010-10-07,2010-09-01,429,4,542.49,1,3,2,Lost,5
13786,United Kingdom,2009-12-03,2010-12-07,2009-12-01,368,6,3112.99,2,3,4,At risk,4
13787,United Kingdom,2010-01-14,2011-09-25,2010-01-01,76,6,1173.7,3,3,3,Champions,1
13788,United Kingdom,2010-07-22,2010-07-22,2010-07-01,506,1,3.75,1,1,1,Lost,5
13789,United Kingdom,2010-11-16,2010-11-16,2010-11-01,389,1,239.46,1,1,1,Lost,5
13790,United Kingdom,2011-12-05,2011-12-05,2011-12-01,5,1,348.8,4,1,2,New,3
13791,United Kingdom,2011-06-24,2011-08-04,2011-06-01,128,2,1047.68,2,2,3,Lost,5
13792,United Kingdom,2010-10-13,2011-10-04,2010-10-01,67,3,383.95,3,2,2,Loyal,2
13793,United Kingdom,2010-03-03,2010-03-03,2010-03-01,647,1,96.0,1,1,1,Lost,5
13794,United Kingdom,2010-06-11,2010-06-11,2010-06-01,547,1,126.03,1,1,1,Lost,5
13795,United Kingdom,2010-03-12,2010-11-16,2010-03-01,389,4,836.3,1,3,2,Lost,5
13796,United Kingdom,2010-07-28,2010-07-28,2010-07-01,500,1,289.7,1,1,1,Lost,5
13797,United Kingdom,2010-03-02,2010-09-29,2010-03-01,437,3,1168.45,1,2,3,Lost,5
13798,United Kingdom,2009-12-08,2011-12-08,2009-12-01,2,110,73177.5,4,4,4,Champions,1
13799,United Kingdom,2010-03-05,2011-08-15,2010-03-01,117,9,2039.82,2,4,3,At risk,4
13800,United Kingdom,2009-12-03,2011-02-03,2009-12-01,310,3,1679.56,2,2,3,Lost,5
13801,United Kingdom,2011-10-04,2011-10-04,2011-10-01,67,1,324.8,3,1,1,New,3
13802,United Kingdom,2010-02-16,2011-07-24,2010-02-01,139,19,25491.56,2,4,4,At risk,4
13803,United Kingdom,2010-03-31,2011-03-29,2010-03-01,256,3,1319.11,2,2,3,Lost,5
13804,United Kingdom,2010-09-29,2011-11-09,2010-09-01,31,9,3161.12,3,4,4,Champions,1
13805,United Kingdom,2011-08-02,2011-10-18,2011-08-01,53,2,924.6,3,2,3,Loyal,2
13806,United Kingdom,2011-10-07,2011-10-07,2011-10-01,64,1,256.38,3,1,1,New,3
13807,United Kingdom,2009-12-04,2010-12-07,2009-12-01,368,3,397.3,2,2,2,Lost,5
13808,United Kingdom,2011-09-04,2011-12-04,2011-09-01,6,5,1747.66,4,3,3,Champions,1
13809,Cyprus,2010-09-05,2011-02-07,2010-09-01,306,3,679.7,2,2,2,Lost,5
13810,Germany,2011-10-14,2011-11-11,2011-10-01,29,2,827.51,3,2,2,Loyal,2
13811,Germany,2011-04-14,2011-06-09,2011-04-01,184,2,519.75,2,2,2,Lost,5
13812,Germany,2011-08-26,2011-10-28,2011-08-01,43,3,485.0,3,2,2,Loyal,2
13813,Germany,2009-12-06,2011-10-31,2009-12-01,40,8,2308.42,3,4,4,Champions,1
13814,Germany,2010-06-30,2011-09-08,2010-06-01,93,3,2239.07,3,2,4,Champions,1
13815,Germany,2010-02-12,2011-11-17,2010-02-01,23,8,6547.79,4,4,4,Champions,1
13816,Germany,2011-10-06,2011-11-16,2011-10-01,24,2,483.04,4,2,2,Loyal,2
13817,Germany,2010-12-23,2011-11-10,2010-12-01,30,2,328.98,3,2,1,Loyal,2
13818,United Kingdom,2010-10-06,2010-10-06,2010-10-01,430,1,61.28,1,1,1,Lost,5
13819,United Kingdom,2009-12-01,2011-02-11,2009-12-01,302,6,2631.1,2,3,4,At risk,4
13820,United Kingdom,2010-01-28,2010-10-17,2010-01-01,419,3,632.5,1,2,2,Lost,5
13821,United Kingdom,2010-01-04,2011-07-18,2010-01-01,145,6,1355.38,2,3,3,At risk,4
13822,United Kingdom,2011-10-30,2011-12-04,2011-10-01,6,2,632.0,4,2,2,Loyal,2
13823,United Kingdom,2009-12-15,2011-11-21,2009-12-01,19,7,3358.55,4,3,4,Champions,1
13824,United Kingdom,2010-03-12,2011-11-07,2010-03-01,33,12,3273.36,3,4,4,Champions,1
13825,United Kingdom,2009-12-09,2010-03-28,2009-12-01,622,2,255.59,1,2,1,Lost,5
13826,United Kingdom,2011-06-16,2011-06-16,2011-06-01,177,1,179.55,2,1,1,Lost,5
13827,United Kingdom,2011-07-19,2011-10-13,2011-07-01,58,3,409.8,3,2,2,Loyal,2
13828,United Kingdom,2011-11-17,2011-11-17,2011-11-01,23,1,209.49,4,1,1,New,3
13830,United Kingdom,2010-05-07,2010-05-07,2010-05-01,582,1,135.95,1,1,1,Lost,5
13831,United Kingdom,2009-12-10,2011-11-23,2009-12-01,17,18,6571.14,4,4,4,Champions,1
13832,United Kingdom,2010-10-13,2011-11-20,2010-10-01,20,2,598.64,4,2,2,Loyal,2
13833,United Kingdom,2010-10-31,2011-07-03,2010-10-01,160,2,700.41,2,2,2,Lost,5
13834,United Kingdom,2010-02-08,2010-05-12,2010-02-01,577,2,269.89,1,2,1,Lost,5
13835,United Kingdom,2010-03-04,2011-11-14,2010-03-01,26,7,1044.82,3,3,3,Champions,1
13836,United Kingdom,2010-10-21,2010-11-05,2010-10-01,400,2,602.52,1,2,2,Lost,5
13837,United Kingdom,2011-01-26,2011-05-12,2011-01-01,212,2,266.59,2,2,1,Lost,5
13838,United Kingdom,2010-05-09,2011-12-04,2010-05-01,6,10,1690.07,4,4,3,Champions,1
13839,United Kingdom,2010-08-10,2010-08-10,2010-08-01,487,1,139.95,1,1,1,Lost,5
13840,United Kingdom,2010-10-19,2010-10-19,2010-10-01,417,1,651.4,1,1,2,Lost,5
13841,United Kingdom,2011-04-01,2011-04-01,2011-04-01,253,1,85.0,2,1,1,Lost,5
13842,United Kingdom,2010-02-16,2011-10-12,2010-02-01,59,18,5294.39,3,4,4,Champions,1
13843,United Kingdom,2010-11-23,2010-11-23,2010-11-01,382,1,319.75,1,1,1,Lost,5
13844,United Kingdom,2011-11-28,2011-11-28,2011-11-01,12,1,361.62,4,1,2,New,3
13845,United Kingdom,2011-10-06,2011-10-06,2011-10-01,65,1,312.98,3,1,1,New,3
13846,United Kingdom,2010-11-05,2011-11-15,2010-11-01,25,4,1290.34,4,3,3,Champions,1
13847,United Kingdom,2009-12-20,2009-12-20,2009-12-01,720,1,310.72,1,1,1,Lost,5
13848,United Kingdom,2009-12-09,2011-09-08,2009-12-01,93,8,3015.0,3,4,4,Champions,1
13849,United Kingdom,2010-03-25,2011-10-19,2010-03-01,52,5,3443.8,3,3,4,Champions,1
13850,United Kingdom,2011-08-02,2011-08-02,2011-08-01,130,1,1586.81,2,1,3,Lost,5
13851,United Kingdom,2010-01-29,2011-09-05,2010-01-01,96,8,4516.76,2,4,4,At risk,4
13852,United Kingdom,2010-04-08,2010-04-08,2010-04-01,611,1,170.45,1,1,1,Lost,5
13853,United Kingdom,2011-10-13,2011-10-13,2011-10-01,58,1,1056.94,3,1,3,New,3
13854,United Kingdom,2010-01-08,2011-12-01,2010-01-01,9,39,11848.81,4,4,4,Champions,1
13855,United Kingdom,2009-12-08,2010-07-27,2009-12-01,501,4,1253.94,1,3,3,At risk,4
13856,United Kingdom,2010-03-30,2011-06-24,2010-03-01,169,11,1058.88,2,4,3,At risk,4
13857,United Kingdom,2010-05-17,2010-11-11,2010-05-01,394,6,997.01,1,3,3,At risk,4
13858,United Kingdom,2011-10-13,2011-10-13,2011-10-01,58,1,216.17,3,1,1,New,3
13859,United Kingdom,2010-06-28,2011-01-17,2010-06-01,327,2,515.86,2,2,2,Lost,5
13860,United Kingdom,2011-09-14,2011-12-08,2011-09-01,2,5,1240.0,4,3,3,Champions,1
13861,United Kingdom,2010-06-27,2010-10-06,2010-06-01,430,2,251.31,1,2,1,Lost,5
13862,United Kingdom,2010-11-15,2011-11-21,2010-11-01,19,9,2534.04,4,4,4,Champions,1
13863,United Kingdom,2010-04-25,2011-04-06,2010-04-01,248,4,1217.63,2,3,3,At risk,4
13864,United Kingdom,2010-11-18,2010-11-18,2010-11-01,387,1,662.4,1,1,2,Lost,5
13865,United Kingdom,2011-02-23,2011-10-12,2011-02-01,59,4,501.56,3,3,2,Loyal,2
13866,United Kingdom,2011-09-26,2011-09-26,2011-09-01,75,1,145.67,3,1,1,New,3
13867,United Kingdom,2011-05-05,2011-11-08,2011-05-01,32,3,1005.09,3,2,3,Loyal,2
13868,United Kingdom,2011-11-01,2011-12-02,2011-11-01,8,2,3192.54,4,2,4,Champions,1
13869,United Kingdom,2010-01-17,2011-08-08,2010-01-01,124,10,7996.87,2,4,4,At risk,4
13870,United Kingdom,2010-02-08,2011-12-07,2010-02-01,3,15,5689.84,4,4,4,Champions,1
13871,United Kingdom,2009-12-20,2011-11-17,2009-12-01,23,17,7804.95,4,4,4,Champions,1
13872,United Kingdom,2009-12-14,2010-06-30,2009-12-01,528,3,891.32,1,2,3,Lost,5
13873,United Kingdom,2010-03-03,2011-08-12,2010-03-01,120,8,1031.02,2,4,3,At risk,4
13874,United Kingdom,2010-02-04,2010-12-16,2010-02-01,359,7,1989.2,2,3,3,At risk,4
13875,United Kingdom,2009-12-17,2011-10-17,2009-12-01,54,14,4814.37,3,4,4,Champions,1
13876,United Kingdom,2011-10-07,2011-10-07,2011-10-01,64,1,122.7,3,1,1,New,3
13877,United Kingdom,2010-01-19,2011-09-14,2010-01-01,87,3,446.33,3,2,2,Loyal,2
13878,United Kingdom,2010-04-14,2011-10-16,2010-04-01,55,4,2416.9,3,3,4,Champions,1
13879,United Kingdom,2010-03-04,2010-03-04,2010-03-01,646,1,395.5,1,1,2,Lost,5
13880,United Kingdom,2010-05-26,2011-11-18,2010-05-01,22,17,4293.86,4,4,4,Champions,1
13881,United Kingdom,2010-03-04,2011-12-06,2010-03-01,4,43,44392.5,4,4,4,Champions,1
13882,United Kingdom,2011-10-06,2011-12-07,2011-10-01,3,5,1131.28,4,3,3,Champions,1
13883,United Kingdom,2010-02-28,2011-11-29,2010-02-01,11,14,6321.59,4,4,4,Champions,1
13884,United Kingdom,2010-08-26,2011-12-02,2010-08-01,8,10,1788.93,4,4,3,Champions,1
13885,United Kingdom,2011-05-23,2011-06-03,2011-05-01,190,2,506.8,2,2,2,Lost,5
13886,United Kingdom,2011-09-29,2011-09-29,2011-09-01,72,1,243.56,3,1,1,New,3
13887,United Kingdom,2011-05-19,2011-05-19,2011-05-01,205,1,349.55,2,1,2,Lost,5
13888,United Kingdom,2010-05-13,2011-08-12,2010-05-01,120,7,2001.59,2,3,3,At risk,4
13889,United Kingdom,2010-01-22,2011-09-08,2010-01-01,93,6,1855.73,3,3,3,Champions,1
13890,United Kingdom,2009-12-06,2011-12-08,2009-12-01,2,14,2858.73,4,4,4,Champions,1
13891,United Kingdom,2010-05-06,2010-11-26,2010-05-01,379,3,859.21,1,2,3,Lost,5
13892,United Kingdom,2010-05-13,2011-11-13,2010-05-01,27,6,1267.65,3,3,3,Champions,1
13893,United Kingdom,2011-02-15,2011-02-15,2011-02-01,298,1,821.1,2,1,2,Lost,5
13894,United Kingdom,2011-02-02,2011-11-16,2011-02-01,24,3,535.97,4,2,2,Loyal,2
13895,United Kingdom,2009-12-03,2011-11-11,2009-12-01,29,6,3923.62,3,3,4,Champions,1
13896,United Kingdom,2010-03-24,2010-03-24,2010-03-01,626,1,388.55,1,1,2,Lost,5
13897,United Kingdom,2010-01-31,2011-10-20,2010-01-01,51,3,1160.72,3,2,3,Loyal,2
13898,United Kingdom,2010-10-24,2011-01-18,2010-10-01,326,2,686.4,2,2,2,Lost,5
13899,United Kingdom,2011-03-10,2011-11-23,2011-03-01,17,2,388.52,4,2,2,Loyal,2
13900,United Kingdom,2010-03-25,2011-06-09,2010-03-01,184,6,1608.09,2,3,3,At risk,4
13901,United Kingdom,2010-01-05,2011-09-28,2010-01-01,73,15,5599.34,3,4,4,Champions,1
13902,Denmark,2009-12-15,2010-03-17,2009-12-01,633,5,30375.26,1,3,4,At risk,4
13903,United Kingdom,2010-11-04,2010-11-04,2010-11-01,401,1,165.45,1,1,1,Lost,5
13904,United Kingdom,2011-02-18,2011-11-02,2011-02-01,38,2,332.64,3,2,1,Loyal,2
13905,United Kingdom,2009-12-07,2009-12-07,2009-12-01,733,1,244.45,1,1,1,Lost,5
13906,United Kingdom,2010-10-26,2010-10-26,2010-10-01,410,1,42.0,1,1,1,Lost,5
13907,United Kingdom,2010-01-17,2010-01-17,2010-01-01,692,1,136.8,1,1,1,Lost,5
13908,United Kingdom,2011-03-08,2011-09-21,2011-03-01,80,4,2297.05,3,3,4,Champions,1
13909,United Kingdom,2010-07-06,2010-10-12,2010-07-01,424,2,282.85,1,2,1,Lost,5
13911,United Kingdom,2010-03-01,2011-10-13,2010-03-01,58,20,4200.04,3,4,4,Champions,1
13912,United Kingdom,2010-10-12,2010-10-12,2010-10-01,424,1,124.95,1,1,1,Lost,5
13913,United Kingdom,2010-07-21,2010-07-21,2010-07-01,507,1,42.22,1,1,1,Lost,5
13914,United Kingdom,2011-11-03,2011-11-28,2011-11-01,12,2,613.95,4,2,2,Loyal,2
13915,United Kingdom,2010-11-10,2010-11-10,2010-11-01,395,1,31.2,1,1,1,Lost,5
13916,United Kingdom,2010-02-02,2010-09-02,2010-02-01,464,4,1260.51,1,3,3,At risk,4
13917,United Kingdom,2011-06-01,2011-10-21,2011-06-01,50,2,272.04,3,2,1,Loyal,2
13918,United Kingdom,2011-03-31,2011-10-21,2011-03-01,50,2,1212.84,3,2,3,Loyal,2
13919,Denmark,2010-06-17,2011-10-11,2010-06-01,60,4,1218.03,3,3,3,Champions,1
13920,United Kingdom,2010-05-26,2010-10-04,2010-05-01,432,4,1734.88,1,3,3,At risk,4
13921,United Kingdom,2009-12-18,2010-11-02,2009-12-01,403,4,720.75,1,3,2,Lost,5
13922,United Kingdom,2010-08-29,2010-12-23,2010-08-01,352,3,826.65,2,2,2,Lost,5
13923,United Kingdom,2011-10-17,2011-10-17,2011-10-01,54,1,351.13,3,1,2,New,3
13924,United Kingdom,2011-09-28,2011-12-08,2011-09-01,2,6,1682.08,4,3,3,Champions,1
13925,United Kingdom,2011-07-28,2011-09-08,2011-07-01,93,4,616.65,3,3,2,Loyal,2
13926,United Kingdom,2011-11-16,2011-11-16,2011-11-01,24,1,223.85,4,1,1,New,3
13927,United Kingdom,2010-09-28,2011-09-26,2010-09-01,75,2,689.96,3,2,2,Loyal,2
13928,United Kingdom,2011-07-29,2011-11-29,2011-07-01,11,4,464.57,4,3,2,Loyal,2
13929,United Kingdom,2010-01-14,2011-06-23,2010-01-01,170,11,3318.1,2,4,4,At risk,4
13930,United Kingdom,2011-07-26,2011-10-13,2011-07-01,58,2,337.34,3,2,2,Loyal,2
13931,United Kingdom,2009-12-03,2011-09-05,2009-12-01,96,11,5250.78,2,4,4,At risk,4
13932,United Kingdom,2011-02-18,2011-02-18,2011-02-01,295,1,307.4,2,1,1,Lost,5
13933,United Kingdom,2011-07-14,2011-08-22,2011-07-01,110,2,608.79,2,2,2,Lost,5
13934,United Kingdom,2011-03-21,2011-03-21,2011-03-01,264,1,922.1,2,1,3,Lost,5
13935,United Kingdom,2010-02-25,2010-04-22,2010-02-01,597,3,6116.92,1,2,4,At risk,4
13936,United Kingdom,2010-10-21,2011-06-13,2010-10-01,180,3,924.36,2,2,3,Lost,5
13937,United Kingdom,2010-11-02,2011-06-23,2010-11-01,170,2,867.38,2,2,3,Lost,5
13938,United Kingdom,2011-11-04,2011-11-04,2011-11-01,36,1,71.66,3,1,1,New,3
13939,United Kingdom,2010-04-06,2011-11-16,2010-04-01,24,7,1533.66,4,3,3,Champions,1
13940,United Kingdom,2011-07-18,2011-11-22,2011-07-01,18,4,839.14,4,3,2,Loyal,2
13941,United Kingdom,2009-12-16,2011-11-18,2009-12-01,22,15,9826.63,4,4,4,Champions,1
13942,United Kingdom,2010-06-23,2010-06-23,2010-06-01,535,1,320.0,1,1,1,Lost,5
13943,United Kingdom,2010-05-11,2010-05-11,2010-05-01,578,1,246.54,1,1,1,Lost,5
13944,United Kingdom,2010-02-24,2010-02-24,2010-02-01,654,1,200.43,1,1,1,Lost,5
13945,United Kingdom,2010-08-17,2010-11-10,2010-08-01,395,2,854.15,1,2,3,Lost,5
13946,United Kingdom,2009-12-04,2011-09-21,2009-12-01,80,6,1745.43,3,3,3,Champions,1
13947,United Kingdom,2011-10-05,2011-10-05,2011-10-01,66,1,90.6,3,1,1,New,3
13948,United Kingdom,2009-12-04,2010-12-14,2009-12-01,361,4,536.86,2,3,2,Lost,5
13949,United Kingdom,2011-09-06,2011-12-07,2011-09-01,3,6,2427.32,4,3,4,Champions,1
13950,United Kingdom,2011-04-07,2011-11-28,2011-04-01,12,4,728.56,4,3,2,Loyal,2
13951,United Kingdom,2011-02-18,2011-06-16,2011-02-01,177,3,674.45,2,2,2,Lost,5
13952,United Kingdom,2009-12-16,2011-05-06,2009-12-01,218,14,12790.89,2,4,4,At risk,4
13953,United Kingdom,2009-12-11,2011-12-02,2009-12-01,8,12,6640.68,4,4,4,Champions,1
13954,United Kingdom,2011-09-30,2011-12-08,2011-09-01,2,2,378.59,4,2,2,Loyal,2
13955,United Kingdom,2010-11-29,2011-07-08,2010-11-01,155,3,544.07,2,2,2,Lost,5
13956,United Kingdom,2011-03-13,2011-12-04,2011-03-01,6,5,1019.27,4,3,3,Champions,1
13957,United Kingdom,2010-02-19,2010-10-18,2010-02-01,418,3,458.25,1,2,2,Lost,5
13958,United Kingdom,2009-12-05,2010-11-25,2009-12-01,380,8,4504.78,1,4,4,At risk,4
13959,United Kingdom,2010-07-16,2011-09-21,2010-07-01,80,6,1064.77,3,3,3,Champions,1
13960,United Kingdom,2011-09-29,2011-11-18,2011-09-01,22,2,230.22,4,2,1,Loyal,2
13961,United Kingdom,2010-11-12,2010-11-12,2010-11-01,393,1,498.7,1,1,2,Lost,5
13962,United Kingdom,2010-09-30,2011-11-18,2010-09-01,22,3,362.8,4,2,2,Loyal,2
13963,United Kingdom,2010-04-21,2011-02-04,2010-04-01,309,17,2748.32,2,4,4,At risk,4
13964,United Kingdom,2010-10-05,2010-11-17,2010-10-01,388,2,421.9,1,2,2,Lost,5
13965,United Kingdom,2010-01-05,2010-08-20,2010-01-01,477,3,777.66,1,2,2,Lost,5
13966,United Kingdom,2010-09-30,2010-09-30,2010-09-01,436,1,384.26,1,1,2,Lost,5
13967,United Kingdom,2010-11-08,2011-07-17,2010-11-01,146,2,166.3,2,2,1,Lost,5
13968,United Kingdom,2010-10-12,2010-10-12,2010-10-01,424,1,123.66,1,1,1,Lost,5
13969,United Kingdom,2010-03-25,2011-12-02,2010-03-01,8,35,12820.36,4,4,4,Champions,1
13970,United Kingdom,2010-09-28,2010-11-18,2010-09-01,387,2,846.55,1,2,3,Lost,5
13971,United Kingdom,2010-01-26,2011-11-21,2010-01-01,19,14,4593.83,4,4,4,Champions,1
13972,United Kingdom,2011-05-22,2011-09-30,2011-05-01,71,2,190.25,3,2,1,Loyal,2
13973,United Kingdom,2011-02-25,2011-02-25,2011-02-01,288,1,264.7,2,1,1,Lost,5
13974,United Kingdom,2010-05-06,2011-10-21,2010-05-01,50,2,663.52,3,2,2,Loyal,2
13975,United Kingdom,2010-02-02,2011-11-08,2010-02-01,32,12,5224.85,3,4,4,Champions,1
13976,United Kingdom,2010-02-09,2011-05-17,2010-02-01,207,4,1192.36,2,3,3,At risk,4
13977,United Kingdom,2010-10-24,2010-10-24,2010-10-01,412,1,519.81,1,1,2,Lost,5
13978,United Kingdom,2011-10-25,2011-11-25,2011-10-01,15,2,196.79,4,2,1,Loyal,2
13979,United Kingdom,2009-12-03,2011-09-27,2009-12-01,74,7,3284.23,3,3,4,Champions,1
13980,United Kingdom,2010-02-21,2011-10-10,2010-02-01,61,5,722.02,3,3,2,Loyal,2
13981,United Kingdom,2010-10-20,2010-10-20,2010-10-01,416,1,327.39,1,1,1,Lost,5
13982,United Kingdom,2010-01-20,2011-10-31,2010-01-01,40,9,3927.49,3,4,4,Champions,1
13983,United Kingdom,2009-12-09,2011-11-10,2009-12-01,30,21,6638.85,3,4,4,Champions,1
13984,United Kingdom,2009-12-07,2011-11-13,2009-12-01,27,12,1461.32,3,4,3,Champions,1
13985,United Kingdom,2010-02-09,2011-12-05,2010-02-01,5,22,9982.31,4,4,4,Champions,1
13986,United Kingdom,2011-11-22,2011-11-22,2011-11-01,18,1,320.46,4,1,1,New,3
13987,United Kingdom,2010-11-04,2010-11-25,2010-11-01,380,2,682.54,1,2,2,Lost,5
13988,United Kingdom,2010-03-24,2011-11-20,2010-03-01,20,8,4708.64,4,4,4,Champions,1
13989,United Kingdom,2010-05-25,2011-10-05,2010-05-01,66,5,2026.06,3,3,3,Champions,1
13990,United Kingdom,2011-05-10,2011-05-10,2011-05-01,214,1,311.3,2,1,1,Lost,5
13991,United Kingdom,2011-07-19,2011-11-27,2011-07-01,13,6,846.54,4,3,3,Champions,1
13992,United Kingdom,2010-09-02,2011-11-09,2010-09-01,31,3,219.5,3,2,1,Loyal,2
13993,United Kingdom,2009-12-03,2011-10-28,2009-12-01,43,19,6690.36,3,4,4,Champions,1
13994,United Kingdom,2011-07-14,2011-12-06,2011-07-01,4,6,2274.14,4,3,4,Champions,1
13995,United Kingdom,2009-12-18,2011-11-24,2009-12-01,16,14,3836.26,4,4,4,Champions,1
13996,United Kingdom,2010-11-05,2010-11-18,2010-11-01,387,2,845.76,1,2,3,Lost,5
13997,United Kingdom,2010-06-07,2010-07-08,2010-06-01,520,3,376.46,1,2,2,Lost,5
13998,United Kingdom,2010-05-12,2010-09-19,2010-05-01,447,3,566.7,1,2,2,Lost,5
13999,United Kingdom,2009-12-05,2011-11-29,2009-12-01,11,29,9438.01,4,4,4,Champions,1
14000,United Kingdom,2009-12-02,2011-05-12,2009-12-01,212,5,1877.59,2,3,3,At risk,4
14001,United Kingdom,2010-08-03,2011-10-25,2010-08-01,46,9,4228.85,3,4,4,Champions,1
14002,United Kingdom,2011-07-06,2011-07-28,2011-07-01,135,2,529.73,2,2,2,Lost,5
14003,United Kingdom,2009-12-07,2009-12-07,2009-12-01,733,1,209.41,1,1,1,Lost,5
14004,United Kingdom,2010-09-30,2011-10-27,2010-09-01,44,11,6258.45,3,4,4,Champions,1
14005,United Kingdom,2011-05-08,2011-11-30,2011-05-01,10,5,2874.72,4,3,4,Champions,1
14006,United Kingdom,2010-02-25,2011-08-16,2010-02-01,116,7,2196.67,2,3,4,At risk,4
14007,United Kingdom,2010-07-15,2010-07-15,2010-07-01,513,1,79.48,1,1,1,Lost,5
14008,United Kingdom,2010-10-03,2010-10-03,2010-10-01,433,1,493.74,1,1,2,Lost,5
14009,United Kingdom,2010-09-03,2011-05-25,2010-09-01,199,3,1090.23,2,2,3,Lost,5
14010,United Kingdom,2010-05-23,2010-05-23,2010-05-01,566,2,288.1,1,2,1,Lost,5
14011,United Kingdom,2010-04-11,2010-08-16,2010-04-01,481,2,451.92,1,2,2,Lost,5
14012,United Kingdom,2011-03-07,2011-03-07,2011-03-01,278,1,328.8,2,1,1,Lost,5
14013,United Kingdom,2010-03-26,2011-08-21,2010-03-01,111,5,1006.22,2,3,3,At risk,4
14014,United Kingdom,2010-05-12,2011-09-23,2010-05-01,78,3,1948.21,3,2,3,Loyal,2
14015,United Kingdom,2011-10-18,2011-10-18,2011-10-01,53,1,917.34,3,1,3,New,3
14016,EIRE,2010-01-08,2011-07-01,2010-01-01,162,11,11279.71,2,4,4,At risk,4
14017,United Kingdom,2010-05-17,2010-05-17,2010-05-01,572,1,229.75,1,1,1,Lost,5
14018,United Kingdom,2010-03-04,2010-03-04,2010-03-01,646,1,367.15,1,1,2,Lost,5
14019,United Kingdom,2011-07-24,2011-10-24,2011-07-01,47,3,1398.96,3,2,3,Loyal,2
14020,United Kingdom,2010-06-28,2011-11-23,2010-06-01,17,4,1213.26,4,3,3,Champions,1
14021,United Kingdom,2010-04-26,2011-07-07,2010-04-01,156,7,1716.58,2,3,3,At risk,4
14022,United Kingdom,2010-08-10,2011-04-28,2010-08-01,226,2,792.15,2,2,2,Lost,5
14023,United Kingdom,2011-04-03,2011-12-02,2011-04-01,8,2,584.07,4,2,2,Loyal,2
14024,United Kingdom,2010-11-14,2011-08-10,2010-11-01,122,3,645.74,2,2,2,Lost,5
14025,United Kingdom,2010-05-05,2010-09-01,2010-05-01,465,8,3969.1,1,4,4,At risk,4
14026,United Kingdom,2010-03-24,2010-08-26,2010-03-01,471,2,713.11,1,2,2,Lost,5
14027,United Kingdom,2011-10-10,2011-10-10,2011-10-01,61,1,104.82,3,1,1,New,3
14028,United Kingdom,2010-06-07,2010-06-07,2010-06-01,551,3,6786.0,1,2,4,At risk,4
14029,United Kingdom,2011-07-18,2011-10-07,2011-07-01,64,2,467.66,3,2,2,Loyal,2
14030,United Kingdom,2009-12-10,2011-11-21,2009-12-01,19,20,7405.1,4,4,4,Champions,1
14031,United Kingdom,2009-12-03,2011-12-02,2009-12-01,8,44,36112.53,4,4,4,Champions,1
14032,United Kingdom,2009-12-14,2011-12-07,2009-12-01,3,16,4482.21,4,4,4,Champions,1
14033,United Kingdom,2010-06-02,2010-06-02,2010-06-01,556,1,109.44,1,1,1,Lost,5
14034,United Kingdom,2011-07-05,2011-11-17,2011-07-01,23,3,509.09,4,2,2,Loyal,2
14035,United Kingdom,2010-04-06,2011-11-11,2010-04-01,29,9,2790.5,3,4,4,Champions,1
14036,United Kingdom,2011-02-28,2011-02-28,2011-02-01,285,1,626.65,2,1,2,Lost,5
14037,United Kingdom,2009-12-07,2011-06-16,2009-12-01,177,6,755.95,2,3,2,Lost,5
14038,United Kingdom,2010-02-04,2011-09-22,2010-02-01,79,5,3000.93,3,3,4,Champions,1
14039,United Kingdom,2010-05-13,2011-11-06,2010-05-01,34,2,267.28,3,2,1,Loyal,2
14040,United Kingdom,2009-12-01,2011-10-30,2009-12-01,41,35,12340.13,3,4,4,Champions,1
14041,United Kingdom,2011-03-18,2011-03-18,2011-03-01,267,1,141.41,2,1,1,Lost,5
14042,United Kingdom,2009-12-14,2009-12-14,2009-12-01,726,1,431.98,1,1,2,Lost,5
14043,United Kingdom,2009-12-10,2010-08-05,2009-12-01,492,2,299.65,1,2,1,Lost,5
14044,United Kingdom,2010-01-24,2011-11-13,2010-01-01,27,10,3057.0,3,4,4,Champions,1
14045,United Kingdom,2010-01-08,2011-08-22,2010-01-01,110,16,9334.23,2,4,4,At risk,4
14046,United Kingdom,2011-02-28,2011-02-28,2011-02-01,285,1,151.59,2,1,1,Lost,5
14047,United Kingdom,2010-02-01,2011-12-01,2010-02-01,9,14,3881.11,4,4,4,Champions,1
14048,United Kingdom,2010-11-22,2011-02-07,2010-11-01,306,3,713.89,2,2,2,Lost,5
14049,United Kingdom,2010-04-01,2011-11-23,2010-04-01,17,13,12848.4,4,4,4,Champions,1
14050,United Kingdom,2011-08-25,2011-11-08,2011-08-01,32,2,746.36,3,2,2,Loyal,2
14051,United Kingdom,2009-12-03,2011-12-09,2009-12-01,1,37,21441.48,4,4,4,Champions,1
14052,United Kingdom,2010-11-14,2011-11-20,2010-11-01,20,2,466.66,4,2,2,Loyal,2
14053,United Kingdom,2010-08-10,2011-08-07,2010-08-01,125,4,572.3,2,3,2,Lost,5
14054,United Kingdom,2011-10-05,2011-10-05,2011-10-01,66,1,92.46,3,1,1,New,3
14055,United Kingdom,2009-12-16,2011-08-25,2009-12-01,107,3,1520.96,2,2,3,Lost,5
14056,United Kingdom,2011-02-28,2011-12-08,2011-02-01,2,23,8063.3,4,4,4,Champions,1
14057,United Kingdom,2009-12-03,2011-11-16,2009-12-01,24,22,8276.1,4,4,4,Champions,1
14058,United Kingdom,2010-06-27,2010-09-03,2010-06-01,463,2,469.19,1,2,2,Lost,5
14059,United Kingdom,2011-03-18,2011-03-18,2011-03-01,267,1,183.6,2,1,1,Lost,5
14060,United Kingdom,2010-03-11,2011-12-05,2010-03-01,5,30,8882.3,4,4,4,Champions,1
14061,United Kingdom,2009-12-01,2010-07-20,2009-12-01,508,3,917.43,1,2,3,Lost,5
14062,United Kingdom,2009-12-10,2011-11-30,2009-12-01,10,24,25416.28,4,4,4,Champions,1
14063,United Kingdom,2009-12-08,2010-01-22,2009-12-01,687,7,9471.5,1,3,4,At risk,4
14064,United Kingdom,2010-01-21,2011-11-10,2010-01-01,30,15,2967.57,3,4,4,Champions,1
14065,United Kingdom,2010-10-04,2010-11-15,2010-10-01,390,3,889.37,1,2,3,Lost,5
14066,United Kingdom,2011-03-18,2011-03-18,2011-03-01,267,1,152.55,2,1,1,Lost,5
14067,United Kingdom,2011-09-04,2011-10-07,2011-09-01,64,2,374.7,3,2,2,Loyal,2
14068,United Kingdom,2010-01-31,2011-01-23,2010-01-01,321,4,1493.32,2,3,3,At risk,4
14069,United Kingdom,2010-05-27,2010-07-13,2010-05-01,515,2,225.81,1,2,1,Lost,5
14070,United Kingdom,2010-01-24,2010-01-24,2010-01-01,685,1,321.6,1,1,1,Lost,5
14071,United Kingdom,2011-03-20,2011-12-06,2011-03-01,4,8,1291.34,4,4,3,Champions,1
14072,United Kingdom,2010-02-11,2010-02-11,2010-02-01,667,1,390.85,1,1,2,Lost,5
14073,United Kingdom,2011-11-07,2011-11-07,2011-11-01,33,1,139.54,3,1,1,New,3
14074,United Kingdom,2010-03-26,2010-03-26,2010-03-01,624,1,219.4,1,1,1,Lost,5
14075,United Kingdom,2010-08-26,2011-12-05,2010-08-01,5,5,1724.87,4,3,3,Champions,1
14076,United Kingdom,2011-08-02,2011-08-02,2011-08-01,130,1,118.67,2,1,1,Lost,5
14077,United Kingdom,2010-11-09,2011-10-30,2010-11-01,41,6,615.08,3,3,2,Loyal,2
14078,United Kingdom,2010-03-28,2011-08-30,2010-03-01,102,9,1551.82,2,4,3,At risk,4
14079,United Kingdom,2011-08-07,2011-08-07,2011-08-01,125,1,375.1,2,1,2,Lost,5
14080,United Kingdom,2009-12-02,2011-11-07,2009-12-01,33,5,1075.73,3,3,3,Champions,1
14081,United Kingdom,2009-12-10,2011-02-10,2009-12-01,303,10,4747.52,2,4,4,At risk,4
14082,United Kingdom,2010-11-12,2010-12-10,2010-11-01,365,2,413.36,2,2,2,Lost,5
14083,United Kingdom,2009-12-18,2011-12-05,2009-12-01,5,11,1082.19,4,4,3,Champions,1
14084,United Kingdom,2010-07-15,2010-07-15,2010-07-01,513,1,150.5,1,1,1,Lost,5
14085,United Kingdom,2009-12-08,2011-12-07,2009-12-01,3,32,9692.92,4,4,4,Champions,1
14086,United Kingdom,2010-09-03,2010-09-03,2010-09-01,463,1,39.95,1,1,1,Lost,5
14087,United Kingdom,2009-12-04,2011-12-07,2009-12-01,3,3,786.72,4,2,2,Loyal,2
14088,United Kingdom,2010-10-14,2011-11-29,2010-10-01,11,16,63731.63,4,4,4,Champions,1
14089,United Kingdom,2011-10-14,2011-10-14,2011-10-01,57,1,158.75,3,1,1,New,3
14090,United Kingdom,2011-01-19,2011-01-19,2011-01-01,325,1,76.32,2,1,1,Lost,5
14091,United Kingdom,2010-01-10,2010-02-23,2010-01-01,655,2,9530.08,1,2,4,At risk,4
14092,United Kingdom,2009-12-16,2011-12-02,2009-12-01,8,24,7215.64,4,4,4,Champions,1
14093,United Kingdom,2011-11-27,2011-11-27,2011-11-01,13,1,433.86,4,1,2,New,3
14094,United Kingdom,2010-09-26,2010-09-26,2010-09-01,440,1,310.82,1,1,1,Lost,5
14095,United Kingdom,2009-12-17,2009-12-17,2009-12-01,723,1,2.95,1,1,1,Lost,5
14096,United Kingdom,2011-08-30,2011-12-05,2011-08-01,5,17,53258.43,4,4,4,Champions,1
14097,United Kingdom,2010-03-04,2010-08-15,2010-03-01,482,2,422.86,1,2,2,Lost,5
14098,United Kingdom,2011-11-03,2011-11-03,2011-11-01,37,1,147.35,3,1,1,New,3
14099,United Kingdom,2009-12-10,2011-11-23,2009-12-01,17,20,5685.71,4,4,4,Champions,1
14100,United Kingdom,2011-07-25,2011-07-25,2011-07-01,138,1,191.95,2,1,1,Lost,5
14101,United Kingdom,2010-03-28,2011-09-27,2010-03-01,74,13,9942.13,3,4,4,Champions,1
14102,United Kingdom,2011-10-26,2011-12-04,2011-10-01,6,5,1060.33,4,3,3,Champions,1
14104,United Kingdom,2010-05-28,2011-07-08,2010-05-01,155,5,740.53,2,3,2,Lost,5
14105,United Kingdom,2009-12-18,2011-04-14,2009-12-01,240,5,5703.98,2,3,4,At risk,4
14106,United Kingdom,2009-12-02,2009-12-02,2009-12-01,738,1,214.8,1,1,1,Lost,5
14107,United Kingdom,2009-12-09,2011-10-19,2009-12-01,52,11,4853.7,3,4,4,Champions,1
14108,United Kingdom,2009-12-01,2011-11-09,2009-12-01,31,4,1041.21,3,3,3,Champions,1
14109,United Kingdom,2011-09-28,2011-09-28,2011-09-01,73,1,80.2,3,1,1,New,3
14110,United Kingdom,2009-12-01,2011-12-06,2009-12-01,4,33,12959.6,4,4,4,Champions,1
14111,United Kingdom,2011-04-12,2011-11-25,2011-04-01,15,4,688.6,4,3,2,Loyal,2
14112,United Kingdom,2010-02-23,2011-11-17,2010-02-01,23,13,5524.51,4,4,4,Champions,1
14113,United Kingdom,2009-12-08,2011-12-06,2009-12-01,4,16,6156.75,4,4,4,Champions,1
14114,United Kingdom,2010-04-12,2011-03-11,2010-04-01,274,7,1364.09,2,3,3,At risk,4
14115,United Kingdom,2010-02-11,2010-07-26,2010-02-01,502,2,622.67,1,2,2,Lost,5
14116,United Kingdom,2011-08-10,2011-11-20,2011-08-01,20,5,1382.74,4,3,3,Champions,1
14117,United Kingdom,2011-07-19,2011-07-19,2011-07-01,144,1,90.0,2,1,1,Lost,5
14118,United Kingdom,2010-10-07,2010-10-07,2010-10-01,429,1,458.45,1,1,2,Lost,5
14119,United Kingdom,2009-12-21,2010-11-29,2009-12-01,376,2,163.47,2,2,1,Lost,5
14121,United Kingdom,2011-10-11,2011-12-06,2011-10-01,4,4,2740.3,4,3,4,Champions,1
14122,United Kingdom,2009-12-02,2010-10-29,2009-12-01,407,3,309.77,1,2,1,Lost,5
14123,United Kingdom,2009-12-06,2009-12-06,2009-12-01,734,1,436.18,1,1,2,Lost,5
14124,United Kingdom,2011-09-16,2011-09-16,2011-09-01,85,1,419.58,3,1,2,New,3
14125,United Kingdom,2011-09-22,2011-11-29,2011-09-01,11,3,2720.63,4,2,4,Champions,1
14126,United Kingdom,2010-09-21,2011-12-02,2010-09-01,8,4,1109.96,4,3,3,Champions,1
14127,United Kingdom,2010-10-10,2011-08-09,2010-10-01,123,6,1900.08,2,3,3,At risk,4
14128,United Kingdom,2010-06-06,2011-10-10,2010-06-01,61,3,909.36,3,2,3,Loyal,2
14129,United Kingdom,2010-05-09,2011-12-08,2010-05-01,2,9,2591.34,4,4,4,Champions,1
14130,United Kingdom,2009-12-11,2011-01-24,2009-12-01,320,4,1858.77,2,3,3,At risk,4
14131,United Kingdom,2010-03-01,2010-03-01,2010-03-01,649,1,168.22,1,1,1,Lost,5
14132,United Kingdom,2011-06-09,2011-12-07,2011-06-01,3,11,3580.13,4,4,4,Champions,1
14133,United Kingdom,2009-12-06,2011-08-02,2009-12-01,130,4,895.84,2,3,3,At risk,4
14134,United Kingdom,2009-12-10,2010-11-22,2009-12-01,383,15,11123.35,1,4,4,At risk,4
14135,United Kingdom,2009-12-02,2011-12-08,2009-12-01,2,24,8800.8,4,4,4,Champions,1
14136,United Kingdom,2009-12-08,2010-11-04,2009-12-01,401,5,1553.96,1,3,3,At risk,4
14137,United Kingdom,2010-01-13,2010-01-13,2010-01-01,696,1,294.1,1,1,1,Lost,5
14138,United Kingdom,2011-10-07,2011-12-08,2011-10-01,2,2,965.88,4,2,3,Loyal,2
14139,United Kingdom,2010-06-15,2011-10-24,2010-06-01,47,4,1086.8,3,3,3,Champions,1
14140,United Kingdom,2011-11-08,2011-12-06,2011-11-01,4,2,920.05,4,2,3,Loyal,2
14141,United Kingdom,2011-08-26,2011-12-07,2011-08-01,3,4,879.03,4,3,3,Champions,1
14142,United Kingdom,2010-03-03,2010-12-01,2010-03-01,374,2,655.94,2,2,2,Lost,5
14143,United Kingdom,2011-07-29,2011-07-29,2011-07-01,134,1,115.8,2,1,1,Lost,5
14144,United Kingdom,2010-08-10,2010-08-10,2010-08-01,487,1,30.6,1,1,1,Lost,5
14145,United Kingdom,2010-04-08,2011-10-24,2010-04-01,47,7,7006.05,3,3,4,Champions,1
14146,United Kingdom,2010-01-13,2011-12-01,2010-01-01,9,12,8208.87,4,4,4,Champions,1
14147,United Kingdom,2010-03-09,2011-09-22,2010-03-01,79,9,2019.3,3,4,3,Champions,1
14148,United Kingdom,2010-10-21,2011-04-20,2010-10-01,234,2,466.29,2,2,2,Lost,5
14149,United Kingdom,2011-05-03,2011-05-03,2011-05-01,221,1,259.43,2,1,1,Lost,5
14150,United Kingdom,2010-12-15,2011-11-04,2010-12-01,36,2,658.64,3,2,2,Loyal,2
14151,United Kingdom,2009-12-23,2010-02-04,2009-12-01,674,2,666.7,1,2,2,Lost,5
14152,United Kingdom,2010-02-18,2011-09-25,2010-02-01,76,7,1975.44,3,3,3,Champions,1
14153,United Kingdom,2010-08-13,2010-08-13,2010-08-01,484,1,233.4,1,1,1,Lost,5
14154,United Kingdom,2010-01-13,2011-04-14,2010-01-01,240,8,6263.6,2,4,4,At risk,4
14155,United Kingdom,2011-03-18,2011-03-18,2011-03-01,267,1,118.75,2,1,1,Lost,5
14156,EIRE,2009-12-01,2011-11-30,2009-12-01,10,144,297775.01,4,4,4,Champions,1
14157,United Kingdom,2010-03-03,2011-11-20,2010-03-01,20,5,946.24,4,3,3,Champions,1
14158,United Kingdom,2011-10-30,2011-10-30,2011-10-01,41,1,507.66,3,1,2,New,3
14159,United Kingdom,2009-12-03,2011-11-20,2009-12-01,20,20,7526.62,4,4,4,Champions,1
14160,United Kingdom,2010-01-10,2010-04-08,2010-01-01,611,7,8421.47,1,3,4,At risk,4
14161,United Kingdom,2009-12-13,2011-05-08,2009-12-01,216,7,2996.93,2,3,4,At risk,4
14162,United Kingdom,2011-02-20,2011-06-19,2011-02-01,174,2,289.36,2,2,1,Lost,5
14163,United Kingdom,2010-09-03,2011-09-13,2010-09-01,88,5,2594.62,3,3,4,Champions,1
14164,United Kingdom,2011-09-20,2011-09-30,2011-09-01,71,2,1631.77,3,2,3,Loyal,2
14165,United Kingdom,2011-03-09,2011-03-09,2011-03-01,276,1,120.44,2,1,1,Lost,5
14166,United Kingdom,2010-03-23,2010-07-22,2010-03-01,506,2,251.15,1,2,1,Lost,5
14167,United Kingdom,2010-01-27,2011-10-31,2010-01-01,40,8,1274.29,3,4,3,Champions,1
14168,United Kingdom,2010-05-24,2010-10-15,2010-05-01,421,2,305.9,1,2,1,Lost,5
14169,United Kingdom,2010-09-21,2010-10-05,2010-09-01,431,2,613.11,1,2,2,Lost,5
14170,United Kingdom,2010-11-09,2010-11-29,2010-11-01,376,3,570.18,2,2,2,Lost,5
14171,United Kingdom,2009-12-09,2011-09-02,2009-12-01,99,2,498.79,2,2,2,Lost,5
14172,United Kingdom,2010-03-07,2010-04-13,2010-03-01,606,3,356.27,1,2,2,Lost,5
14173,United Kingdom,2009-12-09,2011-11-29,2009-12-01,11,6,566.95,4,3,2,Loyal,2
14174,United Kingdom,2011-11-06,2011-11-06,2011-11-01,34,1,134.46,3,1,1,New,3
14175,United Kingdom,2010-03-22,2011-10-11,2010-03-01,60,8,7350.44,3,4,4,Champions,1
14176,United Kingdom,2010-11-23,2011-02-15,2010-11-01,298,5,753.56,2,3,2,Lost,5
14177,United Kingdom,2010-02-26,2011-09-14,2010-02-01,87,13,2204.74,3,4,4,Champions,1
14178,United Kingdom,2011-06-10,2011-12-01,2011-06-01,9,7,1580.26,4,3,3,Champions,1
14179,United Kingdom,2011-10-18,2011-10-30,2011-10-01,41,2,701.57,3,2,2,Loyal,2
14180,United Kingdom,2010-06-09,2011-11-29,2010-06-01,11,33,5909.0,4,4,4,Champions,1
14181,United Kingdom,2010-05-26,2010-10-25,2010-05-01,411,2,308.35,1,2,1,Lost,5
14182,United Kingdom,2010-04-22,2010-09-22,2010-04-01,444,4,660.07,1,3,2,Lost,5
14183,United Kingdom,2010-08-15,2010-10-24,2010-08-01,412,2,278.34,1,2,1,Lost,5
14184,United Kingdom,2011-10-04,2011-10-04,2011-10-01,67,1,452.89,3,1,2,New,3
14185,United Kingdom,2011-01-12,2011-01-12,2011-01-01,332,1,197.65,2,1,1,Lost,5
14186,United Kingdom,2010-03-05,2010-10-08,2010-03-01,428,5,1550.63,1,3,3,At risk,4
14187,United Kingdom,2010-08-23,2010-08-23,2010-08-01,474,1,123.5,1,1,1,Lost,5
14188,United Kingdom,2011-02-02,2011-11-09,2011-02-01,31,6,2018.91,3,3,3,Champions,1
14189,United Kingdom,2010-11-16,2011-12-07,2010-11-01,3,16,5453.38,4,4,4,Champions,1
14190,United Kingdom,2010-02-11,2010-02-11,2010-02-01,667,1,79.9,1,1,1,Lost,5
14191,United Kingdom,2009-12-11,2011-12-08,2009-12-01,2,15,4713.41,4,4,4,Champions,1
14192,United Kingdom,2010-11-16,2010-11-16,2010-11-01,389,1,293.74,1,1,1,Lost,5
14193,United Kingdom,2010-11-08,2011-10-03,2010-11-01,68,3,1210.19,3,2,3,Loyal,2
14194,United Kingdom,2010-01-06,2011-12-05,2010-01-01,5,36,18442.87,4,4,4,Champions,1
14195,United Kingdom,2010-03-15,2011-05-22,2010-03-01,202,6,2401.4,2,3,4,At risk,4
14196,United Kingdom,2011-08-25,2011-08-25,2011-08-01,107,1,335.52,2,1,2,Lost,5
14197,United Kingdom,2010-10-25,2010-10-25,2010-10-01,411,1,390.05,1,1,2,Lost,5
14198,United Kingdom,2010-01-05,2011-11-21,2010-01-01,19,9,1527.58,4,4,3,Champions,1
14199,United Kingdom,2010-06-27,2011-05-05,2010-06-01,219,4,916.5,2,3,3,At risk,4
14200,United Kingdom,2010-04-01,2010-04-01,2010-04-01,618,1,379.2,1,1,2,Lost,5
14201,United Kingdom,2010-04-30,2011-10-10,2010-04-01,61,10,1134.14,3,4,3,Champions,1
14202,United Kingdom,2010-03-25,2010-11-23,2010-03-01,382,3,847.76,1,2,3,Lost,5
14203,United Kingdom,2010-11-07,2010-11-07,2010-11-01,398,1,339.34,1,1,2,Lost,5
14204,United Kingdom,2009-12-02,2011-12-07,2009-12-01,3,4,1024.83,4,3,3,Champions,1
14205,United Kingdom,2010-03-07,2011-11-23,2010-03-01,17,9,2156.3,4,4,3,Champions,1
14206,United Kingdom,2010-11-02,2011-04-14,2010-11-01,240,3,1145.21,2,2,3,Lost,5
14207,United Kingdom,2010-01-21,2010-01-21,2010-01-01,688,1,157.8,1,1,1,Lost,5
14208,United Kingdom,2010-06-06,2011-09-06,2010-06-01,95,2,567.05,3,2,2,Loyal,2
14209,United Kingdom,2010-01-22,2011-11-29,2010-01-01,11,15,4937.37,4,4,4,Champions,1
14210,United Kingdom,2010-01-06,2011-08-26,2010-01-01,106,16,5509.37,2,4,4,At risk,4
14211,United Kingdom,2009-12-09,2011-10-17,2009-12-01,54,18,4301.69,3,4,4,Champions,1
14212,United Kingdom,2010-09-20,2011-09-11,2010-09-01,90,2,2190.14,3,2,4,Champions,1
14214,United Kingdom,2011-03-07,2011-11-09,2011-03-01,31,5,1000.23,3,3,3,Champions,1
14215,United Kingdom,2009-12-08,2011-11-28,2009-12-01,12,9,3238.53,4,4,4,Champions,1
14216,United Kingdom,2010-10-21,2011-12-06,2010-10-01,4,5,2142.39,4,3,3,Champions,1
14217,United Kingdom,2010-06-30,2011-12-08,2010-06-01,2,23,3105.52,4,4,4,Champions,1
14218,United Kingdom,2011-10-28,2011-10-28,2011-10-01,43,1,169.48,3,1,1,New,3
14219,United Kingdom,2010-08-03,2011-12-05,2010-08-01,5,3,633.83,4,2,2,Loyal,2
14220,United Kingdom,2010-05-19,2011-04-06,2010-05-01,248,4,1515.0,2,3,3,At risk,4
14221,United Kingdom,2010-04-06,2011-10-28,2010-04-01,43,17,6506.59,3,4,4,Champions,1
14222,United Kingdom,2011-06-15,2011-06-15,2011-06-01,178,1,683.17,2,1,2,Lost,5
14223,United Kingdom,2011-03-20,2011-09-08,2011-03-01,93,3,975.23,3,2,3,Loyal,2
14224,United Kingdom,2010-06-13,2011-08-21,2010-06-01,111,9,1841.71,2,4,3,At risk,4
14225,United Kingdom,2010-01-12,2010-10-01,2010-01-01,435,4,2009.17,1,3,3,At risk,4
14226,United Kingdom,2010-09-24,2011-11-11,2010-09-01,29,6,2950.38,3,3,4,Champions,1
14227,United Kingdom,2010-02-08,2011-11-13,2010-02-01,27,15,6324.76,3,4,4,Champions,1
14228,United Kingdom,2010-06-11,2010-09-28,2010-06-01,438,3,745.5,1,2,2,Lost,5
14229,United Kingdom,2010-08-25,2011-10-19,2010-08-01,52,7,2468.99,3,3,4,Champions,1
14230,United Kingdom,2010-06-09,2010-09-30,2010-06-01,436,3,979.8,1,2,3,Lost,5
14231,United Kingdom,2010-09-15,2011-06-09,2010-09-01,184,4,1131.97,2,3,3,At risk,4
14232,United Kingdom,2011-03-20,2011-10-28,2011-03-01,43,5,2043.93,3,3,3,Champions,1
14233,United Kingdom,2010-03-05,2011-10-21,2010-03-01,50,7,2766.96,3,3,4,Champions,1
14234,United Kingdom,2011-10-13,2011-11-17,2011-10-01,23,4,754.12,4,3,2,Loyal,2
14235,United Kingdom,2010-03-30,2011-09-25,2010-03-01,76,9,4666.99,3,4,4,Champions,1
14236,United Kingdom,2010-07-22,2011-09-20,2010-07-01,81,5,1543.44,3,3,3,Champions,1
14237,United Kingdom,2010-04-28,2010-12-01,2010-04-01,374,2,466.04,2,2,2,Lost,5
14238,United Kingdom,2009-12-05,2011-01-17,2009-12-01,327,3,434.23,2,2,2,Lost,5
14239,United Kingdom,2009-12-05,2011-10-27,2009-12-01,44,21,4203.72,3,4,4,Champions,1
14240,United Kingdom,2010-10-12,2011-11-09,2010-10-01,31,3,1247.49,3,2,3,Loyal,2
14241,United Kingdom,2010-01-12,2011-06-09,2010-01-01,184,2,333.7,2,2,1,Lost,5
14242,United Kingdom,2011-01-18,2011-04-19,2011-01-01,235,2,280.55,2,2,1,Lost,5
14243,United Kingdom,2010-08-20,2011-12-01,2010-08-01,9,17,7152.06,4,4,4,Champions,1
14244,United Kingdom,2010-02-17,2010-02-17,2010-02-01,661,1,354.82,1,1,2,Lost,5
14245,United Kingdom,2011-03-21,2011-05-04,2011-03-01,220,2,1677.48,2,2,3,Lost,5
14246,United Kingdom,2011-04-08,2011-08-21,2011-04-01,111,3,1474.06,2,2,3,Lost,5
14247,United Kingdom,2010-06-06,2011-03-06,2010-06-01,279,5,750.61,2,3,2,Lost,5
14248,United Kingdom,2010-07-12,2011-01-25,2010-07-01,319,3,1032.95,2,2,3,Lost,5
14249,United Kingdom,2010-01-29,2010-10-25,2010-01-01,411,12,5400.46,1,4,4,At risk,4
14250,United Kingdom,2011-09-11,2011-12-02,2011-09-01,8,3,1904.05,4,2,3,Loyal,2
14251,United Kingdom,2011-10-13,2011-12-08,2011-10-01,2,5,2879.7,4,3,4,Champions,1
14252,United Kingdom,2010-11-23,2010-11-23,2010-11-01,382,1,350.99,1,1,2,Lost,5
14253,United Kingdom,2010-03-26,2010-08-03,2010-03-01,494,2,363.4,1,2,2,Lost,5
14254,United Kingdom,2010-10-03,2010-10-03,2010-10-01,433,1,601.03,1,1,2,Lost,5
14256,United Kingdom,2010-01-14,2011-03-24,2010-01-01,261,5,2384.14,2,3,4,At risk,4
14257,United Kingdom,2010-03-01,2011-10-06,2010-03-01,65,9,5942.0,3,4,4,Champions,1
14258,United Kingdom,2009-12-04,2011-11-30,2009-12-01,10,25,31027.35,4,4,4,Champions,1
14259,United Kingdom,2011-07-21,2011-07-21,2011-07-01,142,1,120.0,2,1,1,Lost,5
14260,United Kingdom,2010-06-09,2010-08-25,2010-06-01,472,3,824.28,1,2,2,Lost,5
14261,United Kingdom,2011-09-22,2011-10-20,2011-09-01,51,2,1163.45,3,2,3,Loyal,2
14262,United Kingdom,2011-04-13,2011-12-01,2011-04-01,9,8,2618.23,4,4,4,Champions,1
14263,United Kingdom,2010-10-12,2010-10-12,2010-10-01,424,1,322.93,1,1,1,Lost,5
14264,United Kingdom,2010-04-07,2011-07-08,2010-04-01,155,6,1475.86,2,3,3,At risk,4
14265,Unspecified,2010-04-06,2011-08-22,2010-04-01,110,4,1373.35,2,3,3,At risk,4
14266,United Kingdom,2010-10-07,2010-10-07,2010-10-01,429,1,40.56,1,1,1,Lost,5
14267,United Kingdom,2011-03-24,2011-06-30,2011-03-01,163,3,1259.19,2,2,3,Lost,5
14268,United Kingdom,2010-08-26,2010-08-26,2010-08-01,471,1,354.85,1,1,2,Lost,5
14269,United Kingdom,2010-09-26,2010-09-26,2010-09-01,440,1,261.68,1,1,1,Lost,5
14270,United Kingdom,2011-01-12,2011-01-12,2011-01-01,332,1,492.65,2,1,2,Lost,5
14271,United Kingdom,2010-10-26,2011-04-28,2010-10-01,226,2,214.18,2,2,1,Lost,5
14272,United Kingdom,2010-05-06,2011-09-27,2010-05-01,74,4,920.81,3,3,3,Champions,1
14273,United Kingdom,2011-04-11,2011-10-19,2011-04-01,52,4,559.97,3,3,2,Loyal,2
14274,United Kingdom,2010-01-22,2010-01-22,2010-01-01,687,1,256.6,1,1,1,Lost,5
14275,United Kingdom,2010-04-11,2010-11-09,2010-04-01,396,6,1189.38,1,3,3,At risk,4
14276,United Kingdom,2010-02-17,2011-09-02,2010-02-01,99,7,1933.73,2,3,3,At risk,4
14277,France,2009-12-13,2011-11-24,2009-12-01,16,8,3959.82,4,4,4,Champions,1
14278,United Kingdom,2010-10-26,2010-10-26,2010-10-01,410,1,205.83,1,1,1,Lost,5
14279,United Kingdom,2010-01-27,2010-07-07,2010-01-01,521,2,191.86,1,2,1,Lost,5
14280,United Kingdom,2011-05-27,2011-05-27,2011-05-01,197,1,134.04,2,1,1,Lost,5
14281,United Kingdom,2010-10-27,2010-10-27,2010-10-01,409,1,245.15,1,1,1,Lost,5
14282,United Kingdom,2010-02-15,2011-12-06,2010-02-01,4,25,7245.76,4,4,4,Champions,1
14283,United Kingdom,2010-05-19,2010-09-02,2010-05-01,464,4,628.44,1,3,2,Lost,5
14284,United Kingdom,2010-02-24,2011-11-09,2010-02-01,31,3,1282.85,3,2,3,Loyal,2
14285,United Kingdom,2009-12-08,2011-11-18,2009-12-01,22,8,3284.42,4,4,4,Champions,1
14286,United Kingdom,2009-12-04,2011-11-16,2009-12-01,24,7,8396.7,4,3,4,Champions,1
14287,United Kingdom,2011-05-25,2011-12-01,2011-05-01,9,3,156.23,4,2,1,Loyal,2
14288,United Kingdom,2011-05-10,2011-05-10,2011-05-01,214,1,413.85,2,1,2,Lost,5
14289,United Kingdom,2011-02-23,2011-12-01,2011-02-01,9,6,911.26,4,3,3,Champions,1
14290,United Kingdom,2009-12-08,2011-11-28,2009-12-01,12,8,4221.43,4,4,4,Champions,1
14291,United Kingdom,2009-12-09,2011-12-08,2009-12-01,2,23,7844.4,4,4,4,Champions,1
14292,United Kingdom,2010-03-19,2011-12-02,2010-03-01,8,16,8887.9,4,4,4,Champions,1
14293,United Kingdom,2009-12-10,2011-12-06,2009-12-01,4,9,2809.41,4,4,4,Champions,1
14294,United Kingdom,2010-10-28,2010-10-28,2010-10-01,408,1,375.34,1,1,2,Lost,5
14295,United Kingdom,2009-12-09,2011-10-30,2009-12-01,41,4,2309.06,3,3,4,Champions,1
14296,United Kingdom,2010-05-14,2010-10-14,2010-05-01,422,2,448.45,1,2,2,Lost,5
14297,United Kingdom,2011-03-10,2011-11-22,2011-03-01,18,4,1290.48,4,3,3,Champions,1
14298,United Kingdom,2009-12-11,2011-12-01,2009-12-01,9,82,90489.31,4,4,4,Champions,1
14299,United Kingdom,2009-12-02,2011-12-01,2009-12-01,9,27,12620.28,4,4,4,Champions,1
14300,United Kingdom,2011-11-21,2011-11-21,2011-11-01,19,1,43.2,4,1,1,New,3
14301,United Kingdom,2010-02-11,2011-08-14,2010-02-01,118,4,1956.23,2,3,3,At risk,4
14302,United Kingdom,2009-12-02,2010-10-05,2009-12-01,431,3,742.9,1,2,2,Lost,5
14303,United Kingdom,2010-10-01,2010-10-28,2010-10-01,408,2,277.94,1,2,1,Lost,5
14304,United Kingdom,2010-05-18,2011-05-01,2010-05-01,223,3,1523.81,2,2,3,Lost,5
14305,United Kingdom,2011-07-27,2011-09-29,2011-07-01,72,3,1803.76,3,2,3,Loyal,2
14306,United Kingdom,2010-01-31,2011-10-19,2010-01-01,52,6,3141.5,3,3,4,Champions,1
14307,United Kingdom,2009-12-07,2011-09-12,2009-12-01,89,10,4279.97,3,4,4,Champions,1
14309,United Kingdom,2010-06-07,2011-12-01,2010-06-01,9,11,3747.96,4,4,4,Champions,1
14310,United Kingdom,2010-10-03,2010-10-03,2010-10-01,433,1,492.1,1,1,2,Lost,5
14311,United Kingdom,2010-05-21,2011-04-11,2010-05-01,243,2,435.9,2,2,2,Lost,5
14312,United Kingdom,2010-07-23,2011-10-24,2010-07-01,47,11,3090.29,3,4,4,Champions,1
14314,United Kingdom,2010-10-05,2011-08-25,2010-10-01,107,2,221.9,2,2,1,Lost,5
14315,United Kingdom,2010-03-15,2011-10-26,2010-03-01,45,8,3168.72,3,4,4,Champions,1
14316,United Kingdom,2010-03-19,2010-10-13,2010-03-01,423,5,1355.34,1,3,3,At risk,4
14317,United Kingdom,2011-10-06,2011-10-06,2011-10-01,65,1,508.58,3,1,2,New,3
14318,United Kingdom,2010-09-05,2010-09-05,2010-09-01,461,1,158.02,1,1,1,Lost,5
14319,United Kingdom,2010-10-11,2010-10-11,2010-10-01,425,1,476.95,1,1,2,Lost,5
14320,United Kingdom,2010-01-21,2011-05-17,2010-01-01,207,5,1204.12,2,3,3,At risk,4
14321,United Kingdom,2010-08-23,2011-11-29,2010-08-01,11,7,2198.58,4,3,4,Champions,1
14322,United Kingdom,2010-02-18,2010-10-06,2010-02-01,430,4,384.3,1,3,2,Lost,5
14323,United Kingdom,2011-04-15,2011-08-17,2011-04-01,115,2,574.26,2,2,2,Lost,5
14324,United Kingdom,2010-01-15,2010-10-26,2010-01-01,410,2,701.61,1,2,2,Lost,5
14325,United Kingdom,2010-05-19,2010-05-19,2010-05-01,570,1,245.48,1,1,1,Lost,5
14326,United Kingdom,2010-06-25,2011-04-11,2010-06-01,243,3,923.98,2,2,3,Lost,5
14327,United Kingdom,2010-01-08,2011-06-29,2010-01-01,164,6,1894.93,2,3,3,At risk,4
14329,United Kingdom,2009-12-16,2011-11-22,2009-12-01,18,15,9695.92,4,4,4,Champions,1
14330,United Kingdom,2010-03-26,2010-03-26,2010-03-01,624,1,200.63,1,1,1,Lost,5
14331,United Kingdom,2011-07-27,2011-08-07,2011-07-01,125,2,462.66,2,2,2,Lost,5
14332,United Kingdom,2010-10-19,2011-11-17,2010-10-01,23,5,1917.41,4,3,3,Champions,1
14333,United Kingdom,2011-10-03,2011-10-03,2011-10-01,68,1,351.45,3,1,2,New,3
14334,United Kingdom,2010-05-20,2011-11-23,2010-05-01,17,12,4292.98,4,4,4,Champions,1
14335,Germany,2011-09-04,2011-11-23,2011-09-01,17,2,454.86,4,2,2,Loyal,2
14336,United Kingdom,2011-03-08,2011-11-23,2011-03-01,17,4,1614.91,4,3,3,Champions,1
14338,United Kingdom,2010-06-21,2011-07-01,2010-06-01,162,3,894.1,2,2,3,Lost,5
14339,United Kingdom,2010-10-07,2011-04-11,2010-10-01,243,2,604.48,2,2,2,Lost,5
14340,United Kingdom,2011-05-05,2011-05-05,2011-05-01,219,1,134.7,2,1,1,Lost,5
14341,United Kingdom,2009-12-01,2011-10-25,2009-12-01,46,18,4428.17,3,4,4,Champions,1
14342,United Kingdom,2010-08-24,2011-11-18,2010-08-01,22,6,843.74,4,3,2,Loyal,2
14343,United Kingdom,2010-01-18,2010-10-14,2010-01-01,422,4,1079.66,1,3,3,At risk,4
14344,United Kingdom,2010-03-23,2011-08-04,2010-03-01,128,20,2993.05,2,4,4,At risk,4
14345,United Kingdom,2011-11-01,2011-11-01,2011-11-01,39,1,108.98,3,1,1,New,3
14346,United Kingdom,2010-07-30,2011-08-11,2010-07-01,121,5,2315.75,2,3,4,At risk,4
14347,United Kingdom,2009-12-03,2009-12-03,2009-12-01,737,1,82.6,1,1,1,Lost,5
14348,United Kingdom,2011-03-24,2011-03-24,2011-03-01,261,1,409.57,2,1,2,Lost,5
14349,United Kingdom,2011-11-29,2011-11-29,2011-11-01,11,1,133.5,4,1,1,New,3
14350,United Kingdom,2010-10-05,2011-03-10,2010-10-01,275,3,947.8,2,2,3,Lost,5
14351,United Kingdom,2011-06-28,2011-06-28,2011-06-01,165,1,51.0,2,1,1,Lost,5
14352,United Kingdom,2011-03-11,2011-07-05,2011-03-01,158,4,1078.96,2,3,3,At risk,4
14353,United Kingdom,2010-10-04,2011-05-08,2010-10-01,216,3,376.5,2,2,2,Lost,5
14354,United Kingdom,2011-11-09,2011-12-04,2011-11-01,6,2,163.62,4,2,1,Loyal,2
14355,United Kingdom,2010-03-22,2010-12-09,2010-03-01,366,3,840.05,2,2,2,Lost,5
14356,United Kingdom,2011-09-19,2011-09-21,2011-09-01,80,2,666.94,3,2,2,Loyal,2
14357,United Kingdom,2011-10-27,2011-10-27,2011-10-01,44,1,225.12,3,1,1,New,3
14358,United Kingdom,2010-10-07,2010-11-15,2010-10-01,390,2,400.06,1,2,2,Lost,5
14359,United Kingdom,2011-09-13,2011-11-20,2011-09-01,20,3,882.58,4,2,3,Loyal,2
14360,United Kingdom,2011-09-06,2011-11-08,2011-09-01,32,4,2118.03,3,3,3,Champions,1
14361,United Kingdom,2010-05-10,2010-05-10,2010-05-01,579,1,214.71,1,1,1,Lost,5
14362,United Kingdom,2011-11-17,2011-11-17,2011-11-01,23,1,151.5,4,1,1,New,3
14363,United Kingdom,2010-09-14,2010-11-02,2010-09-01,403,2,227.47,1,2,1,Lost,5
14364,United Kingdom,2011-05-12,2011-08-23,2011-05-01,109,8,3717.35,2,4,4,At risk,4
14365,United Kingdom,2010-01-27,2010-11-10,2010-01-01,395,2,634.68,1,2,2,Lost,5
14366,United Kingdom,2010-07-02,2010-07-02,2010-07-01,526,1,136.0,1,1,1,Lost,5
14367,United Kingdom,2011-03-08,2011-12-01,2011-03-01,9,16,9134.12,4,4,4,Champions,1
14368,United Kingdom,2011-01-24,2011-01-24,2011-01-01,320,1,155.0,2,1,1,Lost,5
14369,United Kingdom,2010-02-16,2010-03-07,2010-02-01,643,2,469.13,1,2,2,Lost,5
14370,United Kingdom,2010-02-01,2010-09-15,2010-02-01,451,6,1092.13,1,3,3,At risk,4
14371,United Kingdom,2011-02-17,2011-02-17,2011-02-01,296,1,100.5,2,1,1,Lost,5
14372,United Kingdom,2010-04-19,2010-09-22,2010-04-01,444,2,830.18,1,2,2,Lost,5
14373,United Kingdom,2010-12-16,2010-12-16,2010-12-01,359,1,76.55,2,1,1,Lost,5
14374,United Kingdom,2010-06-16,2010-06-16,2010-06-01,542,1,108.0,1,1,1,Lost,5
14375,United Kingdom,2010-06-16,2011-06-07,2010-06-01,186,3,1106.82,2,2,3,Lost,5
14376,United Kingdom,2010-01-25,2010-01-25,2010-01-01,684,1,215.46,1,1,1,Lost,5
14377,United Kingdom,2011-03-22,2011-06-01,2011-03-01,192,2,617.05,2,2,2,Lost,5
14378,United Kingdom,2010-03-28,2010-03-28,2010-03-01,622,1,131.25,1,1,1,Lost,5
14379,United Kingdom,2010-08-16,2011-10-26,2010-08-01,45,4,1265.16,3,3,3,Champions,1
14381,United Kingdom,2010-09-14,2011-10-18,2010-09-01,53,2,625.94,3,2,2,Loyal,2
14382,United Kingdom,2010-11-14,2011-11-13,2010-11-01,27,2,1187.68,3,2,3,Loyal,2
14383,United Kingdom,2011-06-29,2011-11-01,2011-06-01,39,3,1247.69,3,2,3,Loyal,2
14384,United Kingdom,2010-07-27,2010-07-27,2010-07-01,501,1,58.5,1,1,1,Lost,5
14385,United Kingdom,2011-11-16,2011-11-30,2011-11-01,10,3,202.11,4,2,1,Loyal,2
14386,United Kingdom,2011-02-16,2011-02-16,2011-02-01,297,1,142.4,2,1,1,Lost,5
14387,United Kingdom,2011-08-22,2011-11-07,2011-08-01,33,3,1727.6,3,2,3,Loyal,2
14388,United Kingdom,2010-01-20,2011-11-29,2010-01-01,11,16,6289.95,4,4,4,Champions,1
14389,United Kingdom,2010-04-28,2011-10-05,2010-04-01,66,5,1821.07,3,3,3,Champions,1
14390,United Kingdom,2010-10-10,2011-11-29,2010-10-01,11,13,6079.48,4,4,4,Champions,1
14391,United Kingdom,2010-05-12,2010-05-12,2010-05-01,577,1,135.6,1,1,1,Lost,5
14392,United Kingdom,2010-10-03,2010-10-03,2010-10-01,433,1,266.4,1,1,1,Lost,5
14393,United Kingdom,2011-05-05,2011-05-05,2011-05-01,219,1,67.95,2,1,1,Lost,5
14394,United Kingdom,2010-05-24,2010-05-24,2010-05-01,565,1,93.8,1,1,1,Lost,5
14395,United Kingdom,2010-04-18,2011-12-07,2010-04-01,3,20,7754.73,4,4,4,Champions,1
14396,United Kingdom,2009-12-02,2011-10-05,2009-12-01,66,7,1969.38,3,3,3,Champions,1
14397,United Kingdom,2011-05-10,2011-12-07,2011-05-01,3,19,2556.68,4,4,4,Champions,1
14398,United Kingdom,2010-06-30,2010-11-03,2010-06-01,402,2,707.79,1,2,2,Lost,5
14399,United Kingdom,2010-02-03,2010-11-10,2010-02-01,395,8,2093.21,1,4,3,At risk,4
14400,United Kingdom,2010-03-18,2011-07-13,2010-03-01,150,3,1703.0,2,2,3,Lost,5
14401,United Kingdom,2009-12-14,2011-12-05,2009-12-01,5,22,6703.4,4,4,4,Champions,1
14402,United Kingdom,2010-02-25,2010-02-25,2010-02-01,653,1,285.6,1,1,1,Lost,5
14403,United Kingdom,2010-03-10,2011-08-01,2010-03-01,131,6,1822.76,2,3,3,At risk,4
14404,United Kingdom,2009-12-20,2011-11-06,2009-12-01,34,13,2625.13,3,4,4,Champions,1
14405,United Kingdom,2010-11-18,2010-11-18,2010-11-01,387,1,195.0,1,1,1,Lost,5
14406,United Kingdom,2011-08-12,2011-08-12,2011-08-01,120,1,156.75,2,1,1,Lost,5
14407,United Kingdom,2011-03-08,2011-08-24,2011-03-01,108,5,2096.08,2,3,3,At risk,4
14408,United Kingdom,2009-12-07,2011-11-29,2009-12-01,11,11,4102.27,4,4,4,Champions,1
14409,United Kingdom,2010-05-21,2011-09-29,2010-05-01,72,9,3276.09,3,4,4,Champions,1
14410,United Kingdom,2010-09-28,2011-09-08,2010-09-01,93,11,2119.08,3,4,3,Champions,1
14411,United Kingdom,2011-02-02,2011-02-02,2011-02-01,311,1,1063.0,2,1,3,Lost,5
14412,United Kingdom,2010-10-11,2011-10-28,2010-10-01,43,3,1417.49,3,2,3,Loyal,2
14413,United Kingdom,2010-01-19,2010-12-12,2010-01-01,363,3,421.72,2,2,2,Lost,5
14414,United Kingdom,2010-11-30,2011-09-09,2010-11-01,92,8,2387.48,3,4,4,Champions,1
14415,United Kingdom,2009-12-16,2011-12-08,2009-12-01,2,23,11803.62,4,4,4,Champions,1
14416,United Kingdom,2011-10-28,2011-11-17,2011-10-01,23,2,490.22,4,2,2,Loyal,2
14417,United Kingdom,2010-11-17,2010-11-17,2010-11-01,388,1,524.65,1,1,2,Lost,5
14418,United Kingdom,2011-08-23,2011-12-06,2011-08-01,4,3,1937.25,4,2,3,Loyal,2
14419,United Kingdom,2010-11-22,2011-11-29,2010-11-01,11,7,1254.64,4,3,3,Champions,1
14420,United Kingdom,2010-01-17,2011-09-01,2010-01-01,100,4,1627.72,2,3,3,At risk,4
14421,United Kingdom,2010-01-17,2011-10-13,2010-01-01,58,6,2456.62,3,3,4,Champions,1
14422,United Kingdom,2009-12-17,2011-12-09,2009-12-01,1,19,10200.92,4,4,4,Champions,1
14423,United Kingdom,2010-01-14,2011-05-05,2010-01-01,219,3,914.96,2,2,3,Lost,5
14424,United Kingdom,2011-11-22,2011-11-22,2011-11-01,18,1,322.08,4,1,1,New,3
14425,United Kingdom,2009-12-02,2010-10-01,2009-12-01,435,3,635.89,1,2,2,Lost,5
14426,United Kingdom,2010-03-04,2011-11-16,2010-03-01,24,17,11103.97,4,4,4,Champions,1
14427,United Kingdom,2010-03-18,2011-10-20,2010-03-01,51,4,1263.52,3,3,3,Champions,1
14428,United Kingdom,2011-01-18,2011-12-02,2011-01-01,8,5,1209.37,4,3,3,Champions,1
14429,United Kingdom,2010-11-01,2010-11-01,2010-11-01,404,1,516.28,1,1,2,Lost,5
14430,United Kingdom,2010-04-11,2010-07-16,2010-04-01,512,3,992.1,1,2,3,Lost,5
14431,United Kingdom,2010-01-21,2011-02-10,2010-01-01,303,4,2567.1,2,3,4,At risk,4
14432,United Kingdom,2011-09-11,2011-11-30,2011-09-01,10,6,2248.5,4,3,4,Champions,1
14433,United Kingdom,2010-08-31,2010-08-31,2010-08-01,466,1,280.7,1,1,1,Lost,5
14434,United Kingdom,2011-09-28,2011-11-18,2011-09-01,22,6,1372.8,4,3,3,Champions,1
14435,United Kingdom,2010-07-26,2010-07-26,2010-07-01,502,1,90.42,1,1,1,Lost,5
14436,United Kingdom,2010-06-04,2011-09-02,2010-06-01,99,2,271.7,2,2,1,Lost,5
14437,United Kingdom,2010-05-05,2010-12-09,2010-05-01,366,5,850.84,2,3,3,At risk,4
14438,United Kingdom,2011-02-06,2011-02-06,2011-02-01,307,1,131.9,2,1,1,Lost,5
14439,Greece,2010-01-21,2011-01-24,2010-01-01,320,5,9443.04,2,3,4,At risk,4
14440,United Kingdom,2009-12-02,2011-12-01,2009-12-01,9,13,5870.13,4,4,4,Champions,1
14441,United Kingdom,2010-01-18,2011-12-09,2010-01-01,1,11,4426.99,4,4,4,Champions,1
14442,Channel Islands,2010-01-18,2011-05-19,2010-01-01,205,7,5272.02,2,3,4,At risk,4
14443,United Kingdom,2010-11-25,2011-10-17,2010-11-01,54,5,2063.65,3,3,3,Champions,1
14444,United Kingdom,2010-09-09,2010-09-09,2010-09-01,457,1,120.44,1,1,1,Lost,5
14445,United Kingdom,2010-09-10,2010-09-10,2010-09-01,456,1,221.65,1,1,1,Lost,5
14446,United Kingdom,2010-11-18,2011-12-09,2010-11-01,1,5,1195.48,4,3,3,Champions,1
14447,United Kingdom,2010-11-04,2011-11-21,2010-11-01,19,6,1711.73,4,3,3,Champions,1
14448,United Kingdom,2010-12-10,2011-11-30,2010-12-01,10,2,375.35,4,2,2,Loyal,2
14449,United Kingdom,2010-09-29,2011-11-21,2010-09-01,19,8,2230.96,4,4,4,Champions,1
14450,United Kingdom,2010-04-08,2011-06-12,2010-04-01,181,7,1128.44,2,3,3,At risk,4
14451,United Kingdom,2010-01-17,2011-10-10,2010-01-01,61,12,3215.5,3,4,4,Champions,1
14452,United Kingdom,2010-07-06,2011-11-29,2010-07-01,11,4,658.95,4,3,2,Loyal,2
14453,United Kingdom,2011-06-02,2011-06-02,2011-06-01,191,1,119.93,2,1,1,Lost,5
14454,United Kingdom,2009-12-06,2010-11-28,2009-12-01,377,5,970.7,2,3,3,At risk,4
14455,United Kingdom,2010-08-01,2010-10-03,2010-08-01,433,4,587.12,1,3,2,Lost,5
14456,United Kingdom,2011-07-20,2011-12-04,2011-07-01,6,9,3000.8,4,4,4,Champions,1
14457,United Kingdom,2011-02-02,2011-02-02,2011-02-01,311,1,113.64,2,1,1,Lost,5
14458,United Kingdom,2010-11-24,2010-11-24,2010-11-01,381,1,219.27,1,1,1,Lost,5
14459,United Kingdom,2010-02-26,2011-07-07,2010-02-01,156,2,5375.74,2,2,4,At risk,4
14460,United Kingdom,2009-12-15,2011-08-21,2009-12-01,111,9,919.6,2,4,3,At risk,4
14461,United Kingdom,2010-01-18,2011-07-14,2010-01-01,149,13,6660.62,2,4,4,At risk,4
14462,United Kingdom,2010-10-03,2011-10-04,2010-10-01,67,12,2204.69,3,4,4,Champions,1
14463,United Kingdom,2010-07-28,2011-09-02,2010-07-01,99,4,786.57,2,3,2,Lost,5
14464,United Kingdom,2010-03-22,2010-05-20,2010-03-01,569,2,111.0,1,2,1,Lost,5
14465,United Kingdom,2010-01-07,2011-04-07,2010-01-01,247,11,3925.85,2,4,4,At risk,4
14466,United Kingdom,2009-12-13,2011-11-10,2009-12-01,30,13,4267.15,3,4,4,Champions,1
14467,United Kingdom,2009-12-02,2011-11-22,2009-12-01,18,12,2203.24,4,4,4,Champions,1
14468,United Kingdom,2009-12-06,2009-12-06,2009-12-01,734,1,204.24,1,1,1,Lost,5
14469,United Kingdom,2010-01-29,2010-10-19,2010-01-01,417,4,2093.46,1,3,3,At risk,4
14470,United Kingdom,2010-10-05,2011-11-28,2010-10-01,12,3,712.04,4,2,2,Loyal,2
14471,United Kingdom,2009-12-07,2010-04-27,2009-12-01,592,2,400.95,1,2,2,Lost,5
14472,United Kingdom,2010-01-19,2011-08-28,2010-01-01,104,9,2118.72,2,4,3,At risk,4
14473,United Kingdom,2011-03-02,2011-09-26,2011-03-01,75,2,234.34,3,2,1,Loyal,2
14474,United Kingdom,2010-05-09,2011-10-24,2010-05-01,47,2,1248.94,3,2,3,Loyal,2
14475,United Kingdom,2010-10-27,2011-09-29,2010-10-01,72,4,1025.12,3,3,3,Champions,1
14476,United Kingdom,2011-03-27,2011-03-27,2011-03-01,258,1,193.0,2,1,1,Lost,5
14477,United Kingdom,2010-01-04,2011-11-20,2010-01-01,20,7,1960.61,4,3,3,Champions,1
14478,United Kingdom,2009-12-01,2010-11-22,2009-12-01,383,4,1276.66,1,3,3,At risk,4
14479,United Kingdom,2009-12-06,2011-03-31,2009-12-01,254,4,1124.71,2,3,3,At risk,4
14480,United Kingdom,2009-12-21,2011-11-28,2009-12-01,12,4,1295.27,4,3,3,Champions,1
14481,United Kingdom,2010-01-31,2011-06-28,2010-01-01,165,5,2284.69,2,3,4,At risk,4
14482,United Kingdom,2010-08-26,2011-11-21,2010-08-01,19,12,4141.06,4,4,4,Champions,1
14483,United Kingdom,2009-12-03,2011-03-03,2009-12-01,282,2,249.2,2,2,1,Lost,5
14484,United Kingdom,2009-12-17,2011-10-20,2009-12-01,51,4,1070.98,3,3,3,Champions,1
14485,United Kingdom,2011-11-01,2011-11-01,2011-11-01,39,1,162.8,3,1,1,New,3
14486,United Kingdom,2010-06-04,2010-07-16,2010-06-01,512,2,175.5,1,2,1,Lost,5
14487,United Kingdom,2010-11-25,2011-11-13,2010-11-01,27,7,1253.52,3,3,3,Champions,1
14488,United Kingdom,2011-10-03,2011-10-03,2011-10-01,68,1,1047.43,3,1,3,New,3
14489,United Kingdom,2010-04-06,2011-05-16,2010-04-01,208,4,1574.93,2,3,3,At risk,4
14490,United Kingdom,2010-10-07,2010-10-29,2010-10-01,407,2,1273.47,1,2,3,Lost,5
14491,United Kingdom,2010-12-02,2011-06-17,2010-12-01,176,2,340.93,2,2,2,Lost,5
14492,United Kingdom,2010-03-30,2010-10-05,2010-03-01,431,7,1574.36,1,3,3,At risk,4
14493,United Kingdom,2010-03-08,2011-12-02,2010-03-01,8,10,4993.76,4,4,4,Champions,1
14494,United Kingdom,2009-12-08,2011-11-14,2009-12-01,26,3,401.46,3,2,2,Loyal,2
14495,United Kingdom,2010-02-18,2011-10-20,2010-02-01,51,3,166.3,3,2,1,Loyal,2
14496,United Kingdom,2010-03-16,2011-02-01,2010-03-01,312,7,2341.54,2,3,4,At risk,4
14497,United Kingdom,2010-02-04,2011-02-03,2010-02-01,310,2,679.16,2,2,2,Lost,5
14498,United Kingdom,2010-06-07,2011-10-28,2010-06-01,43,10,3900.83,3,4,4,Champions,1
14499,United Kingdom,2010-08-27,2011-11-13,2010-08-01,27,7,2083.44,3,3,3,Champions,1
14500,United Kingdom,2011-06-03,2011-09-12,2011-06-01,89,3,356.85,3,2,2,Loyal,2
14501,United Kingdom,2011-01-24,2011-06-09,2011-01-01,184,2,190.31,2,2,1,Lost,5
14502,United Kingdom,2011-01-30,2011-11-20,2011-01-01,20,11,2307.14,4,4,4,Champions,1
14503,United Kingdom,2011-06-14,2011-12-06,2011-06-01,4,6,3543.26,4,3,4,Champions,1
14504,United Kingdom,2011-03-06,2011-10-23,2011-03-01,48,4,673.26,3,3,2,Loyal,2
14505,United Kingdom,2009-12-09,2011-11-22,2009-12-01,18,19,11590.04,4,4,4,Champions,1
14506,United Kingdom,2010-04-19,2011-11-22,2010-04-01,18,7,2960.25,4,3,4,Champions,1
14507,United Kingdom,2009-12-10,2011-11-16,2009-12-01,24,11,3104.8,4,4,4,Champions,1
14508,United Kingdom,2010-06-17,2011-11-17,2010-06-01,23,5,804.07,4,3,2,Loyal,2
14509,United Kingdom,2010-06-23,2010-06-23,2010-06-01,535,1,110.95,1,1,1,Lost,5
14510,United Kingdom,2010-09-29,2010-11-29,2010-09-01,376,3,964.55,2,2,3,Lost,5
14511,United Kingdom,2011-07-29,2011-11-28,2011-07-01,12,5,1267.41,4,3,3,Champions,1
14512,United Kingdom,2009-12-07,2011-06-05,2009-12-01,188,7,1215.97,2,3,3,At risk,4
14513,United Kingdom,2010-05-20,2011-08-31,2010-05-01,101,6,770.91,2,3,2,Lost,5
14514,United Kingdom,2009-12-13,2011-10-09,2009-12-01,62,9,4375.79,3,4,4,Champions,1
14515,United Kingdom,2010-06-07,2011-11-22,2010-06-01,18,12,3693.7,4,4,4,Champions,1
14516,United Kingdom,2010-07-11,2010-07-11,2010-07-01,517,1,151.17,1,1,1,Lost,5
14517,United Kingdom,2011-07-21,2011-11-06,2011-07-01,34,2,330.45,3,2,1,Loyal,2
14518,United Kingdom,2011-10-06,2011-10-06,2011-10-01,65,1,174.37,3,1,1,New,3
14519,United Kingdom,2009-12-11,2010-01-25,2009-12-01,684,2,203.14,1,2,1,Lost,5
14520,United Kingdom,2011-02-22,2011-12-08,2011-02-01,2,2,270.6,4,2,1,Loyal,2
14521,United Kingdom,2010-08-05,2010-08-05,2010-08-01,492,1,167.65,1,1,1,Lost,5
14522,United Kingdom,2010-01-24,2011-11-15,2010-01-01,25,8,1748.42,4,4,3,Champions,1
14523,United Kingdom,2011-08-23,2011-08-23,2011-08-01,109,1,241.09,2,1,1,Lost,5
14524,United Kingdom,2010-10-19,2011-11-08,2010-10-01,32,13,2909.86,3,4,4,Champions,1
14525,United Kingdom,2009-12-13,2011-11-20,2009-12-01,20,17,7952.76,4,4,4,Champions,1
14526,United Kingdom,2010-11-15,2010-11-15,2010-11-01,390,1,258.65,1,1,1,Lost,5
14527,United Kingdom,2009-12-02,2011-12-07,2009-12-01,3,121,26359.18,4,4,4,Champions,1
14528,United Kingdom,2011-11-02,2011-11-02,2011-11-01,38,1,364.22,3,1,2,New,3
14529,United Kingdom,2011-08-21,2011-10-10,2011-08-01,61,3,578.61,3,2,2,Loyal,2
14530,United Kingdom,2010-01-21,2011-11-14,2010-01-01,26,16,5968.62,3,4,4,Champions,1
14531,United Kingdom,2010-08-17,2010-08-17,2010-08-01,480,1,376.34,1,1,2,Lost,5
14532,United Kingdom,2010-01-10,2011-04-17,2010-01-01,237,11,3833.03,2,4,4,At risk,4
14533,United Kingdom,2010-04-08,2011-11-15,2010-04-01,25,11,3185.12,4,4,4,Champions,1
14534,United Kingdom,2010-03-15,2011-12-07,2010-03-01,3,26,5698.37,4,4,4,Champions,1
14535,United Kingdom,2010-02-24,2011-10-10,2010-02-01,61,9,5803.79,3,4,4,Champions,1
14536,United Kingdom,2011-03-25,2011-03-25,2011-03-01,260,1,170.95,2,1,1,Lost,5
14537,United Kingdom,2010-03-26,2011-10-13,2010-03-01,58,2,635.45,3,2,2,Loyal,2
14538,United Kingdom,2010-01-25,2011-10-06,2010-01-01,65,5,1370.84,3,3,3,Champions,1
14539,United Kingdom,2011-10-26,2011-11-24,2011-10-01,16,2,537.48,4,2,2,Loyal,2
14540,United Kingdom,2009-12-07,2011-11-30,2009-12-01,10,11,3699.74,4,4,4,Champions,1
14541,United Kingdom,2010-01-07,2011-10-12,2010-01-01,59,14,2491.38,3,4,4,Champions,1
14542,United Kingdom,2011-06-07,2011-06-07,2011-06-01,186,1,103.25,2,1,1,Lost,5
14543,United Kingdom,2009-12-01,2011-11-11,2009-12-01,29,39,11958.76,3,4,4,Champions,1
14544,United Kingdom,2010-08-26,2011-11-15,2010-08-01,25,3,2938.53,4,2,4,Champions,1
14545,United Kingdom,2010-02-03,2010-02-03,2010-02-01,675,1,349.25,1,1,2,Lost,5
14546,United Kingdom,2009-12-06,2011-12-04,2009-12-01,6,11,4987.97,4,4,4,Champions,1
14547,United Kingdom,2011-10-16,2011-12-06,2011-10-01,4,8,3953.95,4,4,4,Champions,1
14548,United Kingdom,2009-12-06,2011-07-12,2009-12-01,151,9,2541.29,2,4,4,At risk,4
14549,United Kingdom,2009-12-02,2011-02-01,2009-12-01,312,4,913.6,2,3,3,At risk,4
14550,United Kingdom,2010-08-13,2011-11-29,2010-08-01,11,4,1345.06,4,3,3,Champions,1
14551,United Kingdom,2010-01-27,2011-11-21,2010-01-01,19,7,856.64,4,3,3,Champions,1
14552,United Kingdom,2010-04-26,2011-07-11,2010-04-01,152,3,507.93,2,2,2,Lost,5
14553,United Kingdom,2010-07-18,2011-11-20,2010-07-01,20,9,1793.1,4,4,3,Champions,1
14554,United Kingdom,2011-10-18,2011-11-29,2011-10-01,11,4,2279.49,4,3,4,Champions,1
14555,United Kingdom,2009-12-18,2011-10-13,2009-12-01,58,6,2294.88,3,3,4,Champions,1
14556,United Kingdom,2010-01-20,2010-04-22,2010-01-01,597,3,815.69,1,2,2,Lost,5
14558,United Kingdom,2009-12-08,2010-02-23,2009-12-01,655,3,614.1,1,2,2,Lost,5
14559,United Kingdom,2010-11-14,2010-11-14,2010-11-01,391,1,75.6,1,1,1,Lost,5
14560,United Kingdom,2009-12-02,2011-12-02,2009-12-01,8,44,6050.44,4,4,4,Champions,1
14561,United Kingdom,2011-06-08,2011-09-25,2011-06-01,76,3,1080.76,3,2,3,Loyal,2
14562,United Kingdom,2010-02-07,2011-12-06,2010-02-01,4,26,6314.3,4,4,4,Champions,1
14563,United Kingdom,2010-04-26,2010-07-18,2010-04-01,510,2,625.42,1,2,2,Lost,5
14564,Channel Islands,2009-12-04,2010-10-01,2009-12-01,435,2,2519.32,1,2,4,At risk,4
14565,United Kingdom,2010-08-23,2011-09-05,2010-08-01,96,5,3683.87,2,3,4,At risk,4
14566,Channel Islands,2010-06-24,2011-08-21,2010-06-01,111,4,4092.0,2,3,4,At risk,4
14567,United Kingdom,2011-08-01,2011-10-14,2011-08-01,57,2,1524.46,3,2,3,Loyal,2
14568,Channel Islands,2010-09-30,2010-09-30,2010-09-01,436,1,909.5,1,1,3,Lost,5
14569,United Kingdom,2010-04-15,2011-12-08,2010-04-01,2,4,597.33,4,3,2,Loyal,2
14570,United Kingdom,2010-09-22,2011-03-04,2010-09-01,281,3,512.4,2,2,2,Lost,5
14571,United Kingdom,2010-10-10,2010-10-10,2010-10-01,426,1,160.0,1,1,1,Lost,5
14572,United Kingdom,2010-03-28,2011-12-06,2010-03-01,4,11,5479.08,4,4,4,Champions,1
14573,United Kingdom,2010-01-08,2011-06-13,2010-01-01,180,13,2113.42,2,4,3,At risk,4
14574,United Kingdom,2009-12-07,2009-12-07,2009-12-01,733,1,143.7,1,1,1,Lost,5
14575,United Kingdom,2010-08-08,2010-08-08,2010-08-01,489,1,420.22,1,1,2,Lost,5
14576,United Kingdom,2010-12-02,2010-12-02,2010-12-01,373,1,35.4,2,1,1,Lost,5
14577,United Kingdom,2009-12-11,2011-11-27,2009-12-01,13,7,1364.15,4,3,3,Champions,1
14578,United Kingdom,2011-12-06,2011-12-06,2011-12-01,4,1,168.63,4,1,1,New,3
14579,United Kingdom,2010-10-03,2010-10-03,2010-10-01,433,1,105.56,1,1,1,Lost,5
14580,United Kingdom,2010-07-09,2010-07-09,2010-07-01,519,1,14.85,1,1,1,Lost,5
14581,United Kingdom,2010-06-13,2011-11-23,2010-06-01,17,2,409.65,4,2,2,Loyal,2
14582,United Kingdom,2011-10-30,2011-10-30,2011-10-01,41,1,114.11,3,1,1,New,3
14583,United Kingdom,2010-03-28,2011-12-04,2010-03-01,6,8,1660.29,4,4,3,Champions,1
14584,United Kingdom,2010-02-17,2011-06-23,2010-02-01,170,8,1725.16,2,4,3,At risk,4
14585,United Kingdom,2010-10-19,2011-10-20,2010-10-01,51,5,1143.27,3,3,3,Champions,1
14586,United Kingdom,2011-03-08,2011-03-08,2011-03-01,277,1,134.16,2,1,1,Lost,5
14587,United Kingdom,2011-01-12,2011-11-21,2011-01-01,19,9,1577.39,4,4,3,Champions,1
14588,United Kingdom,2010-05-10,2010-05-10,2010-05-01,579,1,135.39,1,1,1,Lost,5
14589,United Kingdom,2010-12-03,2010-12-03,2010-12-01,372,1,39.75,2,1,1,Lost,5
14590,United Kingdom,2009-12-07,2010-10-11,2009-12-01,425,20,2871.04,1,4,4,At risk,4
14591,United Kingdom,2011-05-10,2011-11-24,2011-05-01,16,4,1320.21,4,3,3,Champions,1
14592,United Kingdom,2011-10-06,2011-11-04,2011-10-01,36,3,557.94,3,2,2,Loyal,2
14593,United Kingdom,2009-12-09,2011-11-18,2009-12-01,22,12,3602.31,4,4,4,Champions,1
14594,United Kingdom,2010-12-01,2011-12-02,2010-12-01,8,2,363.33,4,2,2,Loyal,2
14595,United Kingdom,2010-01-20,2011-11-20,2010-01-01,20,8,2164.45,4,4,3,Champions,1
14596,United Kingdom,2010-03-23,2010-03-23,2010-03-01,627,1,222.22,1,1,1,Lost,5
14597,United Kingdom,2010-09-28,2011-11-28,2010-09-01,12,6,2184.63,4,3,4,Champions,1
14598,United Kingdom,2010-05-19,2011-10-26,2010-05-01,45,2,221.97,3,2,1,Loyal,2
14599,United Kingdom,2010-07-18,2010-11-14,2010-07-01,391,2,457.89,1,2,2,Lost,5
14600,United Kingdom,2010-11-11,2011-02-07,2010-11-01,306,2,865.17,2,2,3,Lost,5
14601,United Kingdom,2011-11-29,2011-11-29,2011-11-01,11,1,213.96,4,1,1,New,3
14602,United Kingdom,2010-02-21,2010-02-21,2010-02-01,657,1,205.36,1,1,1,Lost,5
14603,United Kingdom,2011-03-10,2011-03-10,2011-03-01,275,1,660.0,2,1,2,Lost,5
14604,United Kingdom,2010-03-16,2010-03-16,2010-03-01,634,1,136.36,1,1,1,Lost,5
14605,United Kingdom,2009-12-08,2010-11-30,2009-12-01,375,4,920.71,2,3,3,At risk,4
14606,United Kingdom,2009-12-03,2011-12-08,2009-12-01,2,184,28913.22,4,4,4,Champions,1
14607,United Kingdom,2009-12-15,2011-11-24,2009-12-01,16,20,17226.23,4,4,4,Champions,1
14608,United Kingdom,2009-12-06,2011-12-05,2009-12-01,5,10,3263.44,4,4,4,Champions,1
14609,United Kingdom,2010-02-09,2011-09-28,2010-02-01,73,10,1366.2,3,4,3,Champions,1
14610,United Kingdom,2010-07-13,2010-11-09,2010-07-01,396,2,24.35,1,2,1,Lost,5
14611,United Kingdom,2010-04-20,2010-09-22,2010-04-01,444,2,599.38,1,2,2,Lost,5
14612,United Kingdom,2010-10-20,2010-10-20,2010-10-01,416,1,877.7,1,1,3,Lost,5
14613,United Kingdom,2010-01-28,2010-01-28,2010-01-01,681,1,76.32,1,1,1,Lost,5
14614,United Kingdom,2010-11-18,2010-11-18,2010-11-01,387,1,295.13,1,1,1,Lost,5
14615,United Kingdom,2010-06-09,2010-11-10,2010-06-01,395,5,934.26,1,3,3,At risk,4
14616,United Kingdom,2010-06-09,2011-04-11,2010-06-01,243,5,527.78,2,3,2,Lost,5
14617,United Kingdom,2010-10-20,2010-11-02,2010-10-01,403,2,190.47,1,2,1,Lost,5
14618,United Kingdom,2010-06-11,2011-11-30,2010-06-01,10,7,1310.52,4,3,3,Champions,1
14619,United Kingdom,2010-06-16,2011-04-08,2010-06-01,246,2,1276.31,2,2,3,Lost,5
14620,United Kingdom,2011-03-01,2011-05-18,2011-03-01,206,2,393.28,2,2,2,Lost,5
14621,United Kingdom,2010-01-25,2011-12-08,2010-01-01,2,9,2878.27,4,4,4,Champions,1
14622,United Kingdom,2011-06-08,2011-06-08,2011-06-01,185,1,320.58,2,1,1,Lost,5
14623,United Kingdom,2010-04-16,2011-11-07,2010-04-01,33,10,1983.55,3,4,3,Champions,1
14624,United Kingdom,2010-04-14,2011-10-13,2010-04-01,58,6,814.07,3,3,2,Loyal,2
14625,United Kingdom,2009-12-16,2011-05-27,2009-12-01,197,11,4429.18,2,4,4,At risk,4
14626,United Kingdom,2009-12-10,2011-11-16,2009-12-01,24,11,5374.77,4,4,4,Champions,1
14627,United Kingdom,2010-11-25,2010-11-25,2010-11-01,380,1,406.4,1,1,2,Lost,5
14628,United Kingdom,2010-01-25,2011-09-09,2010-01-01,92,5,1998.0,3,3,3,Champions,1
14629,United Kingdom,2011-10-23,2011-12-05,2011-10-01,5,2,935.46,4,2,3,Loyal,2
14630,United Kingdom,2010-08-12,2010-08-12,2010-08-01,485,1,338.65,1,1,2,Lost,5
14631,United Kingdom,2010-08-09,2011-10-20,2010-08-01,51,6,2023.17,3,3,3,Champions,1
14632,United Kingdom,2011-03-22,2011-03-22,2011-03-01,263,1,114.56,2,1,1,Lost,5
14633,United Kingdom,2011-03-18,2011-03-18,2011-03-01,267,1,344.9,2,1,2,Lost,5
14634,United Kingdom,2010-06-16,2010-09-28,2010-06-01,438,4,1971.82,1,3,3,At risk,4
14635,United Kingdom,2010-09-12,2010-09-12,2010-09-01,454,1,215.22,1,1,1,Lost,5
14636,United Kingdom,2011-03-16,2011-11-03,2011-03-01,37,2,609.85,3,2,2,Loyal,2
14637,United Kingdom,2010-01-31,2010-01-31,2010-01-01,678,1,106.68,1,1,1,Lost,5
14638,United Kingdom,2011-10-20,2011-10-20,2011-10-01,51,1,443.6,3,1,2,New,3
14639,United Kingdom,2010-02-16,2011-10-18,2010-02-01,53,9,4946.81,3,4,4,Champions,1
14640,United Kingdom,2010-01-22,2011-11-15,2010-01-01,25,10,3446.33,4,4,4,Champions,1
14641,United Kingdom,2011-11-18,2011-11-18,2011-11-01,22,1,110.46,4,1,1,New,3
14642,United Kingdom,2011-10-12,2011-10-12,2011-10-01,59,1,96.12,3,1,1,New,3
14643,United Kingdom,2009-12-11,2011-06-22,2009-12-01,171,5,1654.69,2,3,3,At risk,4
14644,United Kingdom,2009-12-03,2011-10-03,2009-12-01,68,7,2077.47,3,3,3,Champions,1
14645,United Kingdom,2010-03-15,2011-07-06,2010-03-01,157,3,840.24,2,2,2,Lost,5
14646,Netherlands,2009-12-02,2011-12-08,2009-12-01,2,145,523202.74,4,4,4,Champions,1
14647,United Kingdom,2010-07-04,2011-05-22,2010-07-01,202,2,506.04,2,2,2,Lost,5
14648,United Kingdom,2009-12-10,2010-10-19,2009-12-01,417,15,4374.74,1,4,4,At risk,4
14649,United Kingdom,2010-01-20,2011-12-05,2010-01-01,5,9,3630.04,4,4,4,Champions,1
14650,United Kingdom,2010-04-29,2010-04-29,2010-04-01,590,1,62.5,1,1,1,Lost,5
14651,United Kingdom,2010-03-18,2011-10-03,2010-03-01,68,9,2025.52,3,4,3,Champions,1
14652,United Kingdom,2011-09-23,2011-09-23,2011-09-01,78,1,114.18,3,1,1,New,3
14653,United Kingdom,2009-12-02,2011-12-08,2009-12-01,2,11,3404.8,4,4,4,Champions,1
14654,United Kingdom,2009-12-01,2009-12-01,2009-12-01,739,1,246.86,1,1,1,Lost,5
14655,United Kingdom,2010-04-22,2011-12-01,2010-04-01,9,7,3836.73,4,3,4,Champions,1
14656,United Kingdom,2010-04-15,2011-06-23,2010-04-01,170,5,790.0,2,3,2,Lost,5
14657,United Kingdom,2010-09-30,2011-11-22,2010-09-01,18,6,1440.24,4,3,3,Champions,1
14658,United Kingdom,2011-08-14,2011-12-04,2011-08-01,6,2,247.15,4,2,1,Loyal,2
14659,United Kingdom,2011-01-28,2011-12-01,2011-01-01,9,9,2456.53,4,4,4,Champions,1
14660,United Kingdom,2011-08-31,2011-09-14,2011-08-01,87,2,285.74,3,2,1,Loyal,2
14661,United Kingdom,2011-11-13,2011-11-13,2011-11-01,27,1,107.95,3,1,1,New,3
14662,United Kingdom,2009-12-03,2011-11-11,2009-12-01,29,7,1376.43,3,3,3,Champions,1
14663,United Kingdom,2010-10-05,2010-10-05,2010-10-01,431,2,490.6,1,2,2,Lost,5
14664,United Kingdom,2011-11-06,2011-11-20,2011-11-01,20,2,636.24,4,2,2,Loyal,2
14665,United Kingdom,2010-04-26,2011-10-10,2010-04-01,61,7,2172.33,3,3,3,Champions,1
14666,United Kingdom,2011-11-15,2011-11-15,2011-11-01,25,1,179.95,4,1,1,New,3
14667,United Kingdom,2009-12-02,2011-11-29,2009-12-01,11,54,20153.04,4,4,4,Champions,1
14668,United Kingdom,2010-09-20,2010-09-20,2010-09-01,446,1,111.63,1,1,1,Lost,5
14669,United Kingdom,2009-12-02,2011-04-12,2009-12-01,242,7,3216.78,2,3,4,At risk,4
14670,United Kingdom,2009-12-07,2011-03-04,2009-12-01,281,3,583.33,2,2,2,Lost,5
14671,United Kingdom,2010-05-20,2010-06-08,2010-05-01,550,2,1127.45,1,2,3,Lost,5
14672,United Kingdom,2010-01-28,2011-04-19,2010-01-01,235,4,1113.14,2,3,3,At risk,4
14673,United Kingdom,2010-10-26,2011-12-06,2010-10-01,4,7,3037.32,4,3,4,Champions,1
14674,United Kingdom,2010-07-18,2010-07-18,2010-07-01,510,1,173.66,1,1,1,Lost,5
14675,United Kingdom,2010-11-16,2011-11-23,2010-11-01,17,2,1015.58,4,2,3,Loyal,2
14676,United Kingdom,2010-03-10,2011-11-08,2010-03-01,32,12,8285.49,3,4,4,Champions,1
14677,United Kingdom,2010-04-26,2010-04-26,2010-04-01,593,1,184.91,1,1,1,Lost,5
14678,United Kingdom,2010-05-09,2010-05-09,2010-05-01,580,1,386.44,1,1,2,Lost,5
14679,United Kingdom,2009-12-08,2010-11-23,2009-12-01,382,3,1272.95,1,2,3,Lost,5
14680,United Kingdom,2009-12-04,2011-11-14,2009-12-01,26,58,53080.02,3,4,4,Champions,1
14681,United Kingdom,2010-02-24,2011-09-29,2010-02-01,72,6,875.15,3,3,3,Champions,1
14682,United Kingdom,2010-02-05,2011-06-05,2010-02-01,188,6,1514.81,2,3,3,At risk,4
14683,United Kingdom,2010-04-30,2010-04-30,2010-04-01,589,1,146.56,1,1,1,Lost,5
14684,United Kingdom,2010-11-14,2011-11-14,2010-11-01,26,6,1430.03,3,3,3,Champions,1
14685,United Kingdom,2009-12-13,2010-05-12,2009-12-01,577,8,4241.16,1,4,4,At risk,4
14686,United Kingdom,2010-02-18,2010-10-21,2010-02-01,415,5,844.58,1,3,3,At risk,4
14687,United Kingdom,2010-06-06,2011-08-25,2010-06-01,107,3,1402.06,2,2,3,Lost,5
14688,United Kingdom,2010-09-09,2011-12-02,2010-09-01,8,28,6666.93,4,4,4,Champions,1
14689,United Kingdom,2011-05-15,2011-05-15,2011-05-01,209,1,112.8,2,1,1,Lost,5
14690,United Kingdom,2010-10-25,2011-10-26,2010-10-01,45,4,764.59,3,3,2,Loyal,2
14691,United Kingdom,2011-05-11,2011-11-09,2011-05-01,31,5,2114.33,3,3,3,Champions,1
14692,United Kingdom,2010-04-01,2011-07-25,2010-04-01,138,12,1705.64,2,4,3,At risk,4
14693,United Kingdom,2010-07-02,2011-03-20,2010-07-01,265,7,1139.86,2,3,3,At risk,4
14694,United Kingdom,2010-04-01,2010-04-01,2010-04-01,618,1,244.31,1,1,1,Lost,5
14695,United Kingdom,2009-12-07,2010-07-08,2009-12-01,520,3,1466.72,1,2,3,Lost,5
14696,United Kingdom,2010-10-14,2011-12-05,2010-10-01,5,8,2465.3,4,4,4,Champions,1
14697,United Kingdom,2011-05-05,2011-05-05,2011-05-01,219,2,188.61,2,2,1,Lost,5
14698,United Kingdom,2011-10-19,2011-12-08,2011-10-01,2,5,1217.27,4,3,3,Champions,1
14699,United Kingdom,2010-07-02,2011-05-09,2010-07-01,215,4,702.6,2,3,2,Lost,5
14700,United Kingdom,2010-08-11,2011-11-07,2010-08-01,33,5,3076.06,3,3,4,Champions,1
14701,United Kingdom,2010-01-24,2011-11-29,2010-01-01,11,15,4423.96,4,4,4,Champions,1
14702,United Kingdom,2009-12-10,2011-12-08,2009-12-01,2,29,6298.48,4,4,4,Champions,1
14703,United Kingdom,2011-11-25,2011-11-25,2011-11-01,15,1,318.17,4,1,1,New,3
14704,United Kingdom,2010-03-25,2011-11-20,2010-03-01,20,9,1720.58,4,4,3,Champions,1
14705,United Kingdom,2011-05-25,2011-05-25,2011-05-01,199,1,179.0,2,1,1,Lost,5
14706,United Kingdom,2010-03-31,2010-03-31,2010-03-01,619,1,367.54,1,1,2,Lost,5
14707,United Kingdom,2010-05-12,2010-09-30,2010-05-01,436,2,139.2,1,2,1,Lost,5
14708,United Kingdom,2010-09-10,2011-12-07,2010-09-01,3,5,1763.52,4,3,3,Champions,1
14709,United Kingdom,2009-12-05,2011-11-24,2009-12-01,16,25,8866.48,4,4,4,Champions,1
14710,United Kingdom,2009-12-03,2011-11-25,2009-12-01,15,13,1899.79,4,4,3,Champions,1
14711,United Kingdom,2011-03-22,2011-11-29,2011-03-01,11,11,2809.02,4,4,4,Champions,1
14712,United Kingdom,2010-10-17,2011-11-10,2010-10-01,30,4,1328.07,3,3,3,Champions,1
14713,United Kingdom,2009-12-03,2011-11-30,2009-12-01,10,21,5068.96,4,4,4,Champions,1
14714,United Kingdom,2010-01-21,2011-11-15,2010-01-01,25,4,896.4,4,3,3,Champions,1
14715,United Kingdom,2010-01-19,2011-11-15,2010-01-01,25,8,1809.55,4,4,3,Champions,1
14716,United Kingdom,2010-09-21,2011-10-27,2010-09-01,44,3,543.28,3,2,2,Loyal,2
14717,United Kingdom,2009-12-06,2009-12-06,2009-12-01,734,1,72.8,1,1,1,Lost,5
14718,United Kingdom,2010-10-25,2010-10-25,2010-10-01,411,1,226.42,1,1,1,Lost,5
14719,United Kingdom,2011-04-04,2011-12-08,2011-04-01,2,5,1571.89,4,3,3,Champions,1
14720,United Kingdom,2011-08-05,2011-12-04,2011-08-01,6,3,663.81,4,2,2,Loyal,2
14721,United Kingdom,2010-11-25,2010-11-25,2010-11-01,380,1,109.07,1,1,1,Lost,5
14722,United Kingdom,2010-08-10,2011-07-15,2010-08-01,148,3,489.52,2,2,2,Lost,5
14723,United Kingdom,2009-12-04,2011-11-29,2009-12-01,11,11,1801.36,4,4,3,Champions,1
14724,United Kingdom,2010-04-28,2010-04-28,2010-04-01,591,1,341.9,1,1,2,Lost,5
14725,United Kingdom,2010-06-23,2011-11-15,2010-06-01,25,4,1196.46,4,3,3,Champions,1
14726,United Kingdom,2010-02-23,2010-02-23,2010-02-01,655,1,116.5,1,1,1,Lost,5
14727,United Kingdom,2010-06-11,2011-03-10,2010-06-01,275,3,291.13,2,2,1,Lost,5
14728,United Kingdom,2010-10-22,2010-10-22,2010-10-01,414,1,190.58,1,1,1,Lost,5
14729,United Kingdom,2010-03-24,2010-12-01,2010-03-01,374,3,586.24,2,2,2,Lost,5
14730,United Kingdom,2011-03-08,2011-12-08,2011-03-01,2,8,1897.57,4,4,3,Champions,1
14731,United Kingdom,2011-05-11,2011-10-23,2011-05-01,48,3,380.02,3,2,2,Loyal,2
14732,United Kingdom,2009-12-09,2011-12-01,2009-12-01,9,19,5447.52,4,4,4,Champions,1
14733,United Kingdom,2010-11-02,2011-11-23,2010-11-01,17,15,14200.78,4,4,4,Champions,1
14734,United Kingdom,2010-06-06,2010-10-10,2010-06-01,426,4,1045.47,1,3,3,At risk,4
14735,United Kingdom,2009-12-04,2011-12-06,2009-12-01,4,55,11899.66,4,4,4,Champions,1
14736,United Kingdom,2010-08-11,2010-08-11,2010-08-01,486,2,374.05,1,2,2,Lost,5
14737,United Kingdom,2010-11-04,2011-12-06,2010-11-01,4,4,3554.17,4,3,4,Champions,1
14738,United Kingdom,2009-12-07,2011-10-28,2009-12-01,43,9,1763.64,3,4,3,Champions,1
14739,United Kingdom,2009-12-02,2011-12-05,2009-12-01,5,25,11555.69,4,4,4,Champions,1
14740,United Kingdom,2010-02-25,2011-05-26,2010-02-01,198,11,4068.86,2,4,4,At risk,4
14741,United Kingdom,2010-10-18,2011-11-28,2010-10-01,12,7,1713.09,4,3,3,Champions,1
14742,United Kingdom,2010-09-30,2010-09-30,2010-09-01,436,1,579.85,1,1,2,Lost,5
14743,United Kingdom,2010-04-26,2010-04-26,2010-04-01,593,1,50.48,1,1,1,Lost,5
14744,United Kingdom,2010-05-18,2011-11-23,2010-05-01,17,14,3648.63,4,4,4,Champions,1
14745,United Kingdom,2010-03-12,2011-08-19,2010-03-01,113,12,2471.06,2,4,4,At risk,4
14746,United Kingdom,2010-10-12,2010-10-29,2010-10-01,407,4,593.5,1,3,2,Lost,5
14747,United Kingdom,2011-04-04,2011-04-04,2011-04-01,250,1,294.3,2,1,1,Lost,5
14748,United Kingdom,2010-03-04,2011-11-10,2010-03-01,30,10,2208.89,3,4,4,Champions,1
14749,United Kingdom,2010-08-17,2010-08-17,2010-08-01,480,1,310.15,1,1,1,Lost,5
14750,United Kingdom,2009-12-03,2009-12-03,2009-12-01,737,1,112.03,1,1,1,Lost,5
14751,United Kingdom,2009-12-13,2010-01-24,2009-12-01,685,2,126.45,1,2,1,Lost,5
14752,United Kingdom,2011-10-27,2011-10-27,2011-10-01,44,1,389.64,3,1,2,New,3
14753,United Kingdom,2010-09-05,2011-09-13,2010-09-01,88,2,869.51,3,2,3,Loyal,2
14754,United Kingdom,2010-01-18,2011-10-26,2010-01-01,45,6,1543.73,3,3,3,Champions,1
14755,United Kingdom,2009-12-03,2011-11-30,2009-12-01,10,25,9851.45,4,4,4,Champions,1
14756,United Kingdom,2010-10-11,2011-11-24,2010-10-01,16,3,2563.46,4,2,4,Champions,1
14757,United Kingdom,2011-09-25,2011-09-25,2011-09-01,76,1,420.5,3,1,2,New,3
14758,United Kingdom,2010-04-08,2011-07-18,2010-04-01,145,7,2864.97,2,3,4,At risk,4
14759,United Kingdom,2011-04-21,2011-12-05,2011-04-01,5,3,1625.97,4,2,3,Loyal,2
14760,United Kingdom,2011-02-15,2011-02-15,2011-02-01,298,1,53.8,2,1,1,Lost,5
14761,United Kingdom,2010-09-21,2011-10-12,2010-09-01,59,3,447.92,3,2,2,Loyal,2
14762,United Kingdom,2010-03-23,2011-03-21,2010-03-01,264,2,417.57,2,2,2,Lost,5
14764,United Kingdom,2011-10-24,2011-10-24,2011-10-01,47,1,250.55,3,1,1,New,3
14765,United Kingdom,2011-06-16,2011-11-10,2011-06-01,30,3,254.11,3,2,1,Loyal,2
14766,United Kingdom,2010-06-06,2011-12-01,2010-06-01,9,11,6301.88,4,4,4,Champions,1
14767,United Kingdom,2010-08-22,2010-08-22,2010-08-01,475,1,382.81,1,1,2,Lost,5
14768,United Kingdom,2011-08-04,2011-11-22,2011-08-01,18,2,139.5,4,2,1,Loyal,2
14769,United Kingdom,2009-12-16,2011-12-07,2009-12-01,3,17,15437.25,4,4,4,Champions,1
14770,United Kingdom,2010-02-25,2011-04-21,2010-02-01,233,8,3624.89,2,4,4,At risk,4
14771,United Kingdom,2009-12-03,2010-03-28,2009-12-01,622,2,579.92,1,2,2,Lost,5
14772,United Kingdom,2011-08-19,2011-08-19,2011-08-01,113,1,139.26,2,1,1,Lost,5
14773,United Kingdom,2010-04-26,2010-04-26,2010-04-01,593,1,125.7,1,1,1,Lost,5
14774,United Kingdom,2010-06-29,2010-06-29,2010-06-01,529,1,241.45,1,1,1,Lost,5
14775,United Kingdom,2010-12-02,2011-10-12,2010-12-01,59,3,1011.9,3,2,3,Loyal,2
14776,United Kingdom,2010-09-19,2011-10-19,2010-09-01,52,15,3339.02,3,4,4,Champions,1
14777,United Kingdom,2010-11-01,2010-11-01,2010-11-01,404,1,239.26,1,1,1,Lost,5
14778,United Kingdom,2011-02-04,2011-08-04,2011-02-01,128,2,730.86,2,2,2,Lost,5
14779,United Kingdom,2011-01-20,2011-03-04,2011-01-01,281,3,386.15,2,2,2,Lost,5
14780,United Kingdom,2011-09-21,2011-10-16,2011-09-01,55,2,447.68,3,2,2,Loyal,2
14782,United Kingdom,2011-01-24,2011-01-24,2011-01-01,320,1,200.1,2,1,1,Lost,5
14783,United Kingdom,2010-02-18,2010-02-18,2010-02-01,660,1,305.35,1,1,1,Lost,5
14784,United Kingdom,2010-11-15,2011-11-13,2010-11-01,27,3,449.93,3,2,2,Loyal,2
14785,United Kingdom,2011-11-24,2011-11-29,2011-11-01,11,2,77.4,4,2,1,Loyal,2
14786,United Kingdom,2010-06-07,2010-06-07,2010-06-01,551,1,90.96,1,1,1,Lost,5
14787,United Kingdom,2010-08-25,2010-08-25,2010-08-01,472,1,110.65,1,1,1,Lost,5
14788,United Kingdom,2010-04-22,2011-12-02,2010-04-01,8,3,1156.32,4,2,3,Loyal,2
14789,United Kingdom,2011-11-11,2011-11-11,2011-11-01,29,1,197.64,3,1,1,New,3
14790,United Kingdom,2009-12-11,2011-11-23,2009-12-01,17,10,2526.62,4,4,4,Champions,1
14791,United Kingdom,2010-04-12,2010-04-12,2010-04-01,607,1,303.63,1,1,1,Lost,5
14793,United Kingdom,2010-06-22,2011-11-18,2010-06-01,22,2,611.05,4,2,2,Loyal,2
14794,United Kingdom,2010-08-09,2011-12-07,2010-08-01,3,10,1889.15,4,4,3,Champions,1
14795,United Kingdom,2011-06-26,2011-06-26,2011-06-01,167,1,131.45,2,1,1,Lost,5
14796,United Kingdom,2009-12-14,2011-12-08,2009-12-01,2,27,9971.2,4,4,4,Champions,1
14797,United Kingdom,2010-07-20,2010-07-20,2010-07-01,508,1,300.31,1,1,1,Lost,5
14798,United Kingdom,2010-03-01,2011-10-18,2010-03-01,53,8,715.11,3,4,2,Champions,1
14799,United Kingdom,2009-12-02,2011-10-19,2009-12-01,52,2,338.15,3,2,2,Loyal,2
14800,United Kingdom,2010-09-30,2011-10-23,2010-09-01,48,17,6890.73,3,4,4,Champions,1
14801,United Kingdom,2011-10-09,2011-10-09,2011-10-01,62,1,189.34,3,1,1,New,3
14803,United Kingdom,2011-02-20,2011-06-30,2011-02-01,163,3,845.55,2,2,3,Lost,5
14804,United Kingdom,2011-12-01,2011-12-01,2011-12-01,9,1,353.27,4,1,2,New,3
14805,United Kingdom,2010-03-28,2011-11-24,2010-03-01,16,7,1082.55,4,3,3,Champions,1
14806,United Kingdom,2010-09-26,2011-09-25,2010-09-01,76,2,303.43,3,2,1,Loyal,2
14807,United Kingdom,2010-02-28,2010-11-14,2010-02-01,391,2,504.14,1,2,2,Lost,5
14808,United Kingdom,2011-06-20,2011-10-31,2011-06-01,40,8,2277.8,3,4,4,Champions,1
14809,United Kingdom,2010-03-28,2010-03-28,2010-03-01,622,2,686.76,1,2,2,Lost,5
14810,United Kingdom,2010-10-06,2011-10-30,2010-10-01,41,13,2354.03,3,4,4,Champions,1
14811,United Kingdom,2010-11-17,2010-11-17,2010-11-01,388,1,170.5,1,1,1,Lost,5
14812,United Kingdom,2010-04-20,2010-04-20,2010-04-01,599,1,178.85,1,1,1,Lost,5
14813,United Kingdom,2010-04-08,2010-12-05,2010-04-01,370,4,888.91,2,3,3,At risk,4
14814,United Kingdom,2010-05-07,2010-05-07,2010-05-01,582,1,152.96,1,1,1,Lost,5
14815,United Kingdom,2011-10-03,2011-11-03,2011-10-01,37,2,778.5,3,2,2,Loyal,2
14816,United Kingdom,2011-05-26,2011-05-26,2011-05-01,198,1,271.85,2,1,1,Lost,5
14817,United Kingdom,2010-03-22,2011-05-23,2010-03-01,201,7,3539.21,2,3,4,At risk,4
14818,United Kingdom,2010-03-02,2011-09-27,2010-03-01,74,6,1153.56,3,3,3,Champions,1
14819,United Kingdom,2009-12-21,2011-10-06,2009-12-01,65,4,456.41,3,3,2,Loyal,2
14820,United Kingdom,2010-01-31,2011-11-18,2010-01-01,22,9,1274.76,4,4,3,Champions,1
14821,United Kingdom,2010-02-01,2010-12-08,2010-02-01,367,7,1230.15,2,3,3,At risk,4
14822,United Kingdom,2010-08-11,2010-08-11,2010-08-01,486,1,157.7,1,1,1,Lost,5
14823,United Kingdom,2011-05-29,2011-06-12,2011-05-01,181,3,321.43,2,2,1,Lost,5
14824,United Kingdom,2010-03-12,2011-11-29,2010-03-01,11,10,3952.51,4,4,4,Champions,1
14825,United Kingdom,2010-04-06,2011-12-06,2010-04-01,4,24,4696.28,4,4,4,Champions,1
14826,United Kingdom,2010-01-13,2010-05-07,2010-01-01,582,2,385.2,1,2,2,Lost,5
14828,United Kingdom,2009-12-07,2011-05-27,2009-12-01,197,13,9803.46,2,4,4,At risk,4
14829,United Kingdom,2010-09-29,2011-11-10,2010-09-01,30,7,1402.97,3,3,3,Champions,1
14830,United Kingdom,2011-10-17,2011-10-17,2011-10-01,54,1,188.03,3,1,1,New,3
14831,United Kingdom,2009-12-02,2010-01-28,2009-12-01,681,3,1623.97,1,2,3,Lost,5
14833,United Kingdom,2010-07-29,2010-07-29,2010-07-01,499,1,94.8,1,1,1,Lost,5
14834,United Kingdom,2010-10-28,2011-11-22,2010-10-01,18,7,2184.21,4,3,4,Champions,1
14835,United Kingdom,2010-04-01,2010-06-29,2010-04-01,529,2,293.1,1,2,1,Lost,5
14836,United Kingdom,2011-11-09,2011-11-29,2011-11-01,11,3,102.45,4,2,1,Loyal,2
14837,United Kingdom,2010-01-24,2011-09-11,2010-01-01,90,9,3445.82,3,4,4,Champions,1
14838,United Kingdom,2009-12-03,2010-10-12,2009-12-01,424,2,769.92,1,2,2,Lost,5
14839,United Kingdom,2010-01-04,2010-10-17,2010-01-01,419,3,915.28,1,2,3,Lost,5
14840,United Kingdom,2010-06-18,2011-03-17,2010-06-01,268,2,340.21,2,2,2,Lost,5
14841,United Kingdom,2009-12-02,2011-10-17,2009-12-01,54,14,7163.0,3,4,4,Champions,1
14842,United Kingdom,2011-02-04,2011-10-27,2011-02-01,44,4,2456.8,3,3,4,Champions,1
14843,United Kingdom,2010-09-29,2010-09-29,2010-09-01,437,1,211.8,1,1,1,Lost,5
14844,United Kingdom,2010-04-12,2011-10-07,2010-04-01,64,10,6688.43,3,4,4,Champions,1
14845,United Kingdom,2010-04-19,2010-04-19,2010-04-01,600,1,150.0,1,1,1,Lost,5
14846,United Kingdom,2010-10-08,2010-10-08,2010-10-01,428,1,406.8,1,1,2,Lost,5
14847,United Kingdom,2010-05-24,2011-07-14,2010-05-01,149,3,1320.6,2,2,3,Lost,5
14848,United Kingdom,2010-10-31,2010-10-31,2010-10-01,405,1,310.56,1,1,1,Lost,5
14849,United Kingdom,2010-01-10,2011-11-18,2010-01-01,22,43,15186.6,4,4,4,Champions,1
14850,United Kingdom,2010-05-20,2011-02-01,2010-05-01,312,7,1599.76,2,3,3,At risk,4
14851,United Kingdom,2010-03-19,2011-11-16,2010-03-01,24,3,829.41,4,2,2,Loyal,2
14852,United Kingdom,2010-03-05,2011-10-12,2010-03-01,59,18,6108.88,3,4,4,Champions,1
14853,United Kingdom,2010-04-13,2011-11-15,2010-04-01,25,5,1351.37,4,3,3,Champions,1
14854,United Kingdom,2010-01-22,2011-09-22,2010-01-01,79,11,4282.37,3,4,4,Champions,1
14855,United Kingdom,2010-04-08,2011-08-12,2010-04-01,120,7,6520.3,2,3,4,At risk,4
14856,United Kingdom,2011-10-14,2011-11-03,2011-10-01,37,3,1290.53,3,2,3,Loyal,2
14857,United Kingdom,2010-03-15,2011-10-11,2010-03-01,60,7,3578.93,3,3,4,Champions,1
14858,United Kingdom,2010-07-22,2010-07-22,2010-07-01,506,1,180.75,1,1,1,Lost,5
14859,United Kingdom,2010-06-03,2011-11-27,2010-06-01,13,5,1703.94,4,3,3,Champions,1
14860,United Kingdom,2011-11-20,2011-11-20,2011-11-01,20,1,168.62,4,1,1,New,3
14861,United Kingdom,2009-12-08,2011-10-18,2009-12-01,53,10,1318.4,3,4,3,Champions,1
14862,United Kingdom,2011-07-14,2011-11-14,2011-07-01,26,2,841.2,3,2,2,Loyal,2
14863,United Kingdom,2011-11-10,2011-11-10,2011-11-01,30,1,266.76,3,1,1,New,3
14865,United Kingdom,2009-12-01,2011-12-02,2009-12-01,8,4,92.52,4,3,1,Loyal,2
14866,United Kingdom,2010-09-21,2011-11-29,2010-09-01,11,17,20507.59,4,4,4,Champions,1
14867,United Kingdom,2009-12-05,2011-06-07,2009-12-01,186,16,2910.41,2,4,4,At risk,4
14868,United Kingdom,2010-10-15,2011-12-06,2010-10-01,4,12,4170.06,4,4,4,Champions,1
14869,United Kingdom,2009-12-16,2011-12-01,2009-12-01,9,6,2750.7,4,3,4,Champions,1
14870,United Kingdom,2010-01-25,2011-03-23,2010-01-01,262,6,1794.6,2,3,3,At risk,4
14871,United Kingdom,2009-12-01,2011-12-06,2009-12-01,4,9,1228.17,4,4,3,Champions,1
14872,United Kingdom,2010-03-16,2010-08-13,2010-03-01,484,3,802.68,1,2,2,Lost,5
14873,United Kingdom,2010-03-16,2011-05-13,2010-03-01,211,2,854.13,2,2,3,Lost,5
14874,United Kingdom,2010-06-22,2010-06-22,2010-06-01,536,1,116.18,1,1,1,Lost,5
14875,United Kingdom,2010-09-24,2011-08-24,2010-09-01,108,3,2850.5,2,2,4,At risk,4
14876,United Kingdom,2010-05-27,2010-07-06,2010-05-01,522,2,256.7,1,2,1,Lost,5
14877,United Kingdom,2010-03-07,2010-10-17,2010-03-01,419,2,425.85,1,2,2,Lost,5
14878,United Kingdom,2010-02-21,2011-11-27,2010-02-01,13,25,3807.1,4,4,4,Champions,1
14879,United Kingdom,2010-01-24,2010-01-24,2010-01-01,685,1,185.06,1,1,1,Lost,5
14880,United Kingdom,2011-02-24,2011-09-23,2011-02-01,78,3,690.59,3,2,2,Loyal,2
14881,United Kingdom,2011-11-20,2011-11-20,2011-11-01,20,1,255.4,4,1,1,New,3
14882,United Kingdom,2010-03-30,2011-11-13,2010-03-01,27,14,3345.05,3,4,4,Champions,1
14883,United Kingdom,2011-05-12,2011-11-21,2011-05-01,19,6,756.64,4,3,2,Loyal,2
14884,United Kingdom,2010-02-08,2010-02-08,2010-02-01,670,1,120.6,1,1,1,Lost,5
14885,United Kingdom,2010-08-31,2011-07-31,2010-08-01,132,3,1496.12,2,2,3,Lost,5
14886,United Kingdom,2011-04-01,2011-04-01,2011-04-01,253,1,364.8,2,1,2,Lost,5
14887,United Kingdom,2011-09-21,2011-09-21,2011-09-01,80,1,1862.0,3,1,3,New,3
14888,United Kingdom,2011-05-16,2011-05-16,2011-05-01,208,1,369.2,2,1,2,Lost,5
14889,United Kingdom,2011-01-07,2011-01-07,2011-01-01,337,1,135.9,2,1,1,Lost,5
14890,United Kingdom,2010-02-18,2011-03-31,2010-02-01,254,3,817.25,2,2,2,Lost,5
14891,United Kingdom,2010-09-29,2011-07-14,2010-09-01,149,4,1106.73,2,3,3,At risk,4
14892,United Kingdom,2010-01-18,2010-01-18,2010-01-01,691,1,202.35,1,1,1,Lost,5
14893,United Kingdom,2010-04-01,2011-11-30,2010-04-01,10,3,1785.01,4,2,3,Loyal,2
14894,United Kingdom,2009-12-02,2011-09-15,2009-12-01,86,3,1412.21,3,2,3,Loyal,2
14895,United Kingdom,2009-12-10,2011-12-02,2009-12-01,8,38,24488.82,4,4,4,Champions,1
14896,United Kingdom,2009-12-06,2011-05-19,2009-12-01,205,8,1727.3,2,4,3,At risk,4
14897,United Kingdom,2009-12-15,2011-12-02,2009-12-01,8,8,3100.74,4,4,4,Champions,1
14898,United Kingdom,2009-12-03,2011-11-16,2009-12-01,24,14,3242.6,4,4,4,Champions,1
14899,United Kingdom,2010-11-09,2010-11-09,2010-11-01,396,1,1331.38,1,1,3,Lost,5
14900,United Kingdom,2010-07-05,2010-07-05,2010-07-01,523,1,13.92,1,1,1,Lost,5
14901,United Kingdom,2010-07-29,2011-11-28,2010-07-01,12,12,1912.7,4,4,3,Champions,1
14902,United Kingdom,2010-06-04,2011-11-14,2010-06-01,26,3,1000.27,3,2,3,Loyal,2
14903,United Kingdom,2011-03-06,2011-11-18,2011-03-01,22,5,2729.18,4,3,4,Champions,1
14904,United Kingdom,2010-10-08,2011-12-07,2010-10-01,3,4,1630.49,4,3,3,Champions,1
14905,United Kingdom,2009-12-03,2011-07-05,2009-12-01,158,8,1939.69,2,4,3,At risk,4
14907,United Kingdom,2010-04-16,2011-12-06,2010-04-01,4,16,5476.62,4,4,4,Champions,1
14908,United Kingdom,2010-09-02,2011-09-26,2010-09-01,75,2,381.9,3,2,2,Loyal,2
14909,United Kingdom,2010-02-14,2010-09-28,2010-02-01,438,3,1380.98,1,2,3,Lost,5
14910,United Kingdom,2011-10-16,2011-12-07,2011-10-01,3,4,389.86,4,3,2,Loyal,2
14911,EIRE,2009-12-01,2011-12-08,2009-12-01,2,373,258522.43,4,4,4,Champions,1
14912,Italy,2010-04-28,2011-11-23,2010-04-01,17,5,1829.78,4,3,3,Champions,1
14913,United Kingdom,2010-08-11,2011-11-04,2010-08-01,36,8,4073.13,3,4,4,Champions,1
14915,United Kingdom,2009-12-03,2011-09-09,2009-12-01,92,11,1752.65,3,4,3,Champions,1
14916,United Kingdom,2010-04-01,2011-09-30,2010-04-01,71,8,2888.21,3,4,4,Champions,1
14917,United Kingdom,2010-04-22,2010-04-22,2010-04-01,597,2,1123.75,1,2,3,Lost,5
14918,United Kingdom,2010-04-08,2011-08-16,2010-04-01,116,9,5955.81,2,4,4,At risk,4
14919,United Kingdom,2010-06-18,2010-06-18,2010-06-01,540,1,359.35,1,1,2,Lost,5
14920,United Kingdom,2010-05-23,2011-05-11,2010-05-01,213,3,1607.17,2,2,3,Lost,5
14921,United Kingdom,2011-05-22,2011-11-09,2011-05-01,31,2,1316.07,3,2,3,Loyal,2
14922,United Kingdom,2010-07-20,2010-11-11,2010-07-01,394,2,843.74,1,2,2,Lost,5
14923,United Kingdom,2011-10-20,2011-10-20,2011-10-01,51,1,749.1,3,1,2,New,3
14924,United Kingdom,2010-03-10,2011-04-08,2010-03-01,246,3,931.01,2,2,3,Lost,5
14926,United Kingdom,2010-04-20,2010-11-23,2010-04-01,382,2,337.65,1,2,2,Lost,5
14927,United Kingdom,2010-11-08,2010-11-08,2010-11-01,397,1,308.2,1,1,1,Lost,5
14928,United Kingdom,2010-03-22,2010-03-22,2010-03-01,628,1,204.46,1,1,1,Lost,5
14929,United Kingdom,2010-10-14,2011-11-07,2010-10-01,33,2,836.69,3,2,2,Loyal,2
14930,Channel Islands,2010-04-12,2011-08-23,2010-04-01,109,6,5126.74,2,3,4,At risk,4
14931,Channel Islands,2011-04-13,2011-12-05,2011-04-01,5,4,864.68,4,3,3,Champions,1
14932,Channel Islands,2010-11-19,2010-12-09,2010-11-01,366,2,566.13,2,2,2,Lost,5
14933,Channel Islands,2010-09-21,2010-09-22,2010-09-01,444,4,885.0,1,3,3,At risk,4
14934,Channel Islands,2010-09-24,2011-09-19,2010-09-01,82,5,2471.07,3,3,4,Champions,1
14935,Channel Islands,2010-03-30,2011-02-15,2010-03-01,298,2,2849.83,2,2,4,At risk,4
14936,Channel Islands,2010-05-05,2011-11-06,2010-05-01,34,12,12378.46,3,4,4,Champions,1
14937,Channel Islands,2011-08-01,2011-10-14,2011-08-01,57,3,1617.63,3,2,3,Loyal,2
14938,Channel Islands,2010-05-26,2010-05-26,2010-05-01,563,2,2289.43,1,2,4,At risk,4
14940,United Kingdom,2009-12-06,2010-10-18,2009-12-01,418,2,531.49,1,2,2,Lost,5
14941,United Kingdom,2010-05-10,2010-05-10,2010-05-01,579,1,182.1,1,1,1,Lost,5
14942,United Kingdom,2009-12-10,2010-11-03,2009-12-01,402,4,746.56,1,3,2,Lost,5
14943,United Kingdom,2010-02-14,2010-02-14,2010-02-01,664,1,107.62,1,1,1,Lost,5
14944,United Kingdom,2010-02-17,2011-11-10,2010-02-01,30,19,9574.92,3,4,4,Champions,1
14945,United Kingdom,2010-10-22,2010-10-22,2010-10-01,414,1,179.4,1,1,1,Lost,5
14946,United Kingdom,2011-11-25,2011-11-25,2011-11-01,15,1,100.9,4,1,1,New,3
14947,United Kingdom,2010-03-25,2011-09-28,2010-03-01,73,6,1049.79,3,3,3,Champions,1
14948,United Kingdom,2011-05-04,2011-11-16,2011-05-01,24,6,1066.57,4,3,3,Champions,1
14949,United Kingdom,2009-12-18,2010-08-27,2009-12-01,470,4,498.55,1,3,2,Lost,5
14950,United Kingdom,2011-11-20,2011-11-20,2011-11-01,20,1,361.25,4,1,2,New,3
14951,United Kingdom,2011-09-21,2011-09-21,2011-09-01,80,1,311.69,3,1,1,New,3
14952,United Kingdom,2009-12-03,2011-10-11,2009-12-01,60,32,17347.25,3,4,4,Champions,1
14953,United Kingdom,2010-09-30,2011-11-14,2010-09-01,26,4,960.42,3,3,3,Champions,1
14954,United Kingdom,2010-01-05,2011-11-27,2010-01-01,13,2,462.12,4,2,2,Loyal,2
14955,United Kingdom,2009-12-07,2009-12-07,2009-12-01,733,1,163.77,1,1,1,Lost,5
14956,United Kingdom,2010-10-14,2010-10-14,2010-10-01,422,1,1325.0,1,1,3,Lost,5
14957,United Kingdom,2010-03-05,2011-03-31,2010-03-01,254,2,261.69,2,2,1,Lost,5
14958,United Kingdom,2009-12-03,2011-07-15,2009-12-01,148,6,941.99,2,3,3,At risk,4
14959,United Kingdom,2011-02-16,2011-10-06,2011-02-01,65,4,684.97,3,3,2,Loyal,2
14960,United Kingdom,2011-06-21,2011-12-01,2011-06-01,9,2,221.27,4,2,1,Loyal,2
14961,United Kingdom,2009-12-04,2011-11-29,2009-12-01,11,22,16328.9,4,4,4,Champions,1
14962,United Kingdom,2010-05-04,2011-03-14,2010-05-01,271,4,366.91,2,3,2,Lost,5
14963,United Kingdom,2010-07-02,2011-11-30,2010-07-01,10,12,3117.72,4,4,4,Champions,1
14964,United Kingdom,2011-04-06,2011-04-06,2011-04-01,248,1,206.21,2,1,1,Lost,5
14965,United Kingdom,2011-09-04,2011-09-04,2011-09-01,97,2,596.09,2,2,2,Lost,5
14966,United Kingdom,2009-12-15,2011-11-25,2009-12-01,15,6,1064.26,4,3,3,Champions,1
14967,United Kingdom,2009-12-03,2011-10-21,2009-12-01,50,6,1982.61,3,3,3,Champions,1
14968,United Kingdom,2010-09-07,2011-11-09,2010-09-01,31,2,497.49,3,2,2,Loyal,2
14969,United Kingdom,2010-01-05,2010-01-05,2010-01-01,704,1,906.23,1,1,3,Lost,5
14970,United Kingdom,2010-02-14,2011-10-02,2010-02-01,69,12,3593.4,3,4,4,Champions,1
14971,United Kingdom,2011-10-27,2011-11-04,2011-10-01,36,3,1097.98,3,2,3,Loyal,2
14972,United Kingdom,2010-11-23,2011-08-03,2010-11-01,129,2,145.07,2,2,1,Lost,5
14973,United Kingdom,2011-04-28,2011-08-24,2011-04-01,108,3,1314.45,2,2,3,Lost,5
14974,United Kingdom,2011-11-02,2011-11-02,2011-11-01,38,1,89.94,3,1,1,New,3
14975,United Kingdom,2010-10-14,2011-10-13,2010-10-01,58,2,472.39,3,2,2,Loyal,2
14976,United Kingdom,2011-01-17,2011-10-13,2011-01-01,58,6,749.86,3,3,2,Loyal,2
14977,United Kingdom,2009-12-14,2009-12-14,2009-12-01,726,1,31.93,1,1,1,Lost,5
14978,United Kingdom,2010-04-28,2011-09-28,2010-04-01,73,10,3076.39,3,4,4,Champions,1
14979,United Kingdom,2009-12-04,2009-12-04,2009-12-01,736,1,429.66,1,1,2,Lost,5
14980,United Kingdom,2009-12-02,2009-12-02,2009-12-01,738,1,150.68,1,1,1,Lost,5
14981,United Kingdom,2010-10-12,2011-04-07,2010-10-01,247,2,313.52,2,2,1,Lost,5
14982,United Kingdom,2010-05-16,2010-05-16,2010-05-01,573,1,234.88,1,1,1,Lost,5
14983,United Kingdom,2010-01-19,2010-01-19,2010-01-01,690,1,183.2,1,1,1,Lost,5
14984,United Kingdom,2010-01-11,2011-11-20,2010-01-01,20,6,1260.51,4,3,3,Champions,1
14985,United Kingdom,2010-12-16,2011-05-25,2010-12-01,199,2,292.01,2,2,1,Lost,5
14986,United Kingdom,2010-01-24,2010-11-28,2010-01-01,377,2,563.1,2,2,2,Lost,5
14987,United Kingdom,2009-12-02,2011-11-24,2009-12-01,16,8,1469.05,4,4,3,Champions,1
14988,United Kingdom,2010-04-16,2011-05-12,2010-04-01,212,7,2038.65,2,3,3,At risk,4
14989,United Kingdom,2010-02-16,2010-02-16,2010-02-01,662,1,342.4,1,1,2,Lost,5
14990,United Kingdom,2009-12-09,2010-04-06,2009-12-01,613,2,304.17,1,2,1,Lost,5
14991,United Kingdom,2010-10-05,2010-10-05,2010-10-01,431,1,314.67,1,1,1,Lost,5
14992,United Kingdom,2010-09-23,2010-09-23,2010-09-01,443,1,210.5,1,1,1,Lost,5
14993,United Kingdom,2010-05-25,2010-05-25,2010-05-01,564,1,36.13,1,1,1,Lost,5
14994,United Kingdom,2010-03-26,2010-11-22,2010-03-01,383,5,886.64,1,3,3,At risk,4
14995,United Kingdom,2011-03-04,2011-11-01,2011-03-01,39,2,231.98,3,2,1,Loyal,2
14996,United Kingdom,2010-08-15,2010-08-15,2010-08-01,482,2,442.29,1,2,2,Lost,5
14997,United Kingdom,2010-02-22,2011-10-24,2010-02-01,47,4,771.38,3,3,2,Loyal,2
14998,United Kingdom,2010-04-13,2011-06-22,2010-04-01,171,4,753.18,2,3,2,Lost,5
14999,United Kingdom,2010-04-26,2010-04-26,2010-04-01,593,1,129.48,1,1,1,Lost,5
15000,United Kingdom,2011-10-23,2011-10-23,2011-10-01,48,1,490.52,3,1,2,New,3
15001,United Kingdom,2010-11-10,2010-11-10,2010-11-01,395,2,197.11,1,2,1,Lost,5
15002,United Kingdom,2010-01-12,2011-08-16,2010-01-01,116,9,4138.08,2,4,4,At risk,4
15003,United Kingdom,2010-01-26,2010-08-23,2010-01-01,474,6,1022.03,1,3,3,At risk,4
15004,United Kingdom,2011-07-15,2011-07-15,2011-07-01,148,1,1220.38,2,1,3,Lost,5
15005,United Kingdom,2009-12-01,2011-11-24,2009-12-01,16,56,13410.9,4,4,4,Champions,1
15006,United Kingdom,2010-09-12,2011-10-19,2010-09-01,52,2,752.83,3,2,2,Loyal,2
15007,United Kingdom,2011-07-03,2011-07-03,2011-07-01,160,1,156.91,2,1,1,Lost,5
15008,United Kingdom,2010-03-12,2010-08-16,2010-03-01,481,2,360.0,1,2,2,Lost,5
15009,United Kingdom,2011-11-14,2011-11-27,2011-11-01,13,3,1259.43,4,2,3,Loyal,2
15010,United Kingdom,2011-11-04,2011-11-04,2011-11-01,36,1,308.94,3,1,1,New,3
15011,United Kingdom,2010-10-19,2010-11-09,2010-10-01,396,2,416.6,1,2,2,Lost,5
15012,United Kingdom,2010-05-12,2011-10-17,2010-05-01,54,3,646.26,3,2,2,Loyal,2
15013,United Kingdom,2010-01-31,2010-08-09,2010-01-01,488,10,1610.82,1,4,3,At risk,4
15014,United Kingdom,2011-06-16,2011-10-27,2011-06-01,44,2,257.67,3,2,1,Loyal,2
15015,United Kingdom,2009-12-14,2010-07-26,2009-12-01,502,13,2255.27,1,4,4,At risk,4
15016,United Kingdom,2010-06-14,2011-06-20,2010-06-01,173,5,612.89,2,3,2,Lost,5
15017,United Kingdom,2011-11-06,2011-11-06,2011-11-01,34,1,125.58,3,1,1,New,3
15018,United Kingdom,2010-12-07,2011-11-01,2010-12-01,39,3,456.26,3,2,2,Loyal,2
15019,United Kingdom,2011-03-18,2011-03-18,2011-03-01,267,1,252.81,2,1,1,Lost,5
15020,United Kingdom,2010-11-25,2010-11-25,2010-11-01,380,1,198.47,1,1,1,Lost,5
15021,United Kingdom,2010-07-29,2011-12-01,2010-07-01,9,12,2422.35,4,4,4,Champions,1
15022,United Kingdom,2010-01-31,2011-11-28,2010-01-01,12,5,1133.44,4,3,3,Champions,1
15023,United Kingdom,2010-02-03,2011-12-06,2010-02-01,4,20,11477.01,4,4,4,Champions,1
15024,United Kingdom,2010-10-11,2011-11-30,2010-10-01,10,16,3559.39,4,4,4,Champions,1
15025,United Kingdom,2010-05-20,2011-11-06,2010-05-01,34,2,971.84,3,2,3,Loyal,2
15026,United Kingdom,2010-09-17,2011-09-20,2010-09-01,81,5,1044.09,3,3,3,Champions,1
15027,United Kingdom,2010-03-25,2011-11-09,2010-03-01,31,10,2974.04,3,4,4,Champions,1
15028,United Kingdom,2010-11-10,2011-12-01,2010-11-01,9,6,962.94,4,3,3,Champions,1
15029,United Kingdom,2010-03-30,2010-03-30,2010-03-01,620,1,362.15,1,1,2,Lost,5
15030,United Kingdom,2010-03-04,2011-09-29,2010-03-01,72,8,1967.16,3,4,3,Champions,1
15031,United Kingdom,2009-12-08,2011-12-05,2009-12-01,5,14,2813.73,4,4,4,Champions,1
15032,United Kingdom,2009-12-10,2011-03-28,2009-12-01,257,8,10515.05,2,4,4,At risk,4
15033,United Kingdom,2011-01-14,2011-12-05,2011-01-01,5,10,2538.23,4,4,4,Champions,1
15034,United Kingdom,2010-05-11,2011-11-24,2010-05-01,16,14,8200.25,4,4,4,Champions,1
15035,United Kingdom,2011-09-11,2011-09-11,2011-09-01,90,1,252.73,3,1,1,New,3
15036,United Kingdom,2011-06-13,2011-09-28,2011-06-01,73,3,429.56,3,2,2,Loyal,2
15037,United Kingdom,2010-11-28,2010-11-28,2010-11-01,377,2,397.76,2,2,2,Lost,5
15038,United Kingdom,2010-10-10,2011-10-12,2010-10-01,59,9,1106.63,3,4,3,Champions,1
15039,United Kingdom,2009-12-10,2011-11-30,2009-12-01,10,93,38853.04,4,4,4,Champions,1
15040,United Kingdom,2010-06-16,2010-06-16,2010-06-01,542,1,7.49,1,1,1,Lost,5
15041,United Kingdom,2010-09-21,2011-06-22,2010-09-01,171,2,288.98,2,2,1,Lost,5
15042,United Kingdom,2010-04-23,2011-05-24,2010-04-01,200,2,315.45,2,2,1,Lost,5
15043,United Kingdom,2010-06-24,2011-11-08,2010-06-01,32,6,2855.32,3,3,4,Champions,1
15044,United Kingdom,2009-12-16,2011-11-20,2009-12-01,20,32,15653.61,4,4,4,Champions,1
15045,United Kingdom,2011-03-27,2011-07-11,2011-03-01,152,2,633.66,2,2,2,Lost,5
15046,United Kingdom,2010-01-14,2011-11-30,2010-01-01,10,25,7375.83,4,4,4,Champions,1
15047,United Kingdom,2011-03-15,2011-03-15,2011-03-01,270,1,343.62,2,1,2,Lost,5
15048,United Kingdom,2010-12-06,2011-10-05,2010-12-01,66,4,377.52,3,3,2,Loyal,2
15049,United Kingdom,2011-03-11,2011-03-11,2011-03-01,274,1,121.17,2,1,1,Lost,5
15050,United Kingdom,2010-08-16,2011-11-14,2010-08-01,26,5,4032.27,3,3,4,Champions,1
15051,United Kingdom,2009-12-01,2011-11-16,2009-12-01,24,9,3911.91,4,4,4,Champions,1
15052,United Kingdom,2011-01-24,2011-01-24,2011-01-01,320,1,207.73,2,1,1,Lost,5
15053,United Kingdom,2011-03-03,2011-12-05,2011-03-01,5,3,693.95,4,2,2,Loyal,2
15054,United Kingdom,2011-10-30,2011-11-27,2011-10-01,13,2,302.1,4,2,1,Loyal,2
15055,United Kingdom,2009-12-16,2010-08-22,2009-12-01,475,3,549.12,1,2,2,Lost,5
15056,United Kingdom,2010-07-07,2010-07-07,2010-07-01,521,1,113.65,1,1,1,Lost,5
15057,United Kingdom,2009-12-05,2011-03-09,2009-12-01,276,5,3184.56,2,3,4,At risk,4
15058,United Kingdom,2010-02-24,2011-11-14,2010-02-01,26,16,3354.73,3,4,4,Champions,1
15059,United Kingdom,2009-12-06,2011-10-30,2009-12-01,41,19,3394.45,3,4,4,Champions,1
15060,United Kingdom,2011-11-30,2011-12-01,2011-11-01,9,4,293.0,4,3,1,Loyal,2
15061,United Kingdom,2009-12-01,2011-12-06,2009-12-01,4,127,124982.13,4,4,4,Champions,1
15062,United Kingdom,2010-04-08,2011-09-29,2010-04-01,72,8,2585.62,3,4,4,Champions,1
15063,United Kingdom,2011-05-10,2011-05-10,2011-05-01,214,1,370.8,2,1,2,Lost,5
15064,United Kingdom,2009-12-22,2010-10-25,2009-12-01,411,4,1154.41,1,3,3,At risk,4
15065,United Kingdom,2010-10-25,2011-11-02,2010-10-01,38,5,3304.71,3,3,4,Champions,1
15066,United Kingdom,2011-10-17,2011-10-17,2011-10-01,54,1,760.59,3,1,2,New,3
15067,United Kingdom,2010-04-11,2011-09-22,2010-04-01,79,5,3850.13,3,3,4,Champions,1
15068,United Kingdom,2010-03-28,2011-10-24,2010-03-01,47,4,1174.9,3,3,3,Champions,1
15069,United Kingdom,2011-06-13,2011-06-13,2011-06-01,180,1,1109.53,2,1,3,Lost,5
15070,United Kingdom,2009-12-15,2010-12-02,2009-12-01,373,3,737.05,2,2,2,Lost,5
15071,United Kingdom,2010-05-18,2011-09-07,2010-05-01,94,4,1455.56,3,3,3,Champions,1
15072,United Kingdom,2010-08-17,2010-08-17,2010-08-01,480,1,187.52,1,1,1,Lost,5
15073,United Kingdom,2010-01-27,2011-11-30,2010-01-01,10,8,2357.04,4,4,4,Champions,1
15074,United Kingdom,2010-08-29,2011-08-26,2010-08-01,106,3,1553.13,2,2,3,Lost,5
15075,United Kingdom,2011-09-23,2011-09-23,2011-09-01,78,1,773.03,3,1,2,New,3
15076,United Kingdom,2010-07-05,2011-06-20,2010-07-01,173,3,1425.84,2,2,3,Lost,5
15077,United Kingdom,2009-12-09,2010-08-02,2009-12-01,495,2,2423.88,1,2,4,At risk,4
15078,United Kingdom,2009-12-04,2011-12-02,2009-12-01,8,52,17091.37,4,4,4,Champions,1
15079,United Kingdom,2009-12-08,2011-05-11,2009-12-01,213,11,3546.75,2,4,4,At risk,4
15080,United Kingdom,2010-07-26,2010-10-08,2010-07-01,428,2,546.25,1,2,2,Lost,5
15081,United Kingdom,2010-06-22,2011-11-17,2010-06-01,23,12,1837.12,4,4,3,Champions,1
15082,United Kingdom,2010-02-09,2010-02-09,2010-02-01,669,1,93.35,1,1,1,Lost,5
15083,United Kingdom,2011-03-28,2011-03-28,2011-03-01,257,1,88.2,2,1,1,Lost,5
15084,United Kingdom,2010-03-04,2010-11-25,2010-03-01,380,2,965.2,1,2,3,Lost,5
15085,United Kingdom,2009-12-10,2009-12-10,2009-12-01,730,1,347.54,1,1,2,Lost,5
15086,United Kingdom,2010-03-24,2010-05-24,2010-03-01,565,2,218.53,1,2,1,Lost,5
15087,United Kingdom,2011-03-03,2011-03-03,2011-03-01,282,1,306.94,2,1,1,Lost,5
15088,United Kingdom,2011-10-03,2011-11-18,2011-10-01,22,2,1140.27,4,2,3,Loyal,2
15089,United Kingdom,2011-08-03,2011-11-29,2011-08-01,11,6,2420.84,4,3,4,Champions,1
15090,United Kingdom,2011-02-04,2011-02-04,2011-02-01,309,1,381.32,2,1,2,Lost,5
15091,United Kingdom,2010-02-03,2011-10-03,2010-02-01,68,3,1023.11,3,2,3,Loyal,2
15092,United Kingdom,2010-09-03,2011-05-08,2010-09-01,216,3,773.16,2,2,2,Lost,5
15093,United Kingdom,2009-12-08,2011-11-21,2009-12-01,19,23,13034.15,4,4,4,Champions,1
15094,United Kingdom,2010-03-05,2010-09-02,2010-03-01,464,2,83.0,1,2,1,Lost,5
15095,United Kingdom,2010-01-21,2011-08-28,2010-01-01,104,10,3135.74,2,4,4,At risk,4
15096,United Kingdom,2011-10-28,2011-10-28,2011-10-01,43,1,219.39,3,1,1,New,3
15097,United Kingdom,2010-05-05,2011-12-05,2010-05-01,5,3,587.05,4,2,2,Loyal,2
15098,United Kingdom,2011-06-10,2011-06-10,2011-06-01,183,3,39619.5,2,2,4,At risk,4
15099,United Kingdom,2011-09-16,2011-09-16,2011-09-01,85,1,410.48,3,1,2,New,3
15100,United Kingdom,2010-01-07,2011-01-10,2010-01-01,334,7,1750.1,2,3,3,At risk,4
15101,United Kingdom,2010-04-28,2011-12-01,2010-04-01,9,6,1303.49,4,3,3,Champions,1
15102,United Kingdom,2010-06-11,2010-06-27,2010-06-01,531,2,554.67,1,2,2,Lost,5
15103,United Kingdom,2011-09-14,2011-11-08,2011-09-01,32,2,703.36,3,2,2,Loyal,2
15104,United Kingdom,2011-03-02,2011-05-27,2011-03-01,197,2,968.64,2,2,3,Lost,5
15105,United Kingdom,2010-03-23,2011-11-21,2010-03-01,19,9,3094.91,4,4,4,Champions,1
15106,United Kingdom,2011-03-15,2011-11-22,2011-03-01,18,5,1407.73,4,3,3,Champions,1
15107,United Kingdom,2010-09-14,2011-02-01,2010-09-01,312,9,752.6,2,4,2,At risk,4
15108,European Community,2011-04-26,2011-07-21,2011-04-01,142,3,1150.75,2,2,3,Lost,5
15109,United Kingdom,2009-12-04,2011-04-08,2009-12-01,246,3,961.9,2,2,3,Lost,5
15110,United Kingdom,2010-08-11,2011-11-16,2010-08-01,24,6,1482.95,4,3,3,Champions,1
15111,United Kingdom,2010-04-26,2011-11-10,2010-04-01,30,5,2442.37,3,3,4,Champions,1
15112,United Kingdom,2010-04-07,2010-04-07,2010-04-01,612,1,209.4,1,1,1,Lost,5
15113,United Kingdom,2011-10-16,2011-11-30,2011-10-01,10,3,3339.12,4,2,4,Champions,1
15114,United Kingdom,2010-10-14,2011-11-09,2010-10-01,31,12,3400.12,3,4,4,Champions,1
15115,United Kingdom,2009-12-07,2011-11-21,2009-12-01,19,2,528.1,4,2,2,Loyal,2
15116,United Kingdom,2011-05-19,2011-11-22,2011-05-01,18,4,1352.75,4,3,3,Champions,1
15117,United Kingdom,2010-03-15,2011-11-25,2010-03-01,15,8,2484.32,4,4,4,Champions,1
15118,United Kingdom,2011-07-28,2011-07-28,2011-07-01,135,1,244.8,2,1,1,Lost,5
15119,United Kingdom,2011-04-08,2011-04-08,2011-04-01,246,1,266.4,2,1,1,Lost,5
15120,United Kingdom,2011-07-29,2011-07-29,2011-07-01,134,1,343.82,2,1,2,Lost,5
15121,United Kingdom,2011-02-24,2011-10-20,2011-02-01,51,2,457.72,3,2,2,Loyal,2
15122,United Kingdom,2010-03-30,2011-08-17,2010-03-01,115,11,4451.22,2,4,4,At risk,4
15123,United Kingdom,2010-03-16,2011-12-02,2010-03-01,8,5,4656.17,4,3,4,Champions,1
15124,United Kingdom,2010-02-26,2011-11-17,2010-02-01,23,4,450.82,4,3,2,Loyal,2
15125,United Kingdom,2010-03-31,2011-11-14,2010-03-01,26,24,16124.33,3,4,4,Champions,1
15126,United Kingdom,2010-01-21,2010-06-21,2010-01-01,537,2,449.49,1,2,2,Lost,5
15127,United Kingdom,2010-07-08,2011-10-05,2010-07-01,66,2,711.5,3,2,2,Loyal,2
15128,United Kingdom,2010-10-05,2011-10-10,2010-10-01,61,5,1735.93,3,3,3,Champions,1
15129,United Kingdom,2010-04-08,2011-10-20,2010-04-01,51,23,6860.18,3,4,4,Champions,1
15130,United Kingdom,2011-06-23,2011-06-23,2011-06-01,170,1,330.11,2,1,1,Lost,5
15131,United Kingdom,2010-11-10,2010-11-10,2010-11-01,395,1,80.28,1,1,1,Lost,5
15132,United Kingdom,2011-03-22,2011-11-21,2011-03-01,19,5,977.93,4,3,3,Champions,1
15133,United Kingdom,2010-07-07,2011-08-04,2010-07-01,128,5,1806.9,2,3,3,At risk,4
15134,United Kingdom,2010-10-13,2011-11-25,2010-10-01,15,10,1596.29,4,4,3,Champions,1
15135,United Kingdom,2010-06-01,2011-04-14,2010-06-01,240,2,293.78,2,2,1,Lost,5
15136,United Kingdom,2011-09-04,2011-12-07,2011-09-01,3,4,1282.45,4,3,3,Champions,1
15137,United Kingdom,2010-01-28,2010-07-07,2010-01-01,521,2,747.55,1,2,2,Lost,5
15138,United Kingdom,2010-11-11,2010-11-11,2010-11-01,394,1,486.59,1,1,2,Lost,5
15139,United Kingdom,2011-01-07,2011-04-14,2011-01-01,240,2,178.96,2,2,1,Lost,5
15140,United Kingdom,2010-09-23,2011-10-18,2010-09-01,53,8,3239.44,3,4,4,Champions,1
15141,United Kingdom,2010-03-28,2010-09-08,2010-03-01,458,7,1378.31,1,3,3,At risk,4
15142,United Kingdom,2010-07-27,2011-10-24,2010-07-01,47,6,2608.97,3,3,4,Champions,1
15143,United Kingdom,2010-10-03,2011-04-28,2010-10-01,226,2,563.63,2,2,2,Lost,5
15144,United Kingdom,2009-12-13,2011-12-01,2009-12-01,9,29,12006.51,4,4,4,Champions,1
15145,United Kingdom,2011-04-05,2011-12-05,2011-04-01,5,4,1194.73,4,3,3,Champions,1
15146,United Kingdom,2011-02-21,2011-06-28,2011-02-01,165,2,1313.66,2,2,3,Lost,5
15147,United Kingdom,2011-04-13,2011-04-13,2011-04-01,241,1,608.65,2,1,2,Lost,5
15148,United Kingdom,2011-11-29,2011-11-29,2011-11-01,11,1,301.29,4,1,1,New,3
15149,United Kingdom,2010-02-28,2011-07-29,2010-02-01,134,4,1524.61,2,3,3,At risk,4
15150,United Kingdom,2010-06-14,2011-11-22,2010-06-01,18,13,8967.44,4,4,4,Champions,1
15151,United Kingdom,2010-07-18,2010-10-12,2010-07-01,424,2,2085.61,1,2,3,Lost,5
15152,United Kingdom,2010-01-07,2011-11-30,2010-01-01,10,14,5202.38,4,4,4,Champions,1
15153,United Kingdom,2011-11-08,2011-11-08,2011-11-01,32,1,329.25,3,1,1,New,3
15154,United Kingdom,2010-08-18,2011-09-25,2010-08-01,76,3,1314.17,3,2,3,Loyal,2
15155,United Kingdom,2010-11-21,2010-11-21,2010-11-01,384,1,383.97,1,1,2,Lost,5
15156,United Kingdom,2011-11-06,2011-12-08,2011-11-01,2,3,961.49,4,2,3,Loyal,2
15157,United Kingdom,2009-12-10,2011-12-06,2009-12-01,4,5,2597.88,4,3,4,Champions,1
15158,United Kingdom,2010-11-03,2011-10-25,2010-11-01,46,2,437.66,3,2,2,Loyal,2
15159,United Kingdom,2010-10-04,2011-12-08,2010-10-01,2,34,22049.4,4,4,4,Champions,1
15160,United Kingdom,2010-10-14,2010-12-17,2010-10-01,358,4,589.27,2,3,2,Lost,5
15161,United Kingdom,2010-11-16,2010-11-16,2010-11-01,389,1,119.92,1,1,1,Lost,5
15162,United Kingdom,2009-12-08,2009-12-08,2009-12-01,732,1,241.5,1,1,1,Lost,5
15163,United Kingdom,2011-05-31,2011-11-21,2011-05-01,19,2,304.47,4,2,1,Loyal,2
15164,United Kingdom,2010-01-18,2011-10-02,2010-01-01,69,9,2011.21,3,4,3,Champions,1
15165,United Kingdom,2010-12-01,2010-12-01,2010-12-01,374,1,487.75,2,1,2,Lost,5
15166,United Kingdom,2010-08-29,2010-08-29,2010-08-01,468,1,167.16,1,1,1,Lost,5
15167,United Kingdom,2010-02-04,2011-01-23,2010-02-01,321,5,1627.62,2,3,3,At risk,4
15168,United Kingdom,2011-11-14,2011-11-14,2011-11-01,26,1,106.56,3,1,1,New,3
15169,United Kingdom,2009-12-13,2010-11-22,2009-12-01,383,2,569.22,1,2,2,Lost,5
15170,United Kingdom,2010-10-29,2010-10-29,2010-10-01,407,1,81.15,1,1,1,Lost,5
15171,United Kingdom,2011-01-12,2011-01-12,2011-01-01,332,1,1034.5,2,1,3,Lost,5
15172,United Kingdom,2011-04-17,2011-12-01,2011-04-01,9,5,1624.05,4,3,3,Champions,1
15173,United Kingdom,2010-04-01,2010-11-24,2010-04-01,381,7,1399.26,1,3,3,At risk,4
15174,United Kingdom,2010-10-25,2011-01-21,2010-10-01,323,2,481.46,2,2,2,Lost,5
15175,United Kingdom,2011-09-29,2011-09-29,2011-09-01,72,1,224.14,3,1,1,New,3
15176,United Kingdom,2010-02-10,2010-02-10,2010-02-01,668,1,985.09,1,1,3,Lost,5
15177,United Kingdom,2010-10-10,2010-10-10,2010-10-01,426,1,948.93,1,1,3,Lost,5
15178,United Kingdom,2011-03-24,2011-03-24,2011-03-01,261,1,40.5,2,1,1,Lost,5
15179,United Kingdom,2009-12-03,2011-11-21,2009-12-01,19,13,7426.82,4,4,4,Champions,1
15180,United Kingdom,2010-04-29,2010-12-07,2010-04-01,368,3,816.93,2,2,2,Lost,5
15181,United Kingdom,2009-12-08,2011-10-04,2009-12-01,67,5,957.65,3,3,3,Champions,1
15182,United Kingdom,2010-02-21,2011-07-08,2010-02-01,155,11,2942.75,2,4,4,At risk,4
15183,United Kingdom,2010-05-04,2010-06-10,2010-05-01,548,3,637.03,1,2,2,Lost,5
15184,United Kingdom,2009-12-16,2011-11-10,2009-12-01,30,4,685.39,3,3,2,Loyal,2
15185,United Kingdom,2011-09-30,2011-09-30,2011-09-01,71,1,310.62,3,1,1,New,3
15186,United Kingdom,2010-01-12,2011-11-25,2010-01-01,15,5,1403.2,4,3,3,Champions,1
15187,United Kingdom,2011-05-11,2011-12-08,2011-05-01,2,15,4655.08,4,4,4,Champions,1
15188,United Kingdom,2009-12-14,2009-12-14,2009-12-01,726,1,310.43,1,1,1,Lost,5
15189,United Kingdom,2010-07-18,2011-12-08,2010-07-01,2,46,17101.13,4,4,4,Champions,1
15190,United Kingdom,2010-10-01,2010-10-01,2010-10-01,435,1,834.44,1,1,2,Lost,5
15191,United Kingdom,2010-01-20,2010-09-02,2010-01-01,464,3,588.05,1,2,2,Lost,5
15192,United Kingdom,2010-01-29,2011-08-12,2010-01-01,120,5,1666.39,2,3,3,At risk,4
15193,United Kingdom,2011-10-10,2011-10-10,2011-10-01,61,1,499.32,3,1,2,New,3
15194,United Kingdom,2009-12-03,2011-12-06,2009-12-01,4,28,11781.52,4,4,4,Champions,1
15195,United Kingdom,2011-12-07,2011-12-07,2011-12-01,3,1,3861.0,4,1,4,New,3
15196,United Kingdom,2009-12-13,2010-10-03,2009-12-01,433,2,313.7,1,2,1,Lost,5
15197,United Kingdom,2009-12-11,2011-11-29,2009-12-01,11,6,1437.84,4,3,3,Champions,1
15198,United Kingdom,2010-01-19,2011-09-08,2010-01-01,93,5,559.45,3,3,2,Loyal,2
15199,United Kingdom,2010-05-13,2011-10-11,2010-05-01,60,10,3122.4,3,4,4,Champions,1
15200,United Kingdom,2010-08-02,2010-08-02,2010-08-01,495,1,549.05,1,1,2,Lost,5
15201,United Kingdom,2010-04-07,2011-09-13,2010-04-01,88,7,1525.9,3,3,3,Champions,1
15203,United Kingdom,2009-12-08,2011-11-14,2009-12-01,26,15,4400.18,3,4,4,Champions,1
15204,United Kingdom,2010-12-17,2010-12-17,2010-12-01,358,1,316.58,2,1,1,Lost,5
15205,United Kingdom,2011-08-04,2011-09-15,2011-08-01,86,2,653.24,3,2,2,Loyal,2
15206,United Kingdom,2011-03-09,2011-11-29,2011-03-01,11,4,420.3,4,3,2,Loyal,2
15207,United Kingdom,2010-06-10,2010-10-19,2010-06-01,417,3,657.27,1,2,2,Lost,5
15208,United Kingdom,2010-10-12,2011-12-08,2010-10-01,2,6,968.02,4,3,3,Champions,1
15209,United Kingdom,2009-12-09,2009-12-09,2009-12-01,731,1,178.98,1,1,1,Lost,5
15210,United Kingdom,2010-05-13,2011-04-28,2010-05-01,226,3,1176.19,2,2,3,Lost,5
15211,United Kingdom,2010-12-09,2011-10-10,2010-12-01,61,2,894.41,3,2,3,Loyal,2
15212,United Kingdom,2010-11-28,2011-04-12,2010-11-01,242,2,195.43,2,2,1,Lost,5
15213,United Kingdom,2011-01-14,2011-01-25,2011-01-01,319,2,325.05,2,2,1,Lost,5
15214,United Kingdom,2011-04-11,2011-12-08,2011-04-01,2,8,1661.44,4,4,3,Champions,1
15215,United Kingdom,2010-04-06,2011-10-24,2010-04-01,47,7,1496.46,3,3,3,Champions,1
15216,United Kingdom,2010-03-31,2011-09-13,2010-03-01,88,2,486.09,3,2,2,Loyal,2
15217,United Kingdom,2010-05-25,2010-05-25,2010-05-01,564,1,426.24,1,1,2,Lost,5
15218,United Kingdom,2010-01-26,2011-11-29,2010-01-01,11,22,11393.26,4,4,4,Champions,1
15219,United Kingdom,2010-03-01,2011-06-16,2010-03-01,177,2,685.45,2,2,2,Lost,5
15220,United Kingdom,2011-03-04,2011-10-19,2011-03-01,52,6,1758.92,3,3,3,Champions,1
15221,United Kingdom,2010-03-12,2010-12-08,2010-03-01,367,4,1702.0,2,3,3,At risk,4
15222,United Kingdom,2009-12-16,2011-01-25,2009-12-01,319,11,3415.66,2,4,4,At risk,4
15223,United Kingdom,2009-12-05,2011-04-28,2009-12-01,226,5,1117.1,2,3,3,At risk,4
15224,United Kingdom,2010-01-15,2010-12-16,2010-01-01,359,5,837.26,2,3,2,Lost,5
15225,United Kingdom,2011-04-19,2011-04-19,2011-04-01,235,1,409.4,2,1,2,Lost,5
15226,United Kingdom,2011-02-02,2011-02-02,2011-02-01,311,1,154.41,2,1,1,Lost,5
15227,United Kingdom,2010-03-16,2011-11-03,2010-03-01,37,9,2488.49,3,4,4,Champions,1
15228,United Kingdom,2010-07-28,2011-10-04,2010-07-01,67,6,5570.52,3,3,4,Champions,1
15229,United Kingdom,2010-05-02,2010-05-02,2010-05-01,587,1,160.5,1,1,1,Lost,5
15230,United Kingdom,2011-04-13,2011-04-14,2011-04-01,240,2,429.6,2,2,2,Lost,5
15231,United Kingdom,2010-03-28,2010-03-28,2010-03-01,622,1,228.36,1,1,1,Lost,5
15232,United Kingdom,2011-07-22,2011-08-18,2011-07-01,114,2,612.06,2,2,2,Lost,5
15233,United Kingdom,2010-11-03,2010-11-03,2010-11-01,402,1,59.4,1,1,1,Lost,5
15234,United Kingdom,2011-03-08,2011-03-08,2011-03-01,277,1,197.0,2,1,1,Lost,5
15235,United Kingdom,2010-11-16,2011-05-06,2010-11-01,218,16,2772.76,2,4,4,At risk,4
15236,United Kingdom,2011-02-14,2011-02-14,2011-02-01,299,1,321.05,2,1,1,Lost,5
15237,United Kingdom,2011-04-26,2011-12-08,2011-04-01,2,4,1412.32,4,3,3,Champions,1
15238,United Kingdom,2011-06-08,2011-11-10,2011-06-01,30,3,1056.54,3,2,3,Loyal,2
15239,United Kingdom,2011-09-22,2011-11-29,2011-09-01,11,2,764.34,4,2,2,Loyal,2
15240,United Kingdom,2009-12-05,2011-10-26,2009-12-01,45,12,4327.51,3,4,4,Champions,1
15241,United Kingdom,2010-02-23,2011-10-04,2010-02-01,67,11,3032.31,3,4,4,Champions,1
15242,United Kingdom,2010-10-13,2010-10-13,2010-10-01,423,1,302.04,1,1,1,Lost,5
15243,United Kingdom,2010-09-30,2011-09-26,2010-09-01,75,2,927.28,3,2,3,Loyal,2
15244,United Kingdom,2010-02-11,2011-10-05,2010-02-01,66,3,850.18,3,2,3,Loyal,2
15245,United Kingdom,2010-04-23,2011-07-28,2010-04-01,135,8,4610.84,2,4,4,At risk,4
15246,United Kingdom,2010-06-02,2011-04-15,2010-06-01,239,3,780.4,2,2,2,Lost,5
15247,United Kingdom,2010-06-20,2011-08-09,2010-06-01,123,3,967.11,2,2,3,Lost,5
15248,United Kingdom,2010-06-23,2010-10-24,2010-06-01,412,3,1865.03,1,2,3,Lost,5
15249,United Kingdom,2010-03-26,2011-11-08,2010-03-01,32,18,9147.15,3,4,4,Champions,1
15250,United Kingdom,2010-03-09,2010-03-09,2010-03-01,641,1,60.0,1,1,1,Lost,5
15251,United Kingdom,2010-01-29,2011-11-30,2010-01-01,10,21,20118.92,4,4,4,Champions,1
15252,United Kingdom,2010-04-07,2011-11-03,2010-04-01,37,5,2053.06,3,3,3,Champions,1
15253,United Kingdom,2010-05-02,2011-11-23,2010-05-01,17,8,2033.29,4,4,3,Champions,1
15254,United Kingdom,2010-05-28,2011-08-04,2010-05-01,128,3,1073.4,2,2,3,Lost,5
15255,United Kingdom,2009-12-03,2011-10-04,2009-12-01,67,9,3647.37,3,4,4,Champions,1
15256,United Kingdom,2010-05-27,2011-07-14,2010-05-01,149,2,170.4,2,2,1,Lost,5
15257,United Kingdom,2010-10-21,2011-03-01,2010-10-01,284,2,600.9,2,2,2,Lost,5
15258,United Kingdom,2011-05-06,2011-06-24,2011-05-01,169,2,623.16,2,2,2,Lost,5
15259,United Kingdom,2010-01-26,2010-07-15,2010-01-01,513,4,1182.38,1,3,3,At risk,4
15260,United Kingdom,2009-12-06,2011-08-31,2009-12-01,101,25,8677.88,2,4,4,At risk,4
15261,United Kingdom,2010-10-01,2011-07-27,2010-10-01,136,4,1508.0,2,3,3,At risk,4
15262,United Kingdom,2010-08-08,2011-01-20,2010-08-01,324,3,418.82,2,2,2,Lost,5
15263,United Kingdom,2011-08-25,2011-08-25,2011-08-01,107,1,156.51,2,1,1,Lost,5
15264,United Kingdom,2010-06-27,2011-10-06,2010-06-01,65,2,844.2,3,2,3,Loyal,2
15265,United Kingdom,2009-12-01,2011-07-11,2009-12-01,152,4,3345.64,2,3,4,At risk,4
15266,United Kingdom,2010-01-07,2011-01-05,2010-01-01,339,5,852.21,2,3,3,At risk,4
15267,United Kingdom,2011-06-10,2011-11-17,2011-06-01,23,5,1717.36,4,3,3,Champions,1
15268,United Kingdom,2010-04-13,2010-08-18,2010-04-01,479,3,941.25,1,2,3,Lost,5
15269,United Kingdom,2010-11-14,2011-11-16,2010-11-01,24,3,1225.36,4,2,3,Loyal,2
15270,United Kingdom,2009-12-17,2011-11-24,2009-12-01,16,21,7241.19,4,4,4,Champions,1
15271,United Kingdom,2010-08-05,2011-12-02,2010-08-01,8,24,4458.29,4,4,4,Champions,1
15272,United Kingdom,2010-02-14,2011-10-13,2010-02-01,58,6,2030.95,3,3,3,Champions,1
15273,United Kingdom,2010-04-19,2010-04-19,2010-04-01,600,1,228.96,1,1,1,Lost,5
15274,United Kingdom,2011-11-21,2011-12-05,2011-11-01,5,2,716.57,4,2,2,Loyal,2
15275,United Kingdom,2011-11-02,2011-11-02,2011-11-01,38,1,609.19,3,1,2,New,3
15276,United Kingdom,2010-10-01,2011-10-04,2010-10-01,67,4,601.3,3,3,2,Loyal,2
15277,United Kingdom,2010-10-10,2011-10-24,2010-10-01,47,2,476.34,3,2,2,Loyal,2
15278,United Kingdom,2010-02-12,2010-05-27,2010-02-01,562,4,496.16,1,3,2,Lost,5
15279,United Kingdom,2010-02-02,2010-12-20,2010-02-01,355,5,1554.84,2,3,3,At risk,4
15280,United Kingdom,2010-05-17,2011-06-20,2010-05-01,173,3,397.52,2,2,2,Lost,5
15281,United Kingdom,2010-10-08,2011-10-12,2010-10-01,59,16,8317.62,3,4,4,Champions,1
15282,United Kingdom,2010-05-18,2010-05-18,2010-05-01,571,1,348.59,1,1,2,Lost,5
15283,United Kingdom,2010-07-09,2010-11-14,2010-07-01,391,3,135.43,1,2,1,Lost,5
15284,United Kingdom,2010-07-27,2010-07-27,2010-07-01,501,1,24.75,1,1,1,Lost,5
15285,United Kingdom,2010-10-28,2010-10-28,2010-10-01,408,1,94.92,1,1,1,Lost,5
15286,United Kingdom,2011-10-21,2011-10-21,2011-10-01,50,1,240.55,3,1,1,New,3
15287,United Kingdom,2009-12-02,2011-11-17,2009-12-01,23,5,854.58,4,3,3,Champions,1
15288,United Kingdom,2010-02-12,2011-10-27,2010-02-01,44,10,3706.53,3,4,4,Champions,1
15289,United Kingdom,2010-03-28,2011-11-10,2010-03-01,30,5,1570.71,3,3,3,Champions,1
15290,United Kingdom,2010-02-24,2011-12-05,2010-02-01,5,26,10355.58,4,4,4,Champions,1
15291,United Kingdom,2009-12-03,2011-11-14,2009-12-01,26,39,13077.44,3,4,4,Champions,1
15292,United Kingdom,2011-05-22,2011-05-22,2011-05-01,202,1,178.39,2,1,1,Lost,5
15293,United Kingdom,2010-02-12,2010-02-12,2010-02-01,666,1,247.5,1,1,1,Lost,5
15294,United Kingdom,2010-10-25,2010-10-25,2010-10-01,411,1,222.3,1,1,1,Lost,5
15295,United Kingdom,2010-02-23,2010-02-23,2010-02-01,655,1,207.04,1,1,1,Lost,5
15296,United Kingdom,2010-01-21,2011-10-20,2010-01-01,51,12,10204.13,3,4,4,Champions,1
15297,United Kingdom,2011-10-07,2011-11-29,2011-10-01,11,3,635.04,4,2,2,Loyal,2
15298,United Kingdom,2009-12-08,2011-12-07,2009-12-01,3,23,7958.43,4,4,4,Champions,1
15299,United Kingdom,2010-01-12,2011-10-03,2010-01-01,68,9,5550.52,3,4,4,Champions,1
15300,United Kingdom,2011-10-06,2011-10-06,2011-10-01,65,1,496.44,3,1,2,New,3
15301,United Kingdom,2010-09-15,2011-10-20,2010-09-01,51,17,6867.44,3,4,4,Champions,1
15302,United Kingdom,2009-12-09,2009-12-09,2009-12-01,731,1,291.05,1,1,1,Lost,5
15303,United Kingdom,2010-01-25,2011-02-22,2010-01-01,291,3,1178.78,2,2,3,Lost,5
15304,United Kingdom,2010-10-14,2011-10-10,2010-10-01,61,9,782.3,3,4,2,Champions,1
15305,United Kingdom,2010-06-02,2010-06-02,2010-06-01,556,1,93.6,1,1,1,Lost,5
15306,United Kingdom,2010-02-18,2011-10-06,2010-02-01,65,9,3480.98,3,4,4,Champions,1
15307,United Kingdom,2011-09-05,2011-09-05,2011-09-01,96,1,205.3,2,1,1,Lost,5
15308,United Kingdom,2011-03-10,2011-03-10,2011-03-01,275,1,302.27,2,1,1,Lost,5
15309,United Kingdom,2009-12-04,2010-04-08,2009-12-01,611,4,715.53,1,3,2,Lost,5
15310,United Kingdom,2010-08-18,2010-08-18,2010-08-01,479,1,1634.64,1,1,3,Lost,5
15311,United Kingdom,2009-12-01,2011-12-09,2009-12-01,1,207,111444.36,4,4,4,Champions,1
15312,United Kingdom,2009-12-16,2011-09-25,2009-12-01,76,12,2916.49,3,4,4,Champions,1
15313,United Kingdom,2011-08-21,2011-08-21,2011-08-01,111,1,52.0,2,1,1,Lost,5
15314,United Kingdom,2010-10-07,2011-05-24,2010-10-01,200,3,800.65,2,2,2,Lost,5
15315,United Kingdom,2011-08-15,2011-10-06,2011-08-01,65,2,551.54,3,2,2,Loyal,2
15316,United Kingdom,2011-01-17,2011-01-17,2011-01-01,327,1,165.0,2,1,1,Lost,5
15317,United Kingdom,2010-01-31,2010-01-31,2010-01-01,678,1,112.05,1,1,1,Lost,5
15318,United Kingdom,2011-12-06,2011-12-06,2011-12-01,4,1,312.62,4,1,1,New,3
15319,United Kingdom,2011-03-01,2011-03-01,2011-03-01,284,1,204.5,2,1,1,Lost,5
15320,United Kingdom,2011-10-26,2011-10-26,2011-10-01,45,1,267.13,3,1,1,New,3
15321,United Kingdom,2010-02-03,2011-09-30,2010-02-01,71,12,6573.4,3,4,4,Champions,1
15322,United Kingdom,2010-08-20,2011-09-15,2010-08-01,86,2,1314.15,3,2,3,Loyal,2
15323,United Kingdom,2010-02-16,2010-05-26,2010-02-01,563,3,320.9,1,2,1,Lost,5
15324,United Kingdom,2010-01-07,2010-01-07,2010-01-01,702,1,140.22,1,1,1,Lost,5
15325,United Kingdom,2010-02-16,2011-08-28,2010-02-01,104,8,1596.26,2,4,3,At risk,4
15326,United Kingdom,2009-12-01,2011-01-10,2009-12-01,334,5,1529.82,2,3,3,At risk,4
15327,United Kingdom,2011-10-18,2011-10-18,2011-10-01,53,1,208.75,3,1,1,New,3
15328,United Kingdom,2010-10-28,2010-10-28,2010-10-01,408,1,107.24,1,1,1,Lost,5
15329,United Kingdom,2009-12-14,2011-10-31,2009-12-01,40,11,2737.18,3,4,4,Champions,1
15330,United Kingdom,2011-10-10,2011-11-07,2011-10-01,33,2,714.96,3,2,2,Loyal,2
15331,United Kingdom,2010-04-09,2010-07-28,2010-04-01,500,3,755.41,1,2,2,Lost,5
15332,Lithuania,2010-07-14,2010-12-08,2010-07-01,367,6,4892.68,2,3,4,At risk,4
15333,United Kingdom,2011-05-15,2011-05-15,2011-05-01,209,1,1028.56,2,1,3,Lost,5
15334,United Kingdom,2011-06-19,2011-07-06,2011-06-01,157,3,347.87,2,2,2,Lost,5
15335,United Kingdom,2011-10-17,2011-10-17,2011-10-01,54,1,170.22,3,1,1,New,3
15336,United Kingdom,2010-11-03,2010-11-03,2010-11-01,402,1,240.5,1,1,1,Lost,5
15337,United Kingdom,2010-10-24,2010-10-24,2010-10-01,412,1,344.72,1,1,2,Lost,5
15338,United Kingdom,2010-01-31,2010-01-31,2010-01-01,678,1,277.93,1,1,1,Lost,5
15339,United Kingdom,2010-02-08,2011-10-04,2010-02-01,67,7,1627.27,3,3,3,Champions,1
15340,United Kingdom,2010-05-27,2010-05-27,2010-05-01,562,1,105.5,1,1,1,Lost,5
15341,United Kingdom,2010-09-16,2011-09-20,2010-09-01,81,2,2401.02,3,2,4,Champions,1
15342,United Kingdom,2011-08-02,2011-08-02,2011-08-01,130,1,391.76,2,1,2,Lost,5
15343,United Kingdom,2011-09-13,2011-09-13,2011-09-01,88,1,364.5,3,1,2,New,3
15344,United Kingdom,2011-09-26,2011-12-09,2011-09-01,1,3,476.58,4,2,2,Loyal,2
15345,United Kingdom,2011-10-25,2011-10-25,2011-10-01,46,1,367.69,3,1,2,New,3
15346,United Kingdom,2010-10-04,2011-01-11,2010-10-01,333,3,591.65,2,2,2,Lost,5
15347,United Kingdom,2010-09-28,2010-12-08,2010-09-01,367,4,1132.3,2,3,3,At risk,4
15348,United Kingdom,2011-09-28,2011-09-28,2011-09-01,73,1,158.04,3,1,1,New,3
15349,United Kingdom,2011-06-05,2011-07-04,2011-06-01,159,2,463.91,2,2,2,Lost,5
15350,United Kingdom,2010-11-21,2010-12-01,2010-11-01,374,2,547.6,2,2,2,Lost,5
15351,United Kingdom,2010-10-03,2011-11-27,2010-10-01,13,10,3320.5,4,4,4,Champions,1
15352,United Kingdom,2010-06-09,2010-06-09,2010-06-01,549,1,111.15,1,1,1,Lost,5
15353,United Kingdom,2009-12-02,2011-03-30,2009-12-01,255,7,2772.57,2,3,4,At risk,4
15355,United Kingdom,2011-10-17,2011-11-10,2011-10-01,30,2,277.05,3,2,1,Loyal,2
15356,United Kingdom,2010-10-13,2011-11-08,2010-10-01,32,13,3239.57,3,4,4,Champions,1
15358,United Kingdom,2009-12-07,2011-12-05,2009-12-01,5,42,16213.65,4,4,4,Champions,1
15359,United Kingdom,2010-01-15,2010-02-15,2010-01-01,663,8,162.6,1,4,1,Lost,5
15360,United Kingdom,2011-10-31,2011-10-31,2011-10-01,40,1,427.93,3,1,2,New,3
15361,United Kingdom,2010-06-14,2010-12-13,2010-06-01,362,4,689.07,2,3,2,Lost,5
15362,United Kingdom,2009-12-01,2010-09-17,2009-12-01,449,2,613.08,1,2,2,Lost,5
15363,United Kingdom,2010-08-04,2010-12-02,2010-08-01,373,2,670.16,2,2,2,Lost,5
15364,United Kingdom,2011-03-30,2011-09-05,2011-03-01,96,2,913.19,2,2,3,Lost,5
15365,United Kingdom,2010-02-04,2011-11-14,2010-02-01,26,13,3791.98,3,4,4,Champions,1
15366,United Kingdom,2010-02-26,2011-09-25,2010-02-01,76,7,2389.08,3,3,4,Champions,1
15367,United Kingdom,2009-12-10,2011-10-13,2009-12-01,58,11,5005.73,3,4,4,Champions,1
15368,United Kingdom,2010-11-10,2011-11-18,2010-11-01,22,2,722.74,4,2,2,Loyal,2
15369,United Kingdom,2009-12-08,2010-08-04,2009-12-01,493,11,3346.43,1,4,4,At risk,4
15370,United Kingdom,2010-10-25,2011-10-30,2010-10-01,41,8,3713.51,3,4,4,Champions,1
15371,United Kingdom,2010-02-15,2010-02-15,2010-02-01,663,1,59.4,1,1,1,Lost,5
15372,United Kingdom,2010-02-14,2011-07-25,2010-02-01,138,8,5954.42,2,4,4,At risk,4
15373,United Kingdom,2010-05-02,2011-12-01,2010-05-01,9,17,2881.74,4,4,4,Champions,1
15374,United Kingdom,2010-03-25,2011-08-03,2010-03-01,129,2,307.32,2,2,1,Lost,5
15375,United Kingdom,2010-01-18,2010-01-18,2010-01-01,691,1,60.96,1,1,1,Lost,5
15376,United Kingdom,2011-05-01,2011-10-30,2011-05-01,41,3,1221.56,3,2,3,Loyal,2
15377,United Kingdom,2010-10-20,2010-11-22,2010-10-01,383,4,1179.95,1,3,3,At risk,4
15378,United Kingdom,2010-07-26,2010-09-03,2010-07-01,463,2,246.5,1,2,1,Lost,5
15379,United Kingdom,2010-11-04,2011-06-23,2010-11-01,170,8,4806.44,2,4,4,At risk,4
15380,United Kingdom,2009-12-01,2011-12-01,2009-12-01,9,11,3192.1,4,4,4,Champions,1
15381,United Kingdom,2010-05-05,2011-05-10,2010-05-01,214,5,1887.62,2,3,3,At risk,4
15382,United Kingdom,2009-12-04,2011-11-25,2009-12-01,15,12,13646.5,4,4,4,Champions,1
15384,United Kingdom,2010-04-26,2011-06-23,2010-04-01,170,4,2021.14,2,3,3,At risk,4
15385,United Kingdom,2010-01-31,2011-10-30,2010-01-01,41,3,942.08,3,2,3,Loyal,2
15386,United Kingdom,2011-06-06,2011-06-06,2011-06-01,187,1,394.14,2,1,2,Lost,5
15387,United Kingdom,2010-08-04,2010-08-04,2010-08-01,493,1,468.65,1,1,2,Lost,5
15388,Canada,2011-03-14,2011-03-14,2011-03-01,271,1,140.54,2,1,1,Lost,5
15389,United Kingdom,2010-01-27,2011-06-20,2010-01-01,173,5,2733.8,2,3,4,At risk,4
15390,Canada,2010-10-26,2010-11-08,2010-10-01,397,2,1216.66,1,2,3,Lost,5
15391,United Kingdom,2010-05-04,2010-05-04,2010-05-01,585,1,282.92,1,1,1,Lost,5
15392,United Kingdom,2010-10-04,2011-12-05,2010-10-01,5,7,2891.82,4,3,4,Champions,1
15393,United Kingdom,2009-12-15,2011-11-23,2009-12-01,17,5,891.34,4,3,3,Champions,1
15394,United Kingdom,2009-12-15,2011-11-30,2009-12-01,10,11,5251.4,4,4,4,Champions,1
15395,United Kingdom,2011-01-18,2011-01-18,2011-01-01,326,1,107.45,2,1,1,Lost,5
15396,United Kingdom,2010-05-05,2011-08-19,2010-05-01,113,2,796.38,2,2,2,Lost,5
15397,United Kingdom,2011-02-23,2011-02-23,2011-02-01,290,1,94.0,2,1,1,Lost,5
15398,United Kingdom,2011-09-22,2011-11-23,2011-09-01,17,2,1339.63,4,2,3,Loyal,2
15399,United Kingdom,2011-09-21,2011-12-08,2011-09-01,2,3,815.77,4,2,2,Loyal,2
15400,United Kingdom,2010-05-28,2011-09-08,2010-05-01,93,8,1252.8,3,4,3,Champions,1
15401,United Kingdom,2010-05-20,2010-09-13,2010-05-01,453,2,216.95,1,2,1,Lost,5
15402,United Kingdom,2010-04-27,2011-07-14,2010-04-01,149,6,1816.22,2,3,3,At risk,4
15403,United Kingdom,2009-12-09,2010-08-05,2009-12-01,492,2,170.88,1,2,1,Lost,5
15404,United Kingdom,2010-11-29,2010-11-29,2010-11-01,376,1,257.06,2,1,1,Lost,5
15405,United Kingdom,2010-05-12,2011-06-03,2010-05-01,190,2,659.84,2,2,2,Lost,5
15406,United Kingdom,2010-09-12,2011-11-08,2010-09-01,32,4,891.77,3,3,3,Champions,1
15407,United Kingdom,2011-02-07,2011-11-06,2011-02-01,34,4,1046.74,3,3,3,Champions,1
15408,United Kingdom,2011-03-20,2011-03-20,2011-03-01,265,1,267.18,2,1,1,Lost,5
15409,United Kingdom,2009-12-18,2009-12-18,2009-12-01,722,1,117.2,1,1,1,Lost,5
15410,United Kingdom,2010-04-19,2011-09-16,2010-04-01,85,10,4685.72,3,4,4,Champions,1
15411,United Kingdom,2011-06-10,2011-11-13,2011-06-01,27,4,1336.43,3,3,3,Champions,1
15412,United Kingdom,2011-06-21,2011-06-21,2011-06-01,172,1,190.53,2,1,1,Lost,5
15413,United Kingdom,2009-12-01,2010-01-17,2009-12-01,692,5,6798.72,1,3,4,At risk,4
15414,United Kingdom,2011-04-11,2011-11-30,2011-04-01,10,3,774.9,4,2,2,Loyal,2
15415,United Kingdom,2011-01-30,2011-01-30,2011-01-01,314,1,559.61,2,1,2,Lost,5
15416,United Kingdom,2010-02-01,2011-10-06,2010-02-01,65,7,4562.87,3,3,4,Champions,1
15417,United Kingdom,2011-09-15,2011-09-15,2011-09-01,86,1,508.8,3,1,2,New,3
15418,United Kingdom,2010-05-02,2010-10-10,2010-05-01,426,2,449.42,1,2,2,Lost,5
15419,United Kingdom,2011-11-15,2011-11-15,2011-11-01,25,1,135.86,4,1,1,New,3
15420,United Kingdom,2009-12-05,2010-10-01,2009-12-01,435,6,743.0,1,3,2,Lost,5
15421,United Kingdom,2009-12-07,2011-10-12,2009-12-01,59,10,3805.34,3,4,4,Champions,1
15422,United Kingdom,2010-02-07,2011-01-20,2010-02-01,324,7,1615.02,2,3,3,At risk,4
15423,United Kingdom,2010-03-28,2011-11-01,2010-03-01,39,3,219.14,3,2,1,Loyal,2
15424,United Kingdom,2010-09-02,2011-03-30,2010-09-01,255,3,597.78,2,2,2,Lost,5
15425,United Kingdom,2010-02-14,2010-11-04,2010-02-01,401,4,1941.12,1,3,3,At risk,4
15426,United Kingdom,2010-05-02,2011-11-20,2010-05-01,20,9,2138.86,4,4,3,Champions,1
15427,United Kingdom,2011-10-23,2011-11-06,2011-10-01,34,3,1430.54,3,2,3,Loyal,2
15428,United Kingdom,2009-12-17,2011-11-24,2009-12-01,16,4,762.75,4,3,2,Loyal,2
15429,United Kingdom,2011-09-25,2011-11-13,2011-09-01,27,2,364.9,3,2,2,Loyal,2
15430,United Kingdom,2010-06-29,2010-08-29,2010-06-01,468,2,903.75,1,2,3,Lost,5
15431,United Kingdom,2010-07-25,2010-07-25,2010-07-01,503,1,153.24,1,1,1,Lost,5
15432,United Kingdom,2010-06-16,2011-11-16,2010-06-01,24,2,301.26,4,2,1,Loyal,2
15433,United Kingdom,2011-03-17,2011-05-10,2011-03-01,214,2,417.87,2,2,2,Lost,5
15434,United Kingdom,2010-01-24,2011-12-01,2010-01-01,9,11,2517.11,4,4,4,Champions,1
15435,United Kingdom,2011-11-17,2011-11-17,2011-11-01,23,1,149.29,4,1,1,New,3
15436,United Kingdom,2011-04-19,2011-11-27,2011-04-01,13,3,1067.75,4,2,3,Loyal,2
15437,United Kingdom,2010-03-09,2011-03-22,2010-03-01,263,2,393.45,2,2,2,Lost,5
15438,United Kingdom,2011-07-31,2011-07-31,2011-07-01,132,1,156.58,2,1,1,Lost,5
15439,United Kingdom,2010-02-24,2010-10-31,2010-02-01,405,4,1269.05,1,3,3,At risk,4
15440,United Kingdom,2011-05-15,2011-10-16,2011-05-01,55,3,383.68,3,2,2,Loyal,2
15441,United Kingdom,2009-12-09,2010-11-08,2009-12-01,397,3,1254.21,1,2,3,Lost,5
15442,United Kingdom,2011-04-05,2011-04-05,2011-04-01,249,1,594.0,2,1,2,Lost,5
15443,United Kingdom,2010-03-07,2011-12-08,2010-03-01,2,14,5054.44,4,4,4,Champions,1
15444,United Kingdom,2011-10-30,2011-11-30,2011-10-01,10,2,1411.21,4,2,3,Loyal,2
15445,United Kingdom,2010-04-28,2011-03-20,2010-04-01,265,2,284.5,2,2,1,Lost,5
15446,United Kingdom,2009-12-13,2010-11-28,2009-12-01,377,3,390.0,2,2,2,Lost,5
15447,United Kingdom,2010-03-24,2011-01-13,2010-03-01,331,5,484.93,2,3,2,Lost,5
15448,United Kingdom,2010-02-03,2011-01-31,2010-02-01,313,2,788.81,2,2,2,Lost,5
15449,United Kingdom,2011-03-23,2011-11-13,2011-03-01,27,3,971.22,3,2,3,Loyal,2
15450,United Kingdom,2011-11-09,2011-11-09,2011-11-01,31,1,429.84,3,1,2,New,3
15451,United Kingdom,2010-04-19,2010-10-01,2010-04-01,435,2,226.86,1,2,1,Lost,5
15452,United Kingdom,2010-07-16,2011-11-10,2010-07-01,30,6,1785.11,3,3,3,Champions,1
15453,United Kingdom,2011-06-05,2011-12-08,2011-06-01,2,7,1371.77,4,3,3,Champions,1
15454,United Kingdom,2010-03-31,2010-12-12,2010-03-01,363,2,303.89,2,2,1,Lost,5
15455,United Kingdom,2010-04-21,2010-04-21,2010-04-01,598,1,38.25,1,1,1,Lost,5
15456,United Kingdom,2009-12-08,2011-03-01,2009-12-01,284,10,2091.52,2,4,3,At risk,4
15457,United Kingdom,2011-03-22,2011-03-22,2011-03-01,263,1,237.07,2,1,1,Lost,5
15458,United Kingdom,2010-11-02,2011-11-14,2010-11-01,26,2,370.44,3,2,2,Loyal,2
15459,United Kingdom,2010-07-30,2010-10-18,2010-07-01,418,2,202.83,1,2,1,Lost,5
15460,United Kingdom,2010-12-20,2010-12-20,2010-12-01,355,1,214.26,2,1,1,Lost,5
15461,United Kingdom,2010-03-18,2010-09-05,2010-03-01,461,2,391.3,1,2,2,Lost,5
15462,United Kingdom,2010-09-20,2011-09-06,2010-09-01,95,4,737.05,3,3,2,Loyal,2
15463,United Kingdom,2011-11-10,2011-11-10,2011-11-01,30,1,126.14,3,1,1,New,3
15464,United Kingdom,2011-01-05,2011-01-05,2011-01-01,339,1,1044.65,2,1,3,Lost,5
15465,United Kingdom,2009-12-10,2011-11-20,2009-12-01,20,32,11670.9,4,4,4,Champions,1
15466,United Kingdom,2009-12-03,2011-09-15,2009-12-01,86,4,1560.46,3,3,3,Champions,1
15467,United Kingdom,2011-07-10,2011-11-30,2011-07-01,10,3,511.88,4,2,2,Loyal,2
15468,United Kingdom,2010-11-12,2011-10-19,2010-11-01,52,3,1387.48,3,2,3,Loyal,2
15469,United Kingdom,2010-09-27,2011-10-20,2010-09-01,51,3,834.4,3,2,2,Loyal,2
15470,United Kingdom,2010-05-13,2010-05-13,2010-05-01,576,1,63.42,1,1,1,Lost,5
15471,United Kingdom,2010-06-07,2011-12-07,2010-06-01,3,3,1292.01,4,2,3,Loyal,2
15472,United Kingdom,2011-08-18,2011-08-18,2011-08-01,114,1,371.56,2,1,2,Lost,5
15473,United Kingdom,2010-09-21,2011-11-25,2010-09-01,15,8,1740.0,4,4,3,Champions,1
15474,United Kingdom,2010-04-23,2010-04-23,2010-04-01,596,1,150.35,1,1,1,Lost,5
15475,United Kingdom,2011-09-23,2011-09-23,2011-09-01,78,1,454.11,3,1,2,New,3
15476,United Kingdom,2010-09-23,2010-11-24,2010-09-01,381,4,2180.28,1,3,4,At risk,4
15477,United Kingdom,2010-02-28,2010-02-28,2010-02-01,650,1,368.4,1,1,2,Lost,5
15478,United Kingdom,2010-05-13,2011-10-30,2010-05-01,41,3,1940.98,3,2,3,Loyal,2
15479,United Kingdom,2009-12-06,2009-12-06,2009-12-01,734,1,147.4,1,1,1,Lost,5
15480,Malta,2010-02-01,2011-08-15,2010-02-01,117,3,3592.25,2,2,4,At risk,4
15481,Norway,2010-11-03,2010-11-03,2010-11-01,402,1,1993.34,1,1,3,Lost,5
15482,United Kingdom,2009-12-02,2011-11-24,2009-12-01,16,18,9891.12,4,4,4,Champions,1
15483,United Kingdom,2010-01-24,2011-07-01,2010-01-01,162,10,810.68,2,4,2,At risk,4
15484,United Kingdom,2009-12-05,2011-12-08,2009-12-01,2,6,4620.9,4,3,4,Champions,1
15485,United Kingdom,2009-12-01,2011-11-09,2009-12-01,31,7,4663.92,3,3,4,Champions,1
15486,United Kingdom,2010-06-30,2010-06-30,2010-06-01,528,1,102.0,1,1,1,Lost,5
15487,United Kingdom,2010-01-29,2010-01-29,2010-01-01,680,1,231.32,1,1,1,Lost,5
15488,United Kingdom,2010-05-05,2011-09-08,2010-05-01,93,5,431.92,3,3,2,Loyal,2
15489,United Kingdom,2010-01-15,2011-11-17,2010-01-01,23,8,2327.36,4,4,4,Champions,1
15490,United Kingdom,2010-10-05,2010-10-05,2010-10-01,431,1,181.35,1,1,1,Lost,5
15491,United Kingdom,2011-04-18,2011-09-05,2011-04-01,96,6,3090.85,2,3,4,At risk,4
15492,United Kingdom,2011-09-26,2011-11-11,2011-09-01,29,2,659.46,3,2,2,Loyal,2
15493,United Kingdom,2010-02-23,2011-11-07,2010-02-01,33,9,4078.64,3,4,4,Champions,1
15494,United Kingdom,2009-12-10,2011-11-18,2009-12-01,22,5,3702.6,4,3,4,Champions,1
15495,United Kingdom,2010-11-25,2010-11-25,2010-11-01,380,1,246.5,1,1,1,Lost,5
15496,United Kingdom,2010-03-18,2010-03-18,2010-03-01,632,1,146.14,1,1,1,Lost,5
15497,United Kingdom,2009-12-18,2011-11-22,2009-12-01,18,9,8643.46,4,4,4,Champions,1
15498,United Kingdom,2009-12-16,2011-12-07,2009-12-01,3,44,24739.06,4,4,4,Champions,1
15499,United Kingdom,2009-12-16,2009-12-16,2009-12-01,724,1,158.65,1,1,1,Lost,5
15500,United Kingdom,2011-09-19,2011-12-01,2011-09-01,9,4,1131.56,4,3,3,Champions,1
15501,United Kingdom,2010-10-20,2010-10-31,2010-10-01,405,2,399.95,1,2,2,Lost,5
15502,United Kingdom,2010-06-03,2011-11-24,2010-06-01,16,12,8076.45,4,4,4,Champions,1
15503,United Kingdom,2009-12-13,2010-12-12,2009-12-01,363,2,257.3,2,2,1,Lost,5
15504,United Kingdom,2010-02-12,2011-09-19,2010-02-01,82,4,381.5,3,3,2,Loyal,2
15505,United Kingdom,2011-07-07,2011-10-18,2011-07-01,53,5,3497.14,3,3,4,Champions,1
15506,United Kingdom,2010-08-19,2011-11-17,2010-08-01,23,6,2030.33,4,3,3,Champions,1
15507,United Kingdom,2011-06-21,2011-06-21,2011-06-01,172,1,475.86,2,1,2,Lost,5
15508,United Kingdom,2011-04-18,2011-06-03,2011-04-01,190,6,1000.27,2,3,3,At risk,4
15509,United Kingdom,2010-11-24,2010-11-24,2010-11-01,381,1,152.41,1,1,1,Lost,5
15510,United Kingdom,2011-01-13,2011-01-13,2011-01-01,331,1,250.0,2,1,1,Lost,5
15511,United Kingdom,2011-09-15,2011-11-28,2011-09-01,12,5,900.53,4,3,3,Champions,1
15512,United Kingdom,2010-02-01,2011-07-07,2010-02-01,156,4,331.58,2,3,1,Lost,5
15513,United Kingdom,2010-01-13,2011-11-06,2010-01-01,34,35,25959.16,3,4,4,Champions,1
15514,United Kingdom,2009-12-04,2011-11-27,2009-12-01,13,18,5272.01,4,4,4,Champions,1
15515,United Kingdom,2010-11-17,2010-11-17,2010-11-01,388,1,171.81,1,1,1,Lost,5
15516,United Kingdom,2011-10-24,2011-10-26,2011-10-01,45,3,62.43,3,2,1,Loyal,2
15517,United Kingdom,2011-04-20,2011-04-20,2011-04-01,234,1,267.03,2,1,1,Lost,5
15518,United Kingdom,2009-12-20,2011-10-06,2009-12-01,65,15,4081.59,3,4,4,Champions,1
15519,United Kingdom,2010-09-19,2010-11-21,2010-09-01,384,2,344.61,1,2,2,Lost,5
15520,United Kingdom,2011-12-08,2011-12-08,2011-12-01,2,1,343.5,4,1,2,New,3
15521,United Kingdom,2010-01-05,2011-10-30,2010-01-01,41,16,6780.39,3,4,4,Champions,1
15522,United Kingdom,2011-09-13,2011-11-07,2011-09-01,33,2,397.99,3,2,2,Loyal,2
15523,United Kingdom,2009-12-02,2011-09-16,2009-12-01,85,16,17119.24,3,4,4,Champions,1
15524,United Kingdom,2010-04-12,2011-11-15,2010-04-01,25,2,591.4,4,2,2,Loyal,2
15525,United Kingdom,2010-11-22,2011-12-07,2010-11-01,3,4,872.82,4,3,3,Champions,1
15526,United Kingdom,2011-11-06,2011-11-06,2011-11-01,34,2,148.44,3,2,1,Loyal,2
15527,United Kingdom,2009-12-15,2011-11-21,2009-12-01,19,23,5166.04,4,4,4,Champions,1
15528,United Kingdom,2011-03-30,2011-03-30,2011-03-01,255,1,229.33,2,1,1,Lost,5
15529,United Kingdom,2010-11-10,2011-11-17,2010-11-01,23,12,4753.66,4,4,4,Champions,1
15530,United Kingdom,2010-07-15,2011-11-18,2010-07-01,22,5,1808.68,4,3,3,Champions,1
15531,United Kingdom,2011-11-09,2011-12-01,2011-11-01,9,2,1972.39,4,2,3,Loyal,2
15532,United Kingdom,2010-06-08,2011-11-14,2010-06-01,26,10,3653.35,3,4,4,Champions,1
15533,United Kingdom,2011-09-11,2011-11-20,2011-09-01,20,3,746.92,4,2,2,Loyal,2
15534,United Kingdom,2009-12-14,2009-12-14,2009-12-01,726,1,162.25,1,1,1,Lost,5
15535,United Kingdom,2010-09-16,2011-06-19,2010-09-01,174,6,955.12,2,3,3,At risk,4
15536,United Kingdom,2010-10-26,2010-10-26,2010-10-01,410,1,259.09,1,1,1,Lost,5
15537,United Kingdom,2011-06-29,2011-06-29,2011-06-01,164,1,110.92,2,1,1,Lost,5
15538,United Kingdom,2010-02-14,2010-06-20,2010-02-01,538,6,3036.1,1,3,4,At risk,4
15539,United Kingdom,2011-12-02,2011-12-02,2011-12-01,8,1,538.46,4,1,2,New,3
15540,United Kingdom,2010-11-29,2011-11-28,2010-11-01,12,2,460.68,4,2,2,Loyal,2
15541,United Kingdom,2011-08-17,2011-08-17,2011-08-01,115,1,85.13,2,1,1,Lost,5
15542,United Kingdom,2009-12-02,2010-07-15,2009-12-01,513,3,833.16,1,2,2,Lost,5
15543,United Kingdom,2010-09-06,2011-02-24,2010-09-01,289,2,242.26,2,2,1,Lost,5
15544,United Kingdom,2010-01-28,2011-11-30,2010-01-01,10,20,7779.58,4,4,4,Champions,1
15545,United Kingdom,2010-12-03,2011-10-16,2010-12-01,55,2,288.97,3,2,1,Loyal,2
15546,United Kingdom,2010-04-12,2010-04-12,2010-04-01,607,2,539.55,1,2,2,Lost,5
15547,United Kingdom,2009-12-06,2011-12-02,2009-12-01,8,26,9989.15,4,4,4,Champions,1
15548,United Kingdom,2010-04-23,2010-04-23,2010-04-01,596,1,158.09,1,1,1,Lost,5
15549,United Kingdom,2010-01-11,2011-09-23,2010-01-01,78,8,2292.91,3,4,4,Champions,1
15550,United Kingdom,2009-12-03,2011-12-05,2009-12-01,5,12,1987.85,4,4,3,Champions,1
15551,United Kingdom,2010-06-07,2011-11-03,2010-06-01,37,7,1629.01,3,3,3,Champions,1
15552,United Kingdom,2010-03-26,2011-05-06,2010-03-01,218,2,252.52,2,2,1,Lost,5
15553,United Kingdom,2011-10-10,2011-10-10,2011-10-01,61,1,428.93,3,1,2,New,3
15554,United Kingdom,2011-03-07,2011-03-07,2011-03-01,278,1,217.2,2,1,1,Lost,5
15555,United Kingdom,2009-12-06,2011-11-27,2009-12-01,13,36,10866.36,4,4,4,Champions,1
15556,United Kingdom,2011-11-15,2011-11-15,2011-11-01,25,1,279.77,4,1,1,New,3
15557,United Kingdom,2011-11-11,2011-11-11,2011-11-01,29,1,468.91,3,1,2,New,3
15558,United Kingdom,2010-03-10,2010-03-10,2010-03-01,640,1,131.88,1,1,1,Lost,5
15559,United Kingdom,2010-05-20,2010-05-20,2010-05-01,569,1,1109.4,1,1,3,Lost,5
15560,United Kingdom,2010-11-07,2010-11-07,2010-11-01,398,2,153.52,1,2,1,Lost,5
15561,United Kingdom,2010-02-14,2011-11-28,2010-02-01,12,8,1856.54,4,4,3,Champions,1
15562,United Kingdom,2009-12-13,2010-12-23,2009-12-01,352,3,671.43,2,2,2,Lost,5
15563,United Kingdom,2010-01-28,2011-11-17,2010-01-01,23,6,2764.67,4,3,4,Champions,1
15564,United Kingdom,2010-02-01,2010-09-02,2010-02-01,464,2,70.74,1,2,1,Lost,5
15565,United Kingdom,2011-09-30,2011-10-20,2011-09-01,51,2,173.16,3,2,1,Loyal,2
15566,United Kingdom,2009-12-15,2010-11-12,2009-12-01,393,2,227.87,1,2,1,Lost,5
15567,United Kingdom,2011-11-21,2011-11-21,2011-11-01,19,1,186.01,4,1,1,New,3
15568,United Kingdom,2011-09-27,2011-12-07,2011-09-01,3,3,758.29,4,2,2,Loyal,2
15569,United Kingdom,2010-02-28,2011-08-28,2010-02-01,104,10,3583.45,2,4,4,At risk,4
15570,United Kingdom,2010-03-28,2011-12-02,2010-03-01,8,25,8672.44,4,4,4,Champions,1
15571,United Kingdom,2009-12-06,2011-11-28,2009-12-01,12,14,3892.35,4,4,4,Champions,1
15572,United Kingdom,2010-04-14,2011-12-05,2010-04-01,5,10,3965.2,4,4,4,Champions,1
15573,United Kingdom,2009-12-10,2011-11-08,2009-12-01,32,5,1180.47,3,3,3,Champions,1
15574,United Kingdom,2010-09-01,2011-06-15,2010-09-01,178,6,1059.44,2,3,3,At risk,4
15575,United Kingdom,2010-03-30,2010-03-30,2010-03-01,620,1,30.1,1,1,1,Lost,5
15576,United Kingdom,2011-11-02,2011-11-02,2011-11-01,38,1,921.37,3,1,3,New,3
15577,United Kingdom,2009-12-13,2011-07-11,2009-12-01,152,5,396.03,2,3,2,Lost,5
15578,United Kingdom,2011-06-30,2011-06-30,2011-06-01,163,1,127.1,2,1,1,Lost,5
15579,United Kingdom,2010-10-03,2011-10-02,2010-10-01,69,5,1215.38,3,3,3,Champions,1
15580,United Kingdom,2010-02-07,2010-11-28,2010-02-01,377,8,1216.15,2,4,3,At risk,4
15581,United Kingdom,2009-12-02,2011-07-06,2009-12-01,157,34,4350.06,2,4,4,At risk,4
15582,United Kingdom,2011-05-03,2011-11-15,2011-05-01,25,3,682.91,4,2,2,Loyal,2
15583,United Kingdom,2010-11-28,2010-11-28,2010-11-01,377,1,95.96,2,1,1,Lost,5
15584,United Kingdom,2010-02-07,2011-11-16,2010-02-01,24,6,1265.7,4,3,3,Champions,1
15585,United Kingdom,2011-06-16,2011-06-16,2011-06-01,177,1,455.3,2,1,2,Lost,5
15586,United Kingdom,2010-01-08,2010-04-26,2010-01-01,593,3,1128.66,1,2,3,Lost,5
15587,United Kingdom,2010-08-05,2011-10-20,2010-08-01,51,7,1522.08,3,3,3,Champions,1
15588,United Kingdom,2010-01-31,2010-01-31,2010-01-01,678,1,579.6,1,1,2,Lost,5
15589,United Kingdom,2011-02-02,2011-03-29,2011-02-01,256,3,456.58,2,2,2,Lost,5
15590,United Kingdom,2010-04-12,2010-11-22,2010-04-01,383,5,1496.6,1,3,3,At risk,4
15591,United Kingdom,2010-02-04,2010-05-06,2010-02-01,583,3,217.9,1,2,1,Lost,5
15592,United Kingdom,2011-10-24,2011-10-24,2011-10-01,47,1,388.58,3,1,2,New,3
15593,United Kingdom,2011-09-30,2011-09-30,2011-09-01,71,1,199.8,3,1,1,New,3
15594,United Kingdom,2011-04-19,2011-11-24,2011-04-01,16,5,1767.53,4,3,3,Champions,1
15595,United Kingdom,2010-08-09,2010-08-09,2010-08-01,488,1,357.6,1,1,2,Lost,5
15596,United Kingdom,2010-07-28,2011-08-31,2010-07-01,101,9,2621.27,2,4,4,At risk,4
15597,United Kingdom,2010-05-13,2011-11-04,2010-05-01,36,2,554.52,3,2,2,Loyal,2
15598,United Kingdom,2010-10-08,2011-10-17,2010-10-01,54,2,543.02,3,2,2,Loyal,2
15599,United Kingdom,2010-09-20,2011-11-13,2010-09-01,27,3,1250.06,3,2,3,Loyal,2
15600,United Kingdom,2010-04-25,2010-10-07,2010-04-01,429,4,1178.71,1,3,3,At risk,4
15601,United Kingdom,2009-12-01,2011-11-28,2009-12-01,12,30,14150.84,4,4,4,Champions,1
15602,United Kingdom,2009-12-02,2011-12-01,2009-12-01,9,16,2902.16,4,4,4,Champions,1
15603,United Kingdom,2010-03-01,2011-09-22,2010-03-01,79,2,74.73,3,2,1,Loyal,2
15604,United Kingdom,2011-10-18,2011-10-18,2011-10-01,53,1,216.39,3,1,1,New,3
15605,United Kingdom,2010-01-14,2011-11-03,2010-01-01,37,9,1738.55,3,4,3,Champions,1
15606,United Kingdom,2010-03-02,2011-10-09,2010-03-01,62,17,4733.47,3,4,4,Champions,1
15607,United Kingdom,2010-01-08,2011-01-07,2010-01-01,337,9,1616.37,2,4,3,At risk,4
15608,United Kingdom,2010-10-20,2011-11-11,2010-10-01,29,5,1785.98,3,3,3,Champions,1
15609,United Kingdom,2011-06-08,2011-06-08,2011-06-01,185,1,270.03,2,1,1,Lost,5
15610,United Kingdom,2011-10-19,2011-10-19,2011-10-01,52,1,112.46,3,1,1,New,3
15611,United Kingdom,2010-01-25,2011-11-30,2010-01-01,10,24,2837.37,4,4,4,Champions,1
15612,United Kingdom,2011-10-09,2011-11-03,2011-10-01,37,2,195.15,3,2,1,Loyal,2
15613,United Kingdom,2010-04-08,2010-04-08,2010-04-01,611,1,433.72,1,1,2,Lost,5
15614,United Kingdom,2010-03-23,2010-09-28,2010-03-01,438,4,3008.86,1,3,4,At risk,4
15615,United Kingdom,2009-12-02,2011-11-29,2009-12-01,11,47,21282.07,4,4,4,Champions,1
15616,United Kingdom,2010-09-27,2010-09-27,2010-09-01,439,1,317.11,1,1,1,Lost,5
15617,United Kingdom,2010-07-20,2010-11-08,2010-07-01,397,3,828.55,1,2,2,Lost,5
15618,United Kingdom,2011-07-26,2011-11-07,2011-07-01,33,4,747.03,3,3,2,Loyal,2
15619,United Kingdom,2011-11-29,2011-11-29,2011-11-01,11,1,336.4,4,1,2,New,3
15620,United Kingdom,2010-10-26,2011-10-14,2010-10-01,57,4,1909.93,3,3,3,Champions,1
15621,United Kingdom,2011-11-18,2011-12-05,2011-11-01,5,4,1158.77,4,3,3,Champions,1
15622,United Kingdom,2010-03-04,2011-10-27,2010-03-01,44,17,7318.08,3,4,4,Champions,1
15623,United Kingdom,2009-12-10,2011-07-21,2009-12-01,142,8,2437.05,2,4,4,At risk,4
15624,United Kingdom,2011-03-28,2011-08-15,2011-03-01,117,4,588.13,2,3,2,Lost,5
15625,United Kingdom,2010-06-15,2011-08-28,2010-06-01,104,9,3203.25,2,4,4,At risk,4
15626,United Kingdom,2010-10-14,2011-09-26,2010-10-01,75,3,1049.37,3,2,3,Loyal,2
15627,United Kingdom,2010-07-05,2010-09-08,2010-07-01,458,2,566.9,1,2,2,Lost,5
15628,United Kingdom,2009-12-13,2011-12-05,2009-12-01,5,17,5284.18,4,4,4,Champions,1
15629,United Kingdom,2010-06-25,2010-09-15,2010-06-01,451,4,2240.9,1,3,4,At risk,4
15630,United Kingdom,2010-03-05,2011-10-25,2010-03-01,46,3,1475.45,3,2,3,Loyal,2
15631,United Kingdom,2010-03-07,2010-03-07,2010-03-01,643,1,596.67,1,1,2,Lost,5
15632,United Kingdom,2011-03-10,2011-11-24,2011-03-01,16,8,3147.31,4,4,4,Champions,1
15633,United Kingdom,2009-12-08,2010-07-18,2009-12-01,510,13,4156.91,1,4,4,At risk,4
15634,United Kingdom,2010-11-21,2011-11-22,2010-11-01,18,2,554.65,4,2,2,Loyal,2
15635,United Kingdom,2010-11-09,2010-11-09,2010-11-01,396,1,100.35,1,1,1,Lost,5
15636,United Kingdom,2010-05-19,2011-09-11,2010-05-01,90,4,1444.58,3,3,3,Champions,1
15637,United Kingdom,2009-12-15,2011-10-18,2009-12-01,53,5,797.59,3,3,2,Loyal,2
15638,United Kingdom,2010-04-08,2010-11-26,2010-04-01,379,6,2137.2,1,3,3,At risk,4
15639,United Kingdom,2010-04-13,2011-07-28,2010-04-01,135,3,1028.33,2,2,3,Lost,5
15640,United Kingdom,2009-12-14,2011-12-05,2009-12-01,5,29,23340.29,4,4,4,Champions,1
15641,United Kingdom,2009-12-06,2011-08-26,2009-12-01,106,12,5345.55,2,4,4,At risk,4
15642,United Kingdom,2009-12-10,2009-12-10,2009-12-01,730,1,105.78,1,1,1,Lost,5
15643,United Kingdom,2011-03-02,2011-06-01,2011-03-01,192,3,647.4,2,2,2,Lost,5
15644,United Kingdom,2011-03-23,2011-06-26,2011-03-01,167,4,803.54,2,3,2,Lost,5
15645,United Kingdom,2010-10-10,2011-11-21,2010-10-01,19,3,1042.15,4,2,3,Loyal,2
15646,United Kingdom,2010-10-25,2011-07-05,2010-10-01,158,5,762.31,2,3,2,Lost,5
15647,United Kingdom,2010-10-20,2010-10-20,2010-10-01,416,1,169.0,1,1,1,Lost,5
15648,United Kingdom,2011-03-17,2011-05-19,2011-03-01,205,2,584.75,2,2,2,Lost,5
15649,United Kingdom,2010-11-17,2011-01-07,2010-11-01,337,4,1660.35,2,3,3,At risk,4
15650,United Kingdom,2010-03-21,2010-07-06,2010-03-01,522,2,539.03,1,2,2,Lost,5
15651,United Kingdom,2010-04-22,2011-11-03,2010-04-01,37,5,1259.06,3,3,3,Champions,1
15652,United Kingdom,2010-08-11,2011-09-09,2010-08-01,92,5,1397.44,3,3,3,Champions,1
15653,United Kingdom,2011-08-16,2011-09-08,2011-08-01,93,2,877.44,3,2,3,Loyal,2
15654,United Kingdom,2011-11-13,2011-11-30,2011-11-01,10,2,922.53,4,2,3,Loyal,2
15655,United Kingdom,2011-04-10,2011-04-10,2011-04-01,244,1,511.32,2,1,2,Lost,5
15656,United Kingdom,2011-02-28,2011-10-25,2011-02-01,46,4,748.5,3,3,2,Loyal,2
15657,United Kingdom,2011-11-17,2011-11-17,2011-11-01,23,1,30.0,4,1,1,New,3
15658,United Kingdom,2009-12-03,2011-06-02,2009-12-01,191,8,1964.14,2,4,3,At risk,4
15659,United Kingdom,2010-02-24,2011-10-27,2010-02-01,44,3,532.49,3,2,2,Loyal,2
15660,United Kingdom,2010-02-05,2011-11-14,2010-02-01,26,15,2554.84,3,4,4,Champions,1
15661,United Kingdom,2010-05-10,2011-01-26,2010-05-01,318,8,1215.95,2,4,3,At risk,4
15662,United Kingdom,2009-12-01,2010-02-16,2009-12-01,662,2,283.73,1,2,1,Lost,5
15663,United Kingdom,2011-08-25,2011-08-25,2011-08-01,107,1,138.14,2,1,1,Lost,5
15664,United Kingdom,2010-02-28,2011-10-20,2010-02-01,51,4,1199.53,3,3,3,Champions,1
15665,United Kingdom,2010-03-14,2011-06-24,2010-03-01,169,5,3987.07,2,3,4,At risk,4
15666,United Kingdom,2010-08-01,2010-08-24,2010-08-01,473,2,632.94,1,2,2,Lost,5
15667,United Kingdom,2011-10-31,2011-10-31,2011-10-01,40,1,301.32,3,1,1,New,3
15668,United Kingdom,2011-05-06,2011-05-06,2011-05-01,218,1,76.32,2,1,1,Lost,5
15669,United Kingdom,2011-03-21,2011-10-30,2011-03-01,41,4,677.69,3,3,2,Loyal,2
15670,United Kingdom,2010-06-01,2011-02-16,2010-06-01,297,2,315.2,2,2,1,Lost,5
15671,United Kingdom,2011-03-14,2011-11-21,2011-03-01,19,7,2635.49,4,3,4,Champions,1
15672,United Kingdom,2009-12-14,2009-12-14,2009-12-01,726,1,45.3,1,1,1,Lost,5
15673,United Kingdom,2010-02-22,2011-09-12,2010-02-01,89,9,6199.37,3,4,4,Champions,1
15674,United Kingdom,2009-12-08,2011-09-27,2009-12-01,74,12,6217.85,3,4,4,Champions,1
15675,United Kingdom,2010-10-31,2011-09-19,2010-10-01,82,4,542.04,3,3,2,Loyal,2
15676,United Kingdom,2011-03-01,2011-11-21,2011-03-01,19,3,3324.09,4,2,4,Champions,1
15677,United Kingdom,2010-09-02,2011-10-21,2010-09-01,50,3,1305.63,3,2,3,Loyal,2
15678,United Kingdom,2010-07-05,2011-10-18,2010-07-01,53,3,1825.94,3,2,3,Loyal,2
15679,United Kingdom,2011-06-10,2011-11-15,2011-06-01,25,4,781.28,4,3,2,Loyal,2
15680,United Kingdom,2009-12-02,2011-11-30,2009-12-01,10,10,3985.59,4,4,4,Champions,1
15681,United Kingdom,2010-05-24,2011-11-14,2010-05-01,26,14,2480.2,3,4,4,Champions,1
15682,United Kingdom,2010-01-21,2010-04-19,2010-01-01,600,2,316.99,1,2,1,Lost,5
15683,United Kingdom,2010-08-23,2011-08-14,2010-08-01,118,2,524.54,2,2,2,Lost,5
15684,United Kingdom,2009-12-04,2010-06-10,2009-12-01,548,3,147.8,1,2,1,Lost,5
15685,United Kingdom,2010-09-15,2010-09-15,2010-09-01,451,1,55.98,1,1,1,Lost,5
15686,United Kingdom,2010-10-15,2010-10-15,2010-10-01,421,1,90.0,1,1,1,Lost,5
15687,United Kingdom,2011-01-13,2011-12-01,2011-01-01,9,9,2981.5,4,4,4,Champions,1
15688,United Kingdom,2010-10-17,2010-10-17,2010-10-01,419,1,190.57,1,1,1,Lost,5
15689,United Kingdom,2010-04-01,2011-08-12,2010-04-01,120,3,521.03,2,2,2,Lost,5
15690,United Kingdom,2011-08-31,2011-12-05,2011-08-01,5,2,239.76,4,2,1,Loyal,2
15691,United Kingdom,2009-12-06,2011-04-01,2009-12-01,253,4,511.8,2,3,2,Lost,5
15692,United Kingdom,2011-11-11,2011-11-11,2011-11-01,29,1,191.04,3,1,1,New,3
15693,United Kingdom,2010-02-18,2010-02-18,2010-02-01,660,1,37.5,1,1,1,Lost,5
15694,United Kingdom,2009-12-07,2011-12-09,2009-12-01,1,23,9719.13,4,4,4,Champions,1
15695,United Kingdom,2010-01-27,2011-03-18,2010-01-01,267,4,1131.04,2,3,3,At risk,4
15696,United Kingdom,2010-01-24,2011-11-06,2010-01-01,34,13,3732.12,3,4,4,Champions,1
15697,United Kingdom,2010-01-19,2010-01-19,2010-01-01,690,1,246.75,1,1,1,Lost,5
15698,United Kingdom,2010-03-25,2010-03-25,2010-03-01,625,1,46.2,1,1,1,Lost,5
15699,United Kingdom,2011-11-22,2011-11-22,2011-11-01,18,1,309.65,4,1,1,New,3
15700,United Kingdom,2011-06-19,2011-06-20,2011-06-01,173,2,664.03,2,2,2,Lost,5
15701,United Kingdom,2011-08-21,2011-12-07,2011-08-01,3,4,1529.0,4,3,3,Champions,1
15702,Nigeria,2010-08-20,2010-08-20,2010-08-01,477,1,112.57,1,1,1,Lost,5
15703,United Kingdom,2011-03-20,2011-03-20,2011-03-01,265,1,211.5,2,1,1,Lost,5
15704,United Kingdom,2010-05-05,2011-07-22,2010-05-01,141,6,3663.86,2,3,4,At risk,4
15705,United Kingdom,2011-05-22,2011-05-22,2011-05-01,202,1,143.1,2,1,1,Lost,5
15706,United Kingdom,2011-08-15,2011-10-07,2011-08-01,64,4,1001.81,3,3,3,Champions,1
15707,United Kingdom,2011-09-14,2011-11-04,2011-09-01,36,4,916.98,3,3,3,Champions,1
15708,United Kingdom,2010-10-10,2011-10-30,2010-10-01,41,9,3840.73,3,4,4,Champions,1
15709,United Kingdom,2010-04-29,2011-03-01,2010-04-01,284,2,327.85,2,2,1,Lost,5
15710,United Kingdom,2010-10-18,2010-10-18,2010-10-01,418,1,898.87,1,1,3,Lost,5
15711,United Kingdom,2010-01-24,2010-06-01,2010-01-01,557,2,420.25,1,2,2,Lost,5
15712,United Kingdom,2009-12-01,2011-11-30,2009-12-01,10,12,3467.46,4,4,4,Champions,1
15713,United Kingdom,2009-12-16,2011-07-19,2009-12-01,144,4,814.84,2,3,2,Lost,5
15714,United Kingdom,2010-06-02,2011-11-28,2010-06-01,12,5,783.96,4,3,2,Loyal,2
15715,United Kingdom,2010-03-30,2010-06-02,2010-03-01,556,5,658.02,1,3,2,Lost,5
15716,United Kingdom,2009-12-07,2011-07-17,2009-12-01,146,11,2482.74,2,4,4,At risk,4
15717,United Kingdom,2010-04-26,2011-04-19,2010-04-01,235,5,607.0,2,3,2,Lost,5
15718,United Kingdom,2010-06-17,2010-06-17,2010-06-01,541,1,293.79,1,1,1,Lost,5
15719,United Kingdom,2009-12-01,2011-11-07,2009-12-01,33,31,10117.22,3,4,4,Champions,1
15720,United Kingdom,2010-06-07,2011-11-15,2010-06-01,25,2,739.22,4,2,2,Loyal,2
15721,United Kingdom,2011-11-28,2011-11-28,2011-11-01,12,1,471.4,4,1,2,New,3
15722,United Kingdom,2010-03-09,2011-11-04,2010-03-01,36,11,5107.85,3,4,4,Champions,1
15723,United Kingdom,2010-05-14,2010-12-10,2010-05-01,365,4,930.7,2,3,3,At risk,4
15724,United Kingdom,2010-11-04,2011-05-22,2010-11-01,202,3,299.8,2,2,1,Lost,5
15725,United Kingdom,2011-11-24,2011-11-24,2011-11-01,16,1,415.25,4,1,2,New,3
15726,United Kingdom,2010-11-14,2010-11-14,2010-11-01,391,1,321.91,1,1,1,Lost,5
15727,United Kingdom,2010-01-24,2011-11-23,2010-01-01,17,15,9371.71,4,4,4,Champions,1
15728,United Kingdom,2010-09-21,2010-11-25,2010-09-01,380,2,409.8,1,2,2,Lost,5
15729,United Kingdom,2010-11-01,2011-05-11,2010-11-01,213,3,154.7,2,2,1,Lost,5
15730,United Kingdom,2010-10-04,2011-10-05,2010-10-01,66,5,1708.18,3,3,3,Champions,1
15731,United Kingdom,2010-06-04,2010-06-04,2010-06-01,554,1,125.3,1,1,1,Lost,5
15732,United Kingdom,2010-02-04,2011-05-11,2010-02-01,213,10,1499.42,2,4,3,At risk,4
15733,United Kingdom,2011-03-02,2011-03-02,2011-03-01,283,1,162.3,2,1,1,Lost,5
15734,United Kingdom,2010-06-10,2011-08-17,2010-06-01,115,4,2263.3,2,3,4,At risk,4
15735,United Kingdom,2010-10-14,2010-10-14,2010-10-01,422,1,327.68,1,1,1,Lost,5
15736,United Kingdom,2010-09-30,2010-09-30,2010-09-01,436,2,1668.67,1,2,3,Lost,5
15737,United Kingdom,2011-04-11,2011-11-25,2011-04-01,15,8,1121.21,4,4,3,Champions,1
15738,United Kingdom,2009-12-10,2011-11-21,2009-12-01,19,41,13015.42,4,4,4,Champions,1
15739,United Kingdom,2011-10-04,2011-10-04,2011-10-01,67,1,449.12,3,1,2,New,3
15740,United Kingdom,2011-10-21,2011-10-21,2011-10-01,50,1,154.88,3,1,1,New,3
15741,United Kingdom,2010-03-31,2010-09-07,2010-03-01,459,2,208.62,1,2,1,Lost,5
15742,United Kingdom,2010-03-30,2010-03-30,2010-03-01,620,1,156.87,1,1,1,Lost,5
15743,United Kingdom,2011-06-08,2011-11-23,2011-06-01,17,4,775.96,4,3,2,Loyal,2
15744,United Kingdom,2011-09-23,2011-09-23,2011-09-01,78,1,34.8,3,1,1,New,3
15745,United Kingdom,2011-04-17,2011-11-20,2011-04-01,20,4,1071.24,4,3,3,Champions,1
15746,United Kingdom,2011-07-28,2011-07-28,2011-07-01,135,1,182.96,2,1,1,Lost,5
15747,United Kingdom,2010-01-18,2011-11-27,2010-01-01,13,9,2497.86,4,4,4,Champions,1
15748,United Kingdom,2010-09-16,2011-10-30,2010-09-01,41,3,609.81,3,2,2,Loyal,2
15749,United Kingdom,2011-01-11,2011-04-18,2011-01-01,236,3,21535.9,2,2,4,At risk,4
15750,United Kingdom,2009-12-01,2011-12-07,2009-12-01,3,18,6362.6,4,4,4,Champions,1
15751,United Kingdom,2009-12-06,2010-09-05,2009-12-01,461,11,1318.84,1,4,3,At risk,4
15752,United Kingdom,2010-09-08,2011-10-31,2010-09-01,40,9,3916.46,3,4,4,Champions,1
15753,United Kingdom,2011-02-08,2011-02-08,2011-02-01,305,1,79.2,2,1,1,Lost,5
15754,United Kingdom,2010-02-22,2011-10-19,2010-02-01,52,9,3001.86,3,4,4,Champions,1
15755,United Kingdom,2009-12-04,2011-11-29,2009-12-01,11,17,5936.95,4,4,4,Champions,1
15756,United Kingdom,2011-04-04,2011-10-09,2011-04-01,62,4,528.01,3,3,2,Loyal,2
15757,United Kingdom,2010-06-10,2011-10-05,2010-06-01,66,6,2940.36,3,3,4,Champions,1
15758,United Kingdom,2011-11-15,2011-11-15,2011-11-01,25,1,205.25,4,1,1,New,3
15759,United Kingdom,2009-12-02,2011-05-05,2009-12-01,219,7,810.98,2,3,2,Lost,5
15761,United Kingdom,2010-09-23,2010-09-23,2010-09-01,443,1,143.05,1,1,1,Lost,5
15762,United Kingdom,2011-09-23,2011-10-05,2011-09-01,66,2,583.75,3,2,2,Loyal,2
15763,United Kingdom,2011-09-23,2011-11-08,2011-09-01,32,2,1048.67,3,2,3,Loyal,2
15764,United Kingdom,2010-08-18,2011-09-12,2010-08-01,89,8,4453.28,3,4,4,Champions,1
15765,United Kingdom,2010-02-11,2010-02-11,2010-02-01,667,1,370.63,1,1,2,Lost,5
15766,United Kingdom,2010-01-26,2011-10-06,2010-01-01,65,3,799.66,3,2,2,Loyal,2
15768,United Kingdom,2009-12-03,2011-08-16,2009-12-01,116,34,15307.26,2,4,4,At risk,4
15769,United Kingdom,2009-12-11,2011-12-02,2009-12-01,8,46,84183.52,4,4,4,Champions,1
15770,United Kingdom,2010-04-06,2010-04-06,2010-04-01,613,1,321.45,1,1,1,Lost,5
15771,United Kingdom,2010-01-15,2010-04-14,2010-01-01,605,3,1006.54,1,2,3,Lost,5
15772,United Kingdom,2010-10-17,2010-10-17,2010-10-01,419,1,280.88,1,1,1,Lost,5
15773,United Kingdom,2010-10-26,2011-12-04,2010-10-01,6,2,774.52,4,2,2,Loyal,2
15774,United Kingdom,2010-02-21,2011-10-02,2010-02-01,69,6,1287.09,3,3,3,Champions,1
15775,United Kingdom,2010-03-18,2011-04-08,2010-03-01,246,2,150.5,2,2,1,Lost,5
15776,United Kingdom,2011-07-29,2011-07-29,2011-07-01,134,1,241.62,2,1,1,Lost,5
15777,United Kingdom,2010-05-20,2011-04-12,2010-05-01,242,7,1732.16,2,3,3,At risk,4
15778,United Kingdom,2010-10-04,2010-10-04,2010-10-01,432,1,307.95,1,1,1,Lost,5
15779,United Kingdom,2010-06-25,2010-09-02,2010-06-01,464,2,124.08,1,2,1,Lost,5
15780,United Kingdom,2010-12-17,2011-06-09,2010-12-01,184,3,475.28,2,2,2,Lost,5
15781,United Kingdom,2011-02-07,2011-11-14,2011-02-01,26,3,333.56,3,2,1,Loyal,2
15782,United Kingdom,2010-10-05,2011-11-30,2010-10-01,10,4,3985.65,4,3,4,Champions,1
15783,United Kingdom,2011-11-29,2011-11-29,2011-11-01,11,1,246.3,4,1,1,New,3
15784,United Kingdom,2010-02-05,2010-08-29,2010-02-01,468,2,848.33,1,2,3,Lost,5
15785,United Kingdom,2009-12-15,2011-11-07,2009-12-01,33,16,5825.33,3,4,4,Champions,1
15786,United Kingdom,2010-06-21,2011-10-24,2010-06-01,47,5,8379.65,3,3,4,Champions,1
15787,United Kingdom,2011-10-09,2011-11-13,2011-10-01,27,3,933.26,3,2,3,Loyal,2
15788,United Kingdom,2010-07-19,2010-07-19,2010-07-01,509,1,215.53,1,1,1,Lost,5
15789,United Kingdom,2010-03-26,2010-12-16,2010-03-01,359,6,1932.01,2,3,3,At risk,4
15790,United Kingdom,2011-11-29,2011-11-29,2011-11-01,11,1,218.75,4,1,1,New,3
15791,United Kingdom,2010-03-08,2011-10-27,2010-03-01,44,5,3541.79,3,3,4,Champions,1
15792,United Kingdom,2010-03-31,2010-11-05,2010-03-01,400,2,933.84,1,2,3,Lost,5
15793,United Kingdom,2009-12-01,2011-11-25,2009-12-01,15,8,2382.92,4,4,4,Champions,1
15794,United Kingdom,2009-12-02,2009-12-03,2009-12-01,737,2,777.0,1,2,2,Lost,5
15795,United Kingdom,2010-01-18,2011-07-13,2010-01-01,150,8,1979.87,2,4,3,At risk,4
15796,United Kingdom,2010-03-31,2011-12-08,2010-03-01,2,17,5066.33,4,4,4,Champions,1
15797,United Kingdom,2010-01-27,2011-08-18,2010-01-01,114,5,2806.08,2,3,4,At risk,4
15798,United Kingdom,2010-01-27,2010-08-04,2010-01-01,493,3,1535.37,1,2,3,Lost,5
15799,United Kingdom,2010-10-17,2011-09-25,2010-10-01,76,4,1421.34,3,3,3,Champions,1
15800,United Kingdom,2010-03-31,2011-08-24,2010-03-01,108,7,1227.07,2,3,3,At risk,4
15801,United Kingdom,2011-08-22,2011-10-24,2011-08-01,47,3,1042.19,3,2,3,Loyal,2
15803,United Kingdom,2010-02-01,2011-10-19,2010-02-01,52,4,1929.66,3,3,3,Champions,1
15804,United Kingdom,2011-05-25,2011-12-09,2011-05-01,1,13,3848.55,4,4,4,Champions,1
15805,United Kingdom,2009-12-10,2011-11-16,2009-12-01,24,30,9668.62,4,4,4,Champions,1
15806,United Kingdom,2011-03-08,2011-10-24,2011-03-01,47,3,784.58,3,2,2,Loyal,2
15807,United Kingdom,2010-02-11,2011-10-20,2010-02-01,51,5,1807.57,3,3,3,Champions,1
15808,United Kingdom,2009-12-01,2011-02-06,2009-12-01,307,21,17038.95,2,4,4,At risk,4
15809,United Kingdom,2010-06-22,2011-11-03,2010-06-01,37,7,862.88,3,3,3,Champions,1
15810,United Kingdom,2010-02-04,2011-09-22,2010-02-01,79,8,2724.8,3,4,4,Champions,1
15811,United Kingdom,2010-11-16,2011-11-17,2010-11-01,23,7,3345.25,4,3,4,Champions,1
15812,United Kingdom,2009-12-15,2011-08-24,2009-12-01,108,12,5186.17,2,4,4,At risk,4
15813,United Kingdom,2011-04-14,2011-05-16,2011-04-01,208,2,1303.91,2,2,3,Lost,5
15814,United Kingdom,2010-04-15,2011-11-23,2010-04-01,17,6,2531.84,4,3,4,Champions,1
15815,United Kingdom,2011-03-25,2011-10-07,2011-03-01,64,5,2100.6,3,3,3,Champions,1
15816,United Kingdom,2010-06-15,2010-06-15,2010-06-01,543,2,93.3,1,2,1,Lost,5
15817,United Kingdom,2010-06-14,2010-10-15,2010-06-01,421,3,2766.4,1,2,4,At risk,4
15818,United Kingdom,2010-04-30,2010-04-30,2010-04-01,589,1,340.5,1,1,2,Lost,5
15819,United Kingdom,2010-03-18,2011-10-21,2010-03-01,50,10,3911.28,3,4,4,Champions,1
15820,United Kingdom,2011-01-24,2011-01-24,2011-01-01,320,1,206.98,2,1,1,Lost,5
15821,United Kingdom,2011-10-09,2011-10-26,2011-10-01,45,2,570.96,3,2,2,Loyal,2
15822,United Kingdom,2009-12-06,2011-12-06,2009-12-01,4,6,1797.71,4,3,3,Champions,1
15823,United Kingdom,2009-12-08,2009-12-10,2009-12-01,730,2,3047.76,1,2,4,At risk,4
15824,United Kingdom,2010-06-25,2010-09-12,2010-06-01,454,2,890.94,1,2,3,Lost,5
15825,United Kingdom,2011-06-20,2011-06-20,2011-06-01,173,1,532.94,2,1,2,Lost,5
15826,United Kingdom,2010-05-20,2011-10-14,2010-05-01,57,4,2583.13,3,3,4,Champions,1
15827,United Kingdom,2010-01-08,2011-09-27,2010-01-01,74,28,3247.09,3,4,4,Champions,1
15828,United Kingdom,2010-11-29,2010-11-29,2010-11-01,376,1,1108.82,2,1,3,Lost,5
15829,United Kingdom,2011-07-22,2011-09-01,2011-07-01,100,2,636.14,2,2,2,Lost,5
15830,United Kingdom,2011-11-02,2011-11-02,2011-11-01,38,1,547.7,3,1,2,New,3
15831,United Kingdom,2011-01-19,2011-10-12,2011-01-01,59,3,740.64,3,2,2,Loyal,2
15832,United Kingdom,2011-03-30,2011-03-30,2011-03-01,255,1,836.79,2,1,2,Lost,5
15833,United Kingdom,2009-12-02,2009-12-02,2009-12-01,738,1,80.4,1,1,1,Lost,5
15834,United Kingdom,2010-10-11,2011-09-30,2010-10-01,71,7,3613.04,3,3,4,Champions,1
15835,United Kingdom,2011-01-13,2011-10-26,2011-01-01,45,4,954.09,3,3,3,Champions,1
15836,United Kingdom,2011-10-20,2011-10-20,2011-10-01,51,1,117.47,3,1,1,New,3
15837,United Kingdom,2010-08-11,2011-10-06,2010-08-01,65,2,777.01,3,2,2,Loyal,2
15838,United Kingdom,2009-12-15,2011-11-28,2009-12-01,12,34,72738.93,4,4,4,Champions,1
15839,United Kingdom,2011-07-14,2011-11-06,2011-07-01,34,3,1020.74,3,2,3,Loyal,2
15840,United Kingdom,2011-06-20,2011-10-12,2011-06-01,59,2,345.66,3,2,2,Loyal,2
15841,United Kingdom,2009-12-10,2011-09-28,2009-12-01,73,9,2716.5,3,4,4,Champions,1
15842,United Kingdom,2010-06-30,2010-11-11,2010-06-01,394,2,528.75,1,2,2,Lost,5
15843,United Kingdom,2011-02-09,2011-02-09,2011-02-01,304,1,118.95,2,1,1,Lost,5
15844,United Kingdom,2011-10-24,2011-10-24,2011-10-01,47,1,130.74,3,1,1,New,3
15845,United Kingdom,2010-01-26,2011-11-22,2010-01-01,18,11,4273.65,4,4,4,Champions,1
15846,United Kingdom,2010-11-19,2010-11-19,2010-11-01,386,1,107.01,1,1,1,Lost,5
15847,United Kingdom,2010-03-08,2011-11-01,2010-03-01,39,5,822.57,3,3,2,Loyal,2
15848,United Kingdom,2010-03-28,2010-03-28,2010-03-01,622,1,137.99,1,1,1,Lost,5
15850,United Kingdom,2009-12-13,2011-11-20,2009-12-01,20,6,1006.75,4,3,3,Champions,1
15851,United Kingdom,2010-07-01,2010-07-01,2010-07-01,527,1,109.73,1,1,1,Lost,5
15852,United Kingdom,2010-07-01,2011-06-06,2010-07-01,187,3,257.26,2,2,1,Lost,5
15853,United Kingdom,2011-10-19,2011-10-19,2011-10-01,52,1,110.8,3,1,1,New,3
15854,United Kingdom,2009-12-10,2011-12-05,2009-12-01,5,21,5578.28,4,4,4,Champions,1
15855,United Kingdom,2010-08-20,2011-07-26,2010-08-01,137,6,1052.72,2,3,3,At risk,4
15856,United Kingdom,2009-12-03,2011-12-05,2009-12-01,5,52,31871.79,4,4,4,Champions,1
15857,United Kingdom,2010-10-05,2011-11-21,2010-10-01,19,2,570.48,4,2,2,Loyal,2
15858,United Kingdom,2009-12-10,2011-11-24,2009-12-01,16,13,3509.91,4,4,4,Champions,1
15859,United Kingdom,2010-10-03,2010-10-03,2010-10-01,433,1,438.46,1,1,2,Lost,5
15860,United Kingdom,2009-12-06,2011-10-30,2009-12-01,41,17,2358.8,3,4,4,Champions,1
15861,United Kingdom,2010-01-28,2011-11-27,2010-01-01,13,12,4177.1,4,4,4,Champions,1
15862,United Kingdom,2009-12-17,2011-12-01,2009-12-01,9,13,2507.14,4,4,4,Champions,1
15863,United Kingdom,2009-12-17,2011-11-14,2009-12-01,26,5,355.1,3,3,2,Loyal,2
15864,United Kingdom,2010-11-23,2011-11-17,2010-11-01,23,7,2014.22,4,3,3,Champions,1
15865,United Kingdom,2010-01-05,2011-10-30,2010-01-01,41,5,2241.42,3,3,4,Champions,1
15866,United Kingdom,2011-08-30,2011-08-30,2011-08-01,102,1,211.89,2,1,1,Lost,5
15867,United Kingdom,2009-12-14,2011-12-04,2009-12-01,6,31,8780.77,4,4,4,Champions,1
15868,United Kingdom,2010-05-05,2010-05-05,2010-05-01,584,1,94.53,1,1,1,Lost,5
15869,United Kingdom,2010-03-23,2011-03-07,2010-03-01,278,3,321.11,2,2,1,Lost,5
15870,United Kingdom,2010-09-19,2011-11-07,2010-09-01,33,4,857.46,3,3,3,Champions,1
15871,United Kingdom,2010-09-28,2010-09-28,2010-09-01,438,1,33.1,1,1,1,Lost,5
15872,United Kingdom,2010-06-07,2011-11-25,2010-06-01,15,4,729.25,4,3,2,Loyal,2
15873,United Kingdom,2010-07-27,2010-07-28,2010-07-01,500,4,138.24,1,3,1,Lost,5
15874,United Kingdom,2010-01-07,2011-10-07,2010-01-01,64,21,11135.0,3,4,4,Champions,1
15875,United Kingdom,2010-03-03,2010-03-03,2010-03-01,647,1,108.52,1,1,1,Lost,5
15876,United Kingdom,2010-09-17,2010-10-26,2010-09-01,410,2,1449.14,1,2,3,Lost,5
15877,United Kingdom,2011-11-22,2011-12-08,2011-11-01,2,2,437.83,4,2,2,Loyal,2
15878,United Kingdom,2009-12-06,2010-05-27,2009-12-01,562,2,330.77,1,2,1,Lost,5
15879,United Kingdom,2009-12-17,2010-10-31,2009-12-01,405,4,1137.8,1,3,3,At risk,4
15880,United Kingdom,2010-12-05,2010-12-05,2010-12-01,370,1,299.03,2,1,1,Lost,5
15881,United Kingdom,2010-12-10,2011-01-31,2010-12-01,313,5,438.24,2,3,2,Lost,5
15882,United Kingdom,2009-12-10,2011-05-25,2009-12-01,199,8,1096.31,2,4,3,At risk,4
15883,United Kingdom,2011-11-06,2011-12-07,2011-11-01,3,2,396.48,4,2,2,Loyal,2
15884,United Kingdom,2009-12-03,2010-10-03,2009-12-01,433,2,244.6,1,2,1,Lost,5
15885,United Kingdom,2010-01-21,2011-09-07,2010-01-01,94,13,1707.57,3,4,3,Champions,1
15886,United Kingdom,2010-04-20,2011-10-10,2010-04-01,61,4,1052.87,3,3,3,Champions,1
15887,United Kingdom,2010-06-02,2010-10-29,2010-06-01,407,3,1027.15,1,2,3,Lost,5
15888,United Kingdom,2010-07-01,2011-09-20,2010-07-01,81,3,396.45,3,2,2,Loyal,2
15889,United Kingdom,2009-12-10,2011-07-06,2009-12-01,157,8,1396.6,2,4,3,At risk,4
15890,United Kingdom,2010-04-14,2010-11-10,2010-04-01,395,5,535.65,1,3,2,Lost,5
15891,United Kingdom,2011-04-27,2011-04-27,2011-04-01,227,1,509.13,2,1,2,Lost,5
15892,United Kingdom,2010-02-08,2010-02-08,2010-02-01,670,1,128.2,1,1,1,Lost,5
15893,United Kingdom,2010-08-15,2010-08-15,2010-08-01,482,1,305.28,1,1,1,Lost,5
15894,United Kingdom,2010-12-05,2011-03-31,2010-12-01,254,2,257.6,2,2,1,Lost,5
15895,United Kingdom,2011-07-13,2011-07-13,2011-07-01,150,1,179.17,2,1,1,Lost,5
15897,United Kingdom,2011-05-29,2011-05-29,2011-05-01,195,2,208.59,2,2,1,Lost,5
15898,United Kingdom,2009-12-11,2011-12-08,2009-12-01,2,25,4930.75,4,4,4,Champions,1
15899,United Kingdom,2010-12-06,2010-12-06,2010-12-01,369,1,56.25,2,1,1,Lost,5
15900,United Kingdom,2010-05-26,2011-11-16,2010-05-01,24,4,876.67,4,3,3,Champions,1
15901,United Kingdom,2010-06-14,2011-11-23,2010-06-01,17,6,667.89,4,3,2,Loyal,2
15902,United Kingdom,2010-11-24,2010-11-24,2010-11-01,381,1,145.01,1,1,1,Lost,5
15903,United Kingdom,2010-01-14,2011-11-30,2010-01-01,10,12,8859.82,4,4,4,Champions,1
15904,United Kingdom,2011-12-01,2011-12-01,2011-12-01,9,1,164.68,4,1,1,New,3
15905,United Kingdom,2010-06-14,2010-06-14,2010-06-01,544,1,114.69,1,1,1,Lost,5
15906,United Kingdom,2010-09-15,2011-11-20,2010-09-01,20,10,2442.44,4,4,4,Champions,1
15907,United Kingdom,2011-05-13,2011-12-06,2011-05-01,4,3,881.87,4,2,3,Loyal,2
15908,United Kingdom,2010-07-15,2010-08-06,2010-07-01,491,2,758.62,1,2,2,Lost,5
15909,United Kingdom,2011-06-19,2011-06-19,2011-06-01,174,1,191.94,2,1,1,Lost,5
15910,United Kingdom,2010-01-21,2011-12-09,2010-01-01,1,15,2661.17,4,4,4,Champions,1
15911,United Kingdom,2009-12-09,2010-03-26,2009-12-01,624,8,1683.79,1,4,3,At risk,4
15912,United Kingdom,2009-12-10,2011-06-14,2009-12-01,179,9,1074.7,2,4,3,At risk,4
15913,United Kingdom,2010-06-23,2010-06-23,2010-06-01,535,1,6.3,1,1,1,Lost,5
15914,United Kingdom,2010-11-26,2010-11-26,2010-11-01,379,2,205.99,1,2,1,Lost,5
15915,United Kingdom,2010-11-03,2010-11-03,2010-11-01,402,1,364.24,1,1,2,Lost,5
15916,United Kingdom,2009-12-10,2011-11-23,2009-12-01,17,13,3014.04,4,4,4,Champions,1
15917,United Kingdom,2009-12-02,2011-04-06,2009-12-01,248,5,530.17,2,3,2,Lost,5
15918,United Kingdom,2010-03-18,2011-06-02,2010-03-01,191,3,582.88,2,2,2,Lost,5
15919,United Kingdom,2010-12-06,2011-11-20,2010-12-01,20,2,525.69,4,2,2,Loyal,2
15920,United Kingdom,2009-12-14,2011-07-08,2009-12-01,155,8,565.19,2,4,2,At risk,4
15921,United Kingdom,2010-03-09,2011-06-20,2010-03-01,173,4,765.61,2,3,2,Lost,5
15922,United Kingdom,2010-12-01,2010-12-01,2010-12-01,374,1,363.6,2,1,2,Lost,5
15923,United Kingdom,2010-12-02,2010-12-02,2010-12-01,373,1,127.08,2,1,1,Lost,5
15924,United Kingdom,2009-12-08,2009-12-08,2009-12-01,732,1,102.82,1,1,1,Lost,5
15925,United Kingdom,2011-05-29,2011-05-29,2011-05-01,195,1,207.15,2,1,1,Lost,5
15926,United Kingdom,2010-06-15,2010-06-15,2010-06-01,543,1,134.44,1,1,1,Lost,5
15927,United Kingdom,2010-03-02,2010-03-02,2010-03-01,648,1,106.54,1,1,1,Lost,5
15928,United Kingdom,2010-02-21,2010-02-21,2010-02-01,657,1,293.53,1,1,1,Lost,5
15929,United Kingdom,2010-03-05,2010-03-05,2010-03-01,645,1,594.0,1,1,2,Lost,5
15930,United Kingdom,2011-10-03,2011-10-03,2011-10-01,68,1,426.63,3,1,2,New,3
15931,United Kingdom,2010-10-07,2010-10-07,2010-10-01,429,1,239.9,1,1,1,Lost,5
15932,United Kingdom,2011-02-23,2011-12-05,2011-02-01,5,8,2461.85,4,4,4,Champions,1
15933,United Kingdom,2011-09-14,2011-11-18,2011-09-01,22,3,1107.46,4,2,3,Loyal,2
15934,United Kingdom,2010-10-06,2010-10-18,2010-10-01,418,2,2190.66,1,2,4,At risk,4
15936,United Kingdom,2010-08-29,2010-11-25,2010-08-01,380,2,282.79,1,2,1,Lost,5
15937,United Kingdom,2011-10-06,2011-10-06,2011-10-01,65,1,145.35,3,1,1,New,3
15938,United Kingdom,2010-06-01,2011-08-19,2010-06-01,113,9,734.81,2,4,2,At risk,4
15939,United Kingdom,2010-11-30,2011-09-11,2010-11-01,90,15,8992.09,3,4,4,Champions,1
15940,United Kingdom,2011-02-01,2011-02-01,2011-02-01,312,1,4.0,2,1,1,Lost,5
15941,United Kingdom,2010-03-12,2010-03-12,2010-03-01,638,1,230.6,1,1,1,Lost,5
15942,United Kingdom,2011-07-29,2011-07-29,2011-07-01,134,1,337.44,2,1,2,Lost,5
15943,United Kingdom,2010-01-31,2010-02-28,2010-01-01,650,2,271.29,1,2,1,Lost,5
15944,United Kingdom,2009-12-13,2011-03-08,2009-12-01,277,4,2164.24,2,3,3,At risk,4
15945,United Kingdom,2009-12-01,2010-12-09,2009-12-01,366,4,646.27,2,3,2,Lost,5
15946,United Kingdom,2010-03-16,2010-07-25,2010-03-01,503,3,2304.18,1,2,4,At risk,4
15947,United Kingdom,2011-09-18,2011-09-18,2011-09-01,83,1,1708.24,3,1,3,New,3
15948,United Kingdom,2010-10-11,2011-12-01,2010-10-01,9,3,1509.09,4,2,3,Loyal,2
15949,United Kingdom,2011-09-29,2011-11-23,2011-09-01,17,2,364.72,4,2,2,Loyal,2
15950,United Kingdom,2010-01-26,2011-11-08,2010-01-01,32,10,6878.71,3,4,4,Champions,1
15951,United Kingdom,2010-11-23,2011-12-01,2010-11-01,9,3,974.52,4,2,3,Loyal,2
15952,United Kingdom,2011-04-28,2011-11-06,2011-04-01,34,4,781.91,3,3,2,Loyal,2
15953,United Kingdom,2009-12-03,2011-11-24,2009-12-01,16,18,3295.49,4,4,4,Champions,1
15954,United Kingdom,2010-04-29,2010-04-29,2010-04-01,590,1,187.8,1,1,1,Lost,5
15955,United Kingdom,2010-02-23,2011-11-15,2010-02-01,25,22,8050.23,4,4,4,Champions,1
15956,United Kingdom,2009-12-13,2010-06-06,2009-12-01,552,2,617.6,1,2,2,Lost,5
15957,United Kingdom,2010-10-15,2011-11-08,2010-10-01,32,3,921.25,3,2,3,Loyal,2
15958,United Kingdom,2010-06-07,2011-09-26,2010-06-01,75,4,462.12,3,3,2,Loyal,2
15959,United Kingdom,2010-01-26,2010-01-26,2010-01-01,683,3,542.89,1,2,2,Lost,5
15960,United Kingdom,2010-09-30,2010-11-30,2010-09-01,375,4,394.0,2,3,2,Lost,5
15961,United Kingdom,2010-11-25,2010-11-25,2010-11-01,380,1,451.29,1,1,2,Lost,5
15962,United Kingdom,2010-09-16,2010-09-16,2010-09-01,450,1,289.48,1,1,1,Lost,5
15963,United Kingdom,2011-10-25,2011-11-20,2011-10-01,20,2,470.76,4,2,2,Loyal,2
15964,United Kingdom,2010-02-14,2010-02-14,2010-02-01,664,1,269.21,1,1,1,Lost,5
15965,United Kingdom,2009-12-03,2011-11-22,2009-12-01,18,13,2758.19,4,4,4,Champions,1
15966,United Kingdom,2010-09-15,2010-09-15,2010-09-01,451,1,399.58,1,1,2,Lost,5
15967,United Kingdom,2009-12-01,2011-11-16,2009-12-01,24,12,2943.6,4,4,4,Champions,1
15968,United Kingdom,2010-11-16,2010-11-16,2010-11-01,389,1,401.8,1,1,2,Lost,5
15969,United Kingdom,2010-07-05,2011-12-07,2010-07-01,3,5,1043.85,4,3,3,Champions,1
15970,United Kingdom,2010-04-20,2011-02-09,2010-04-01,304,2,1017.32,2,2,3,Lost,5
15971,United Kingdom,2009-12-08,2011-11-22,2009-12-01,18,18,4925.48,4,4,4,Champions,1
15972,United Kingdom,2010-04-18,2010-09-09,2010-04-01,457,5,1769.33,1,3,3,At risk,4
15973,United Kingdom,2010-10-07,2010-12-08,2010-10-01,367,2,457.57,2,2,2,Lost,5
15974,United Kingdom,2011-02-24,2011-10-31,2011-02-01,40,7,3429.55,3,3,4,Champions,1
15975,United Kingdom,2011-09-16,2011-09-16,2011-09-01,85,1,371.01,3,1,2,New,3
15976,United Kingdom,2010-06-06,2011-06-27,2010-06-01,166,6,1680.31,2,3,3,At risk,4
15977,United Kingdom,2011-10-31,2011-11-22,2011-10-01,18,2,1054.73,4,2,3,Loyal,2
15978,United Kingdom,2010-03-05,2011-09-23,2010-03-01,78,3,3272.62,3,2,4,Champions,1
15979,United Kingdom,2010-04-16,2010-04-16,2010-04-01,603,1,329.22,1,1,1,Lost,5
15980,United Kingdom,2010-06-01,2011-09-12,2010-06-01,89,7,6496.28,3,3,4,Champions,1
15981,United Kingdom,2010-03-29,2011-11-15,2010-03-01,25,21,9284.07,4,4,4,Champions,1
15982,United Kingdom,2010-04-13,2010-04-13,2010-04-01,606,1,324.51,1,1,1,Lost,5
15983,United Kingdom,2009-12-06,2011-11-17,2009-12-01,23,8,3110.37,4,4,4,Champions,1
15984,United Kingdom,2009-12-01,2011-12-07,2009-12-01,3,30,8304.82,4,4,4,Champions,1
15985,United Kingdom,2010-05-27,2011-08-08,2010-05-01,124,7,2610.28,2,3,4,At risk,4
15986,United Kingdom,2010-11-23,2011-11-09,2010-11-01,31,2,354.42,3,2,2,Loyal,2
15987,United Kingdom,2010-11-25,2011-11-27,2010-11-01,13,8,1535.99,4,4,3,Champions,1
15988,United Kingdom,2010-02-21,2011-11-20,2010-02-01,20,3,736.39,4,2,2,Loyal,2
15989,United Kingdom,2009-12-02,2010-11-29,2009-12-01,376,2,368.31,2,2,2,Lost,5
15990,United Kingdom,2010-02-28,2011-10-26,2010-02-01,45,7,1997.75,3,3,3,Champions,1
15991,United Kingdom,2010-06-23,2010-06-23,2010-06-01,535,1,150.55,1,1,1,Lost,5
15992,United Kingdom,2010-09-12,2011-12-06,2010-09-01,4,3,896.6,4,2,3,Loyal,2
15993,United Kingdom,2011-10-26,2011-12-01,2011-10-01,9,7,2728.22,4,3,4,Champions,1
15994,United Kingdom,2010-03-14,2011-10-16,2010-03-01,55,3,1172.34,3,2,3,Loyal,2
15995,United Kingdom,2010-10-21,2010-10-21,2010-10-01,415,1,694.54,1,1,2,Lost,5
15996,United Kingdom,2010-11-07,2011-09-12,2010-11-01,89,7,1370.5,3,3,3,Champions,1
15998,United Kingdom,2009-12-01,2011-11-03,2009-12-01,37,16,8186.19,3,4,4,Champions,1
15999,United Kingdom,2009-12-04,2009-12-04,2009-12-01,736,1,20.4,1,1,1,Lost,5
16000,United Kingdom,2011-12-07,2011-12-07,2011-12-01,3,3,12393.7,4,2,4,Champions,1
16001,United Kingdom,2010-11-23,2010-11-23,2010-11-01,382,1,519.06,1,1,2,Lost,5
16002,United Kingdom,2010-03-24,2010-03-24,2010-03-01,626,1,169.21,1,1,1,Lost,5
16003,United Kingdom,2009-12-03,2011-11-10,2009-12-01,30,10,5613.83,3,4,4,Champions,1
16004,United Kingdom,2010-01-25,2010-08-22,2010-01-01,475,5,2146.39,1,3,3,At risk,4
16005,United Kingdom,2010-09-15,2011-11-27,2010-09-01,13,10,2332.62,4,4,4,Champions,1
16006,United Kingdom,2010-11-17,2011-05-12,2010-11-01,212,2,332.82,2,2,1,Lost,5
16007,United Kingdom,2010-06-14,2011-10-23,2010-06-01,48,7,3053.06,3,3,4,Champions,1
16008,United Kingdom,2010-03-19,2011-11-16,2010-03-01,24,15,5339.13,4,4,4,Champions,1
16009,United Kingdom,2011-07-03,2011-11-17,2011-07-01,23,4,972.11,4,3,3,Champions,1
16010,United Kingdom,2010-10-24,2011-04-08,2010-10-01,246,11,1692.91,2,4,3,At risk,4
16011,United Kingdom,2009-12-01,2011-12-01,2009-12-01,9,29,5585.86,4,4,4,Champions,1
16012,United Kingdom,2010-06-28,2011-11-04,2010-06-01,36,5,2978.59,3,3,4,Champions,1
16013,United Kingdom,2009-12-08,2011-12-06,2009-12-01,4,84,51615.64,4,4,4,Champions,1
16014,United Kingdom,2010-01-31,2011-11-02,2010-01-01,38,5,1091.03,3,3,3,Champions,1
16015,United Kingdom,2011-10-21,2011-12-06,2011-10-01,4,3,689.41,4,2,2,Loyal,2
16016,United Kingdom,2010-11-02,2011-12-06,2010-11-01,4,11,2053.0,4,4,3,Champions,1
16017,United Kingdom,2010-01-05,2011-10-23,2010-01-01,48,5,1545.58,3,3,3,Champions,1
16018,United Kingdom,2009-12-07,2011-10-31,2009-12-01,40,4,698.13,3,3,2,Loyal,2
16019,United Kingdom,2009-12-14,2011-10-24,2009-12-01,47,27,16503.46,3,4,4,Champions,1
16020,United Kingdom,2011-10-05,2011-11-23,2011-10-01,17,3,851.01,4,2,3,Loyal,2
16021,United Kingdom,2010-06-13,2010-11-09,2010-06-01,396,2,487.03,1,2,2,Lost,5
16022,United Kingdom,2011-03-24,2011-03-24,2011-03-01,261,1,602.63,2,1,2,Lost,5
16023,United Kingdom,2011-03-18,2011-10-24,2011-03-01,47,3,719.81,3,2,2,Loyal,2
16024,United Kingdom,2010-10-24,2011-11-27,2010-10-01,13,3,478.71,4,2,2,Loyal,2
16025,United Kingdom,2011-11-10,2011-11-10,2011-11-01,30,1,439.66,3,1,2,New,3
16026,United Kingdom,2011-10-27,2011-10-27,2011-10-01,44,1,236.09,3,1,1,New,3
16027,United Kingdom,2010-01-08,2011-09-09,2010-01-01,92,15,1882.34,3,4,3,Champions,1
16028,United Kingdom,2010-04-23,2010-04-23,2010-04-01,596,1,82.2,1,1,1,Lost,5
16029,United Kingdom,2009-12-08,2011-11-01,2009-12-01,39,106,97066.71,3,4,4,Champions,1
16030,United Kingdom,2011-02-03,2011-02-03,2011-02-01,310,1,331.24,2,1,1,Lost,5
16031,United Kingdom,2011-04-06,2011-09-08,2011-04-01,93,2,547.9,3,2,2,Loyal,2
16032,United Kingdom,2010-07-04,2010-09-09,2010-07-01,457,6,1965.72,1,3,3,At risk,4
16033,United Kingdom,2010-08-11,2011-12-04,2010-08-01,6,27,10465.07,4,4,4,Champions,1
16034,United Kingdom,2010-10-26,2011-05-27,2010-10-01,197,6,908.37,2,3,3,At risk,4
16035,United Kingdom,2010-05-28,2010-05-28,2010-05-01,561,1,217.73,1,1,1,Lost,5
16036,United Kingdom,2010-03-29,2011-09-13,2010-03-01,88,4,2556.84,3,3,4,Champions,1
16037,United Kingdom,2010-03-01,2011-03-15,2010-03-01,270,5,1489.44,2,3,3,At risk,4
16038,United Kingdom,2011-05-22,2011-12-02,2011-05-01,8,3,454.33,4,2,2,Loyal,2
16039,United Kingdom,2010-03-21,2010-10-12,2010-03-01,424,2,449.65,1,2,2,Lost,5
16040,United Kingdom,2010-04-09,2011-10-05,2010-04-01,66,7,2383.7,3,3,4,Champions,1
16041,United Kingdom,2011-07-21,2011-11-09,2011-07-01,31,3,3166.4,3,2,4,Champions,1
16042,United Kingdom,2010-09-12,2011-11-17,2010-09-01,23,8,2183.1,4,4,4,Champions,1
16043,United Kingdom,2010-08-15,2011-11-02,2010-08-01,38,8,1856.59,3,4,3,Champions,1
16044,United Kingdom,2010-09-30,2010-09-30,2010-09-01,436,1,340.84,1,1,2,Lost,5
16045,United Kingdom,2010-07-29,2011-08-12,2010-07-01,120,8,3187.03,2,4,4,At risk,4
16046,United Kingdom,2010-05-26,2010-05-26,2010-05-01,563,1,235.78,1,1,1,Lost,5
16048,United Kingdom,2010-06-08,2010-12-01,2010-06-01,374,4,800.09,2,3,2,Lost,5
16049,United Kingdom,2010-07-11,2011-10-30,2010-07-01,41,6,1852.15,3,3,3,Champions,1
16050,United Kingdom,2010-11-03,2011-06-19,2010-11-01,174,3,300.7,2,2,1,Lost,5
16051,United Kingdom,2010-01-27,2010-01-27,2010-01-01,682,1,188.44,1,1,1,Lost,5
16052,United Kingdom,2011-10-16,2011-10-16,2011-10-01,55,1,362.06,3,1,2,New,3
16053,United Kingdom,2010-04-08,2011-11-07,2010-04-01,33,6,3606.14,3,3,4,Champions,1
16054,United Kingdom,2010-04-01,2011-07-17,2010-04-01,146,4,2090.68,2,3,3,At risk,4
16055,United Kingdom,2011-05-03,2011-05-03,2011-05-01,221,1,134.8,2,1,1,Lost,5
16056,United Kingdom,2011-10-25,2011-10-25,2011-10-01,46,1,650.75,3,1,2,New,3
16057,United Kingdom,2010-01-07,2011-11-23,2010-01-01,17,10,3202.07,4,4,4,Champions,1
16058,United Kingdom,2010-10-29,2010-10-29,2010-10-01,407,1,62.7,1,1,1,Lost,5
16059,United Kingdom,2010-05-19,2011-10-05,2010-05-01,66,12,3053.57,3,4,4,Champions,1
16060,United Kingdom,2010-08-02,2010-11-04,2010-08-01,401,3,541.95,1,2,2,Lost,5
16061,United Kingdom,2010-10-04,2010-10-04,2010-10-01,432,1,44.95,1,1,1,Lost,5
16062,United Kingdom,2010-06-21,2011-11-30,2010-06-01,10,8,2863.45,4,4,4,Champions,1
16063,United Kingdom,2011-03-24,2011-03-24,2011-03-01,261,1,335.32,2,1,2,Lost,5
16064,United Kingdom,2009-12-14,2009-12-14,2009-12-01,726,1,109.31,1,1,1,Lost,5
16065,United Kingdom,2010-09-02,2010-12-09,2010-09-01,366,8,1975.13,2,4,3,At risk,4
16066,United Kingdom,2011-08-07,2011-11-23,2011-08-01,17,5,1521.04,4,3,3,Champions,1
16067,United Kingdom,2010-02-02,2010-05-26,2010-02-01,563,3,2900.01,1,2,4,At risk,4
16068,United Kingdom,2010-04-25,2010-04-25,2010-04-01,594,1,115.73,1,1,1,Lost,5
16069,United Kingdom,2010-10-18,2010-10-18,2010-10-01,418,1,457.7,1,1,2,Lost,5
16070,United Kingdom,2011-11-07,2011-11-17,2011-11-01,23,2,852.15,4,2,3,Loyal,2
16071,United Kingdom,2010-02-22,2011-10-26,2010-02-01,45,4,1076.8,3,3,3,Champions,1
16072,United Kingdom,2010-06-08,2011-02-24,2010-06-01,289,4,4180.09,2,3,4,At risk,4
16073,United Kingdom,2011-02-15,2011-02-15,2011-02-01,298,1,94.35,2,1,1,Lost,5
16074,United Kingdom,2010-11-14,2010-11-14,2010-11-01,391,1,252.5,1,1,1,Lost,5
16075,United Kingdom,2010-05-24,2010-07-25,2010-05-01,503,2,726.98,1,2,2,Lost,5
16076,United Kingdom,2011-05-15,2011-12-06,2011-05-01,4,10,2173.53,4,4,3,Champions,1
16077,United Kingdom,2010-03-24,2010-03-24,2010-03-01,626,1,600.0,1,1,2,Lost,5
16078,United Kingdom,2010-02-08,2011-03-01,2010-02-01,284,2,362.99,2,2,2,Lost,5
16079,United Kingdom,2011-10-30,2011-11-23,2011-10-01,17,3,1352.0,4,2,3,Loyal,2
16080,United Kingdom,2010-09-15,2011-09-19,2010-09-01,82,4,472.9,3,3,2,Loyal,2
16081,United Kingdom,2010-02-03,2011-10-14,2010-02-01,57,8,4278.96,3,4,4,Champions,1
16082,United Kingdom,2010-02-07,2010-02-07,2010-02-01,671,1,106.75,1,1,1,Lost,5
16083,United Kingdom,2010-11-16,2011-08-31,2010-11-01,101,4,2351.42,2,3,4,At risk,4
16084,United Kingdom,2011-02-13,2011-02-13,2011-02-01,300,1,436.18,2,1,2,Lost,5
16085,United Kingdom,2010-01-20,2011-11-16,2010-01-01,24,12,2318.91,4,4,4,Champions,1
16086,United Kingdom,2009-12-02,2011-10-11,2009-12-01,60,10,2685.65,3,4,4,Champions,1
16087,United Kingdom,2010-01-19,2010-11-15,2010-01-01,390,5,1739.92,1,3,3,At risk,4
16088,United Kingdom,2010-04-27,2010-05-13,2010-04-01,576,2,1437.43,1,2,3,Lost,5
16089,United Kingdom,2010-07-18,2010-11-18,2010-07-01,387,2,263.49,1,2,1,Lost,5
16090,United Kingdom,2010-03-25,2010-03-25,2010-03-01,625,1,180.56,1,1,1,Lost,5
16091,United Kingdom,2011-05-25,2011-07-08,2011-05-01,155,2,315.06,2,2,1,Lost,5
16092,United Kingdom,2010-05-09,2011-08-17,2010-05-01,115,6,1515.49,2,3,3,At risk,4
16093,United Kingdom,2011-08-25,2011-08-25,2011-08-01,107,1,17.0,2,1,1,Lost,5
16094,United Kingdom,2010-04-16,2011-11-28,2010-04-01,12,11,3599.16,4,4,4,Champions,1
16095,United Kingdom,2010-09-09,2010-09-09,2010-09-01,457,1,447.05,1,1,2,Lost,5
16096,United Kingdom,2010-03-04,2011-03-20,2010-03-01,265,4,1584.97,2,3,3,At risk,4
16097,United Kingdom,2011-04-13,2011-04-13,2011-04-01,241,1,185.05,2,1,1,Lost,5
16098,United Kingdom,2009-12-15,2011-09-13,2009-12-01,88,14,4010.7,3,4,4,Champions,1
16099,United Kingdom,2010-03-03,2011-10-20,2010-03-01,51,7,1568.25,3,3,3,Champions,1
16100,United Kingdom,2010-09-03,2010-09-03,2010-09-01,463,1,582.64,1,1,2,Lost,5
16101,United Kingdom,2010-05-27,2011-09-30,2010-05-01,71,4,3167.42,3,3,4,Champions,1
16102,United Kingdom,2011-08-03,2011-10-28,2011-08-01,43,3,1842.14,3,2,3,Loyal,2
16103,United Kingdom,2010-01-08,2011-12-02,2010-01-01,8,22,6002.76,4,4,4,Champions,1
16104,United Kingdom,2009-12-06,2011-10-09,2009-12-01,62,9,2511.21,3,4,4,Champions,1
16105,United Kingdom,2010-04-14,2011-04-05,2010-04-01,249,5,2386.19,2,3,4,At risk,4
16106,United Kingdom,2011-10-05,2011-10-05,2011-10-01,66,1,108.38,3,1,1,New,3
16107,United Kingdom,2011-06-09,2011-11-22,2011-06-01,18,7,3204.16,4,3,4,Champions,1
16108,United Kingdom,2010-03-18,2011-09-16,2010-03-01,85,4,2171.93,3,3,3,Champions,1
16109,United Kingdom,2010-01-10,2011-05-05,2010-01-01,219,3,923.58,2,2,3,Lost,5
16110,United Kingdom,2010-07-05,2011-10-25,2010-07-01,46,4,1781.59,3,3,3,Champions,1
16111,United Kingdom,2010-10-07,2010-10-07,2010-10-01,429,1,549.33,1,1,2,Lost,5
16112,United Kingdom,2011-01-05,2011-07-19,2011-01-01,144,4,195.74,2,3,1,Lost,5
16113,United Kingdom,2011-06-09,2011-06-09,2011-06-01,184,1,161.38,2,1,1,Lost,5
16114,United Kingdom,2011-06-22,2011-06-22,2011-06-01,171,1,135.75,2,1,1,Lost,5
16115,United Kingdom,2010-05-14,2011-11-30,2010-05-01,10,12,2553.8,4,4,4,Champions,1
16116,United Kingdom,2011-05-12,2011-05-12,2011-05-01,212,1,592.88,2,1,2,Lost,5
16117,United Kingdom,2010-04-27,2011-06-03,2010-04-01,190,3,650.05,2,2,2,Lost,5
16118,United Kingdom,2010-02-25,2010-02-25,2010-02-01,653,1,4255.43,1,1,4,Lost,5
16119,United Kingdom,2009-12-16,2011-12-01,2009-12-01,9,8,1720.81,4,4,3,Champions,1
16120,United Kingdom,2010-10-13,2011-10-11,2010-10-01,60,6,2952.51,3,3,4,Champions,1
16121,United Kingdom,2010-05-23,2011-10-13,2010-05-01,58,5,1430.14,3,3,3,Champions,1
16122,United Kingdom,2010-10-10,2011-09-27,2010-10-01,74,6,895.62,3,3,3,Champions,1
16123,United Kingdom,2011-10-19,2011-10-19,2011-10-01,52,1,307.78,3,1,1,New,3
16124,United Kingdom,2009-12-07,2011-01-26,2009-12-01,318,4,1709.39,2,3,3,At risk,4
16125,United Kingdom,2009-12-14,2010-12-07,2009-12-01,368,14,4292.35,2,4,4,At risk,4
16126,United Kingdom,2009-12-02,2011-11-10,2009-12-01,30,15,14644.6,3,4,4,Champions,1
16127,United Kingdom,2009-12-13,2011-10-31,2009-12-01,40,2,801.31,3,2,2,Loyal,2
16128,United Kingdom,2010-07-16,2011-11-22,2010-07-01,18,11,3748.4,4,4,4,Champions,1
16129,United Kingdom,2010-07-20,2010-10-28,2010-07-01,408,3,1396.05,1,2,3,Lost,5
16130,United Kingdom,2010-04-01,2010-10-13,2010-04-01,423,4,987.48,1,3,3,At risk,4
16131,United Kingdom,2009-12-02,2011-10-19,2009-12-01,52,12,9866.27,3,4,4,Champions,1
16132,United Kingdom,2010-03-22,2010-06-13,2010-03-01,545,2,664.2,1,2,2,Lost,5
16133,United Kingdom,2010-03-31,2011-12-06,2010-03-01,4,56,22228.88,4,4,4,Champions,1
16134,United Kingdom,2010-06-17,2011-11-18,2010-06-01,22,5,2119.99,4,3,3,Champions,1
16135,United Kingdom,2010-05-05,2011-03-22,2010-05-01,263,2,819.45,2,2,2,Lost,5
16136,United Kingdom,2010-02-14,2011-10-11,2010-02-01,60,4,921.08,3,3,3,Champions,1
16137,United Kingdom,2010-01-28,2010-01-28,2010-01-01,681,1,422.7,1,1,2,Lost,5
16138,United Kingdom,2010-04-28,2010-11-26,2010-04-01,379,3,902.4,1,2,3,Lost,5
16139,United Kingdom,2009-12-03,2011-11-21,2009-12-01,19,5,1111.15,4,3,3,Champions,1
16140,United Kingdom,2010-09-24,2011-10-05,2010-09-01,66,3,1416.46,3,2,3,Loyal,2
16141,United Kingdom,2010-10-18,2011-09-12,2010-10-01,89,2,955.94,3,2,3,Loyal,2
16142,United Kingdom,2011-04-04,2011-04-04,2011-04-01,250,1,535.34,2,1,2,Lost,5
16143,United Kingdom,2009-12-10,2011-12-06,2009-12-01,4,12,4511.13,4,4,4,Champions,1
16144,United Kingdom,2011-04-07,2011-04-07,2011-04-01,247,1,175.2,2,1,1,Lost,5
16145,United Kingdom,2010-05-04,2011-12-01,2010-05-01,9,19,6693.6,4,4,4,Champions,1
16146,United Kingdom,2010-09-17,2011-07-05,2010-09-01,158,4,946.38,2,3,3,At risk,4
16147,United Kingdom,2010-02-05,2011-07-29,2010-02-01,134,5,2367.02,2,3,4,At risk,4
16148,United Kingdom,2010-09-29,2011-02-16,2010-09-01,297,2,370.37,2,2,2,Lost,5
16149,United Kingdom,2010-10-06,2011-12-05,2010-10-01,5,3,422.22,4,2,2,Loyal,2
16150,United Kingdom,2009-12-17,2011-10-28,2009-12-01,43,10,3761.27,3,4,4,Champions,1
16152,United Kingdom,2011-03-16,2011-03-16,2011-03-01,269,1,1829.04,2,1,3,Lost,5
16153,United Kingdom,2010-05-26,2011-10-21,2010-05-01,50,11,5047.09,3,4,4,Champions,1
16155,United Kingdom,2010-06-18,2010-11-23,2010-06-01,382,5,781.05,1,3,2,Lost,5
16156,United Kingdom,2009-12-02,2011-12-01,2009-12-01,9,20,5931.01,4,4,4,Champions,1
16157,United Kingdom,2011-09-28,2011-11-24,2011-09-01,16,3,644.24,4,2,2,Loyal,2
16158,United Kingdom,2009-12-05,2010-07-05,2009-12-01,523,9,611.32,1,4,2,At risk,4
16159,United Kingdom,2009-12-03,2011-03-03,2009-12-01,282,4,1230.29,2,3,3,At risk,4
16160,United Kingdom,2011-09-15,2011-10-05,2011-09-01,66,2,1009.45,3,2,3,Loyal,2
16161,United Kingdom,2010-02-08,2011-12-08,2010-02-01,2,43,12279.97,4,4,4,Champions,1
16162,United Kingdom,2011-04-01,2011-04-01,2011-04-01,253,1,37.4,2,1,1,Lost,5
16163,United Kingdom,2009-12-02,2011-04-21,2009-12-01,233,6,1822.03,2,3,3,At risk,4
16164,United Kingdom,2011-10-28,2011-11-22,2011-10-01,18,3,802.53,4,2,2,Loyal,2
16165,United Kingdom,2010-07-22,2010-07-22,2010-07-01,506,1,79.9,1,1,1,Lost,5
16166,United Kingdom,2010-01-17,2010-10-07,2010-01-01,429,2,327.48,1,2,1,Lost,5
16167,United Kingdom,2009-12-01,2010-10-21,2009-12-01,415,5,1149.87,1,3,3,At risk,4
16168,United Kingdom,2009-12-03,2011-11-29,2009-12-01,11,66,10279.02,4,4,4,Champions,1
16169,United Kingdom,2011-09-25,2011-12-01,2011-09-01,9,4,1822.97,4,3,3,Champions,1
16170,United Kingdom,2010-02-18,2011-10-20,2010-02-01,51,20,6813.67,3,4,4,Champions,1
16171,United Kingdom,2011-10-11,2011-10-11,2011-10-01,60,1,73.2,3,1,1,New,3
16172,United Kingdom,2010-07-14,2011-09-05,2010-07-01,96,8,1884.55,2,4,3,At risk,4
16173,United Kingdom,2011-09-02,2011-11-24,2011-09-01,16,6,1406.57,4,3,3,Champions,1
16174,United Kingdom,2010-04-15,2011-08-05,2010-04-01,127,7,2246.75,2,3,4,At risk,4
16175,United Kingdom,2010-05-25,2011-09-06,2010-05-01,95,7,1836.44,3,3,3,Champions,1
16176,United Kingdom,2010-03-29,2010-10-14,2010-03-01,422,4,1964.04,1,3,3,At risk,4
16177,United Kingdom,2010-03-02,2011-10-20,2010-03-01,51,8,2141.61,3,4,3,Champions,1
16178,United Kingdom,2010-11-03,2011-07-24,2010-11-01,139,2,612.6,2,2,2,Lost,5
16179,United Kingdom,2011-10-10,2011-10-10,2011-10-01,61,1,215.83,3,1,1,New,3
16180,United Kingdom,2010-06-23,2011-08-31,2010-06-01,101,13,16170.27,2,4,4,At risk,4
16181,United Kingdom,2011-09-27,2011-09-27,2011-09-01,74,1,305.54,3,1,1,New,3
16182,United Kingdom,2010-03-09,2011-09-28,2010-03-01,73,9,9971.65,3,4,4,Champions,1
16183,United Kingdom,2010-10-28,2011-10-03,2010-10-01,68,4,1077.81,3,3,3,Champions,1
16184,United Kingdom,2011-05-12,2011-10-06,2011-05-01,65,6,1155.54,3,3,3,Champions,1
16185,United Kingdom,2010-05-24,2011-11-23,2010-05-01,17,3,644.72,4,2,2,Loyal,2
16186,United Kingdom,2009-12-09,2011-11-17,2009-12-01,23,26,8676.23,4,4,4,Champions,1
16187,United Kingdom,2011-02-28,2011-11-08,2011-02-01,32,15,6841.24,3,4,4,Champions,1
16188,United Kingdom,2010-10-27,2011-10-26,2010-10-01,45,5,1077.71,3,3,3,Champions,1
16189,United Kingdom,2011-09-15,2011-11-24,2011-09-01,16,2,215.48,4,2,1,Loyal,2
16190,United Kingdom,2009-12-14,2011-10-30,2009-12-01,41,8,2723.55,3,4,4,Champions,1
16191,United Kingdom,2009-12-11,2011-12-07,2009-12-01,3,24,15155.17,4,4,4,Champions,1
16192,United Kingdom,2009-12-04,2009-12-04,2009-12-01,736,1,351.3,1,1,2,Lost,5
16193,United Kingdom,2010-10-25,2011-04-17,2010-10-01,237,2,630.43,2,2,2,Lost,5
16194,United Kingdom,2010-11-29,2010-11-29,2010-11-01,376,1,308.6,2,1,1,Lost,5
16195,United Kingdom,2009-12-16,2009-12-16,2009-12-01,724,1,323.25,1,1,1,Lost,5
16196,United Kingdom,2010-08-08,2010-08-08,2010-08-01,489,1,93.3,1,1,1,Lost,5
16197,United Kingdom,2009-12-16,2010-08-27,2009-12-01,470,9,2016.71,1,4,3,At risk,4
16198,United Kingdom,2010-09-28,2011-09-25,2010-09-01,76,2,1030.04,3,2,3,Loyal,2
16199,United Kingdom,2010-03-18,2010-11-12,2010-03-01,393,7,942.75,1,3,3,At risk,4
16200,United Kingdom,2009-12-02,2011-12-05,2009-12-01,5,12,5594.6,4,4,4,Champions,1
16201,United Kingdom,2010-10-20,2011-12-06,2010-10-01,4,5,2070.17,4,3,3,Champions,1
16202,United Kingdom,2009-12-02,2010-12-14,2009-12-01,361,9,2467.04,2,4,4,At risk,4
16203,United Kingdom,2010-07-23,2011-10-12,2010-07-01,59,6,940.09,3,3,3,Champions,1
16204,United Kingdom,2009-12-08,2011-11-16,2009-12-01,24,3,913.71,4,2,3,Loyal,2
16205,United Kingdom,2010-06-15,2011-11-09,2010-06-01,31,7,1813.51,3,3,3,Champions,1
16206,United Kingdom,2010-01-24,2011-10-16,2010-01-01,55,13,2572.17,3,4,4,Champions,1
16207,United Kingdom,2011-11-14,2011-11-14,2011-11-01,26,1,394.38,3,1,2,New,3
16208,United Kingdom,2010-02-24,2011-10-26,2010-02-01,45,10,3440.45,3,4,4,Champions,1
16209,United Kingdom,2010-06-11,2011-09-12,2010-06-01,89,9,4146.78,3,4,4,Champions,1
16210,United Kingdom,2009-12-02,2011-12-08,2009-12-01,2,33,33545.52,4,4,4,Champions,1
16211,United Kingdom,2010-09-27,2011-09-12,2010-09-01,89,3,1086.34,3,2,3,Loyal,2
16212,United Kingdom,2010-02-07,2011-11-20,2010-02-01,20,4,1284.56,4,3,3,Champions,1
16213,United Kingdom,2011-09-22,2011-09-22,2011-09-01,79,1,159.0,3,1,1,New,3
16214,United Kingdom,2010-09-30,2011-06-22,2010-09-01,171,4,2038.25,2,3,3,At risk,4
16215,United Kingdom,2011-09-20,2011-09-20,2011-09-01,81,1,242.35,3,1,1,New,3
16216,United Kingdom,2011-03-17,2011-03-17,2011-03-01,268,1,914.93,2,1,3,Lost,5
16217,United Kingdom,2011-03-02,2011-04-18,2011-03-01,236,2,266.45,2,2,1,Lost,5
16218,United Kingdom,2010-05-27,2011-11-10,2010-05-01,30,13,3872.3,3,4,4,Champions,1
16219,United Kingdom,2010-07-27,2010-07-27,2010-07-01,501,1,40.8,1,1,1,Lost,5
16221,United Kingdom,2010-08-10,2011-11-03,2010-08-01,37,9,2011.97,3,4,3,Champions,1
16222,United Kingdom,2009-12-18,2011-01-25,2009-12-01,319,2,1272.05,2,2,3,Lost,5
16223,United Kingdom,2010-11-09,2010-11-30,2010-11-01,375,2,1087.05,2,2,3,Lost,5
16224,United Kingdom,2010-11-17,2011-10-13,2010-11-01,58,5,1616.54,3,3,3,Champions,1
16225,United Kingdom,2010-02-07,2011-10-26,2010-02-01,45,15,2813.81,3,4,4,Champions,1
16226,United Kingdom,2010-10-22,2011-05-20,2010-10-01,204,5,672.17,2,3,2,Lost,5
16227,United Kingdom,2010-06-22,2011-04-28,2010-06-01,226,3,948.82,2,2,3,Lost,5
16228,United Kingdom,2010-11-04,2010-11-19,2010-11-01,386,3,881.06,1,2,3,Lost,5
16229,United Kingdom,2010-05-24,2011-09-13,2010-05-01,88,6,2835.36,3,3,4,Champions,1
16230,United Kingdom,2011-05-03,2011-06-03,2011-05-01,190,2,542.03,2,2,2,Lost,5
16231,United Kingdom,2010-04-21,2010-11-25,2010-04-01,380,4,1074.47,1,3,3,At risk,4
16232,United Kingdom,2010-06-07,2011-10-27,2010-06-01,44,7,2692.02,3,3,4,Champions,1
16233,United Kingdom,2009-12-02,2011-09-29,2009-12-01,72,9,1678.26,3,4,3,Champions,1
16234,United Kingdom,2010-05-27,2010-08-20,2010-05-01,477,3,312.78,1,2,1,Lost,5
16235,United Kingdom,2010-08-26,2011-10-30,2010-08-01,41,8,1980.61,3,4,3,Champions,1
16236,United Kingdom,2011-09-22,2011-09-22,2011-09-01,79,1,432.2,3,1,2,New,3
16237,United Kingdom,2010-09-28,2010-09-28,2010-09-01,438,1,136.65,1,1,1,Lost,5
16238,United Kingdom,2010-10-13,2010-10-13,2010-10-01,423,1,63.66,1,1,1,Lost,5
16239,United Kingdom,2010-09-02,2011-10-14,2010-09-01,57,6,1450.9,3,3,3,Champions,1
16240,United Kingdom,2011-09-23,2011-11-15,2011-09-01,25,2,3693.81,4,2,4,Champions,1
16241,United Kingdom,2010-10-25,2011-11-30,2010-10-01,10,16,3989.81,4,4,4,Champions,1
16242,United Kingdom,2010-03-15,2011-12-01,2010-03-01,9,14,7370.5,4,4,4,Champions,1
16243,United Kingdom,2011-10-16,2011-11-06,2011-10-01,34,2,409.1,3,2,2,Loyal,2
16244,United Kingdom,2010-12-02,2011-05-12,2010-12-01,212,2,1522.75,2,2,3,Lost,5
16245,United Kingdom,2011-03-28,2011-11-16,2011-03-01,24,3,1352.36,4,2,3,Loyal,2
16246,United Kingdom,2010-02-08,2010-09-06,2010-02-01,460,2,821.35,1,2,2,Lost,5
16247,United Kingdom,2011-06-22,2011-06-22,2011-06-01,171,1,114.56,2,1,1,Lost,5
16248,United Kingdom,2011-10-09,2011-10-09,2011-10-01,62,1,152.94,3,1,1,New,3
16249,United Kingdom,2011-04-14,2011-10-18,2011-04-01,53,5,1800.07,3,3,3,Champions,1
16250,United Kingdom,2010-11-18,2011-03-23,2010-11-01,262,3,565.24,2,2,2,Lost,5
16251,United Kingdom,2010-07-15,2010-07-15,2010-07-01,513,1,128.31,1,1,1,Lost,5
16253,United Kingdom,2009-12-08,2011-10-04,2009-12-01,67,7,7222.2,3,3,4,Champions,1
16254,United Kingdom,2010-03-17,2010-11-26,2010-03-01,379,3,967.44,1,2,3,Lost,5
16255,United Kingdom,2010-01-24,2011-11-23,2010-01-01,17,15,4457.59,4,4,4,Champions,1
16256,United Kingdom,2010-04-21,2011-03-18,2010-04-01,267,3,1559.57,2,2,3,Lost,5
16257,United Kingdom,2011-06-16,2011-06-16,2011-06-01,177,1,21.95,2,1,1,Lost,5
16258,United Kingdom,2010-03-10,2011-10-25,2010-03-01,46,15,11833.52,3,4,4,Champions,1
16259,United Kingdom,2010-04-13,2010-10-25,2010-04-01,411,3,340.94,1,2,2,Lost,5
16260,United Kingdom,2011-10-20,2011-10-20,2011-10-01,51,1,1035.45,3,1,3,New,3
16261,United Kingdom,2010-09-23,2011-11-22,2010-09-01,18,6,1041.16,4,3,3,Champions,1
16262,United Kingdom,2010-11-26,2010-11-26,2010-11-01,379,1,677.78,1,1,2,Lost,5
16263,United Kingdom,2010-10-12,2010-10-12,2010-10-01,424,1,348.16,1,1,2,Lost,5
16264,United Kingdom,2010-09-19,2010-09-27,2010-09-01,439,2,823.53,1,2,2,Lost,5
16265,United Kingdom,2010-10-28,2011-11-30,2010-10-01,10,12,6643.62,4,4,4,Champions,1
16266,United Kingdom,2010-02-04,2011-09-27,2010-02-01,74,14,1757.95,3,4,3,Champions,1
16267,United Kingdom,2010-04-27,2010-04-27,2010-04-01,592,1,186.66,1,1,1,Lost,5
16268,United Kingdom,2011-09-29,2011-09-29,2011-09-01,72,2,617.65,3,2,2,Loyal,2
16269,United Kingdom,2010-09-28,2010-09-28,2010-09-01,438,1,714.59,1,1,2,Lost,5
16270,United Kingdom,2010-12-21,2010-12-21,2010-12-01,354,1,1141.24,2,1,3,Lost,5
16271,United Kingdom,2010-03-07,2011-11-24,2010-03-01,16,8,3361.87,4,4,4,Champions,1
16272,United Kingdom,2011-08-15,2011-08-15,2011-08-01,117,1,411.7,2,1,2,Lost,5
16273,United Kingdom,2010-02-21,2010-03-01,2010-02-01,649,2,318.34,1,2,1,Lost,5
16274,United Kingdom,2010-12-01,2010-12-01,2010-12-01,374,1,331.55,2,1,1,Lost,5
16275,United Kingdom,2010-03-08,2011-05-27,2010-03-01,197,3,2151.11,2,2,3,Lost,5
16276,United Kingdom,2010-04-11,2011-06-16,2010-04-01,177,3,2629.39,2,2,4,At risk,4
16277,United Kingdom,2009-12-06,2009-12-06,2009-12-01,734,1,188.69,1,1,1,Lost,5
16278,United Kingdom,2010-07-28,2011-08-31,2010-07-01,101,3,1056.59,2,2,3,Lost,5
16279,United Kingdom,2010-04-22,2011-11-18,2010-04-01,22,9,5685.38,4,4,4,Champions,1
16280,United Kingdom,2009-12-14,2009-12-14,2009-12-01,726,1,238.05,1,1,1,Lost,5
16281,United Kingdom,2010-01-26,2011-09-28,2010-01-01,73,3,3416.52,3,2,4,Champions,1
16282,United Kingdom,2009-12-21,2011-01-04,2009-12-01,340,3,1307.58,2,2,3,Lost,5
16283,United Kingdom,2010-02-28,2011-12-04,2010-02-01,6,8,4256.17,4,4,4,Champions,1
16284,United Kingdom,2010-11-11,2011-11-08,2010-11-01,32,3,1018.48,3,2,3,Loyal,2
16285,United Kingdom,2010-03-03,2010-03-03,2010-03-01,647,1,176.9,1,1,1,Lost,5
16286,United Kingdom,2010-03-26,2010-08-19,2010-03-01,478,2,263.65,1,2,1,Lost,5
16287,United Kingdom,2010-01-19,2011-06-23,2010-01-01,170,5,1006.98,2,3,3,At risk,4
16288,United Kingdom,2010-08-26,2010-08-26,2010-08-01,471,1,129.85,1,1,1,Lost,5
16289,United Kingdom,2010-09-03,2010-09-03,2010-09-01,463,1,98.81,1,1,1,Lost,5
16290,United Kingdom,2010-05-23,2010-09-01,2010-05-01,465,4,1957.7,1,3,3,At risk,4
16292,United Kingdom,2010-04-14,2011-08-10,2010-04-01,122,5,1171.46,2,3,3,At risk,4
16293,United Kingdom,2009-12-11,2011-11-18,2009-12-01,22,15,4253.45,4,4,4,Champions,1
16294,United Kingdom,2010-08-20,2010-08-20,2010-08-01,477,1,126.05,1,1,1,Lost,5
16295,United Kingdom,2011-10-06,2011-11-30,2011-10-01,10,4,1328.55,4,3,3,Champions,1
16296,United Kingdom,2009-12-18,2010-03-23,2009-12-01,627,4,1245.97,1,3,3,At risk,4
16297,United Kingdom,2011-03-16,2011-03-16,2011-03-01,269,1,278.55,2,1,1,Lost,5
16298,United Kingdom,2010-09-23,2011-11-17,2010-09-01,23,7,1080.0,4,3,3,Champions,1
16299,United Kingdom,2010-08-19,2010-08-19,2010-08-01,478,1,178.65,1,1,1,Lost,5
16300,United Kingdom,2010-02-02,2010-10-05,2010-02-01,431,3,1367.32,1,2,3,Lost,5
16301,United Kingdom,2009-12-03,2009-12-03,2009-12-01,737,1,107.33,1,1,1,Lost,5
16302,United Kingdom,2011-08-05,2011-08-05,2011-08-01,127,1,212.82,2,1,1,Lost,5
16303,United Kingdom,2010-03-18,2011-11-14,2010-03-01,26,7,7823.72,3,3,4,Champions,1
16304,United Kingdom,2010-01-14,2010-01-14,2010-01-01,695,1,381.66,1,1,2,Lost,5
16305,United Kingdom,2011-07-24,2011-07-24,2011-07-01,139,1,361.22,2,1,2,Lost,5
16306,United Kingdom,2010-10-01,2011-05-10,2010-10-01,214,7,1094.72,2,3,3,At risk,4
16307,United Kingdom,2010-05-11,2010-10-06,2010-05-01,430,3,1194.92,1,2,3,Lost,5
16308,United Kingdom,2009-12-15,2011-11-02,2009-12-01,38,7,5120.0,3,3,4,Champions,1
16309,United Kingdom,2011-04-13,2011-08-25,2011-04-01,107,2,686.67,2,2,2,Lost,5
16310,United Kingdom,2010-03-07,2010-10-21,2010-03-01,415,2,460.08,1,2,2,Lost,5
16311,United Kingdom,2011-10-21,2011-11-22,2011-10-01,18,2,616.26,4,2,2,Loyal,2
16312,United Kingdom,2010-10-03,2010-10-03,2010-10-01,433,1,171.15,1,1,1,Lost,5
16313,United Kingdom,2011-10-21,2011-12-06,2011-10-01,4,2,274.15,4,2,1,Loyal,2
16314,United Kingdom,2010-08-24,2010-11-15,2010-08-01,390,3,1491.4,1,2,3,Lost,5
16315,United Kingdom,2010-06-21,2011-01-13,2010-06-01,331,2,402.71,2,2,2,Lost,5
16316,United Kingdom,2010-08-03,2011-10-06,2010-08-01,65,13,5533.31,3,4,4,Champions,1
16317,United Kingdom,2010-05-04,2011-08-12,2010-05-01,120,5,2179.76,2,3,3,At risk,4
16318,United Kingdom,2011-11-04,2011-11-04,2011-11-01,36,1,328.15,3,1,1,New,3
16319,United Kingdom,2011-05-06,2011-05-06,2011-05-01,218,1,404.4,2,1,2,Lost,5
16320,Unspecified,2010-01-27,2011-06-20,2010-01-01,173,6,5618.79,2,3,4,At risk,4
16321,Australia,2009-12-01,2011-09-28,2009-12-01,73,7,265.5,3,3,1,Loyal,2
16322,United Kingdom,2011-11-03,2011-12-08,2011-11-01,2,2,326.75,4,2,1,Loyal,2
16323,United Kingdom,2010-05-11,2011-05-27,2010-05-01,197,2,353.66,2,2,2,Lost,5
16324,United Kingdom,2011-06-15,2011-08-03,2011-06-01,129,3,408.59,2,2,2,Lost,5
16325,United Kingdom,2009-12-04,2011-10-24,2009-12-01,47,12,3470.9,3,4,4,Champions,1
16326,United Kingdom,2010-01-28,2011-12-04,2010-01-01,6,24,4601.25,4,4,4,Champions,1
16327,United Kingdom,2009-12-14,2011-11-25,2009-12-01,15,16,10103.22,4,4,4,Champions,1
16328,United Kingdom,2010-05-25,2010-05-25,2010-05-01,564,1,310.83,1,1,1,Lost,5
16329,United Kingdom,2009-12-01,2010-10-08,2009-12-01,428,4,1664.92,1,3,3,At risk,4
16330,United Kingdom,2010-02-15,2011-11-22,2010-02-01,18,7,615.68,4,3,2,Loyal,2
16331,United Kingdom,2010-03-07,2010-10-03,2010-03-01,433,6,2037.7,1,3,3,At risk,4
16332,United Kingdom,2010-04-29,2011-11-11,2010-04-01,29,11,1977.05,3,4,3,Champions,1
16333,United Kingdom,2011-02-03,2011-12-02,2011-02-01,8,22,26626.8,4,4,4,Champions,1
16334,United Kingdom,2010-08-04,2010-08-04,2010-08-01,493,1,263.73,1,1,1,Lost,5
16335,United Kingdom,2009-12-04,2010-06-06,2009-12-01,552,7,2726.52,1,3,4,At risk,4
16336,United Kingdom,2010-03-18,2010-10-15,2010-03-01,421,4,3517.69,1,3,4,At risk,4
16337,United Kingdom,2011-11-03,2011-11-03,2011-11-01,37,1,151.05,3,1,1,New,3
16338,United Kingdom,2011-07-05,2011-07-05,2011-07-01,158,1,214.8,2,1,1,Lost,5
16339,United Kingdom,2011-02-28,2011-02-28,2011-02-01,285,1,94.05,2,1,1,Lost,5
16340,United Kingdom,2010-06-06,2011-08-24,2010-06-01,108,3,1496.24,2,2,3,Lost,5
16341,United Kingdom,2010-04-09,2011-11-15,2010-04-01,25,7,3832.29,4,3,4,Champions,1
16342,United Kingdom,2011-06-13,2011-09-25,2011-06-01,76,4,322.41,3,3,1,Loyal,2
16343,United Kingdom,2010-10-28,2011-11-23,2010-10-01,17,3,614.12,4,2,2,Loyal,2
16344,United Kingdom,2010-02-09,2011-07-04,2010-02-01,159,4,842.42,2,3,2,Lost,5
16345,United Kingdom,2010-08-13,2011-10-26,2010-08-01,45,2,1178.79,3,2,3,Loyal,2
16346,United Kingdom,2010-11-19,2010-11-19,2010-11-01,386,1,224.51,1,1,1,Lost,5
16347,United Kingdom,2010-03-12,2011-11-28,2010-03-01,12,11,3415.56,4,4,4,Champions,1
16348,United Kingdom,2010-10-05,2011-11-07,2010-10-01,33,8,1742.08,3,4,3,Champions,1
16349,United Kingdom,2011-02-22,2011-02-22,2011-02-01,291,1,53.5,2,1,1,Lost,5
16350,United Kingdom,2010-10-07,2011-11-18,2010-10-01,22,9,2222.49,4,4,4,Champions,1
16351,United Kingdom,2009-12-04,2011-01-11,2009-12-01,333,13,3279.13,2,4,4,At risk,4
16352,United Kingdom,2011-11-02,2011-11-22,2011-11-01,18,2,494.44,4,2,2,Loyal,2
16353,United Kingdom,2009-12-07,2011-12-06,2009-12-01,4,38,9781.93,4,4,4,Champions,1
16354,United Kingdom,2010-04-27,2011-10-07,2010-04-01,64,5,1119.46,3,3,3,Champions,1
16355,United Kingdom,2010-11-29,2010-11-29,2010-11-01,376,1,349.2,2,1,2,Lost,5
16356,United Kingdom,2010-06-06,2011-05-26,2010-06-01,198,6,414.42,2,3,2,Lost,5
16357,United Kingdom,2010-11-23,2011-11-06,2010-11-01,34,4,868.37,3,3,3,Champions,1
16358,United Kingdom,2010-11-10,2011-12-08,2010-11-01,2,5,2917.1,4,3,4,Champions,1
16359,United Kingdom,2010-02-16,2011-12-02,2010-02-01,8,16,2379.4,4,4,4,Champions,1
16360,United Kingdom,2011-09-12,2011-12-05,2011-09-01,5,6,3349.57,4,3,4,Champions,1
16361,United Kingdom,2011-09-29,2011-11-30,2011-09-01,10,4,891.21,4,3,3,Champions,1
16362,United Kingdom,2010-09-28,2011-11-07,2010-09-01,33,6,816.96,3,3,2,Loyal,2
16363,United Kingdom,2011-10-17,2011-10-17,2011-10-01,54,1,109.36,3,1,1,New,3
16364,United Kingdom,2011-07-25,2011-11-28,2011-07-01,12,2,705.79,4,2,2,Loyal,2
16365,United Kingdom,2009-12-11,2011-11-22,2009-12-01,18,15,3156.94,4,4,4,Champions,1
16366,United Kingdom,2009-12-16,2011-11-21,2009-12-01,19,4,1548.13,4,3,3,Champions,1
16367,United Kingdom,2010-11-21,2011-11-02,2010-11-01,38,3,1350.48,3,2,3,Loyal,2
16368,United Kingdom,2010-09-30,2011-12-07,2010-09-01,3,3,621.44,4,2,2,Loyal,2
16369,United Kingdom,2010-04-07,2011-11-21,2010-04-01,19,7,2654.48,4,3,4,Champions,1
16370,United Kingdom,2011-04-28,2011-09-18,2011-04-01,83,4,1301.91,3,3,3,Champions,1
16371,United Kingdom,2010-09-17,2010-09-17,2010-09-01,449,1,157.2,1,1,1,Lost,5
16372,United Kingdom,2010-04-11,2011-11-06,2010-04-01,34,5,1260.31,3,3,3,Champions,1
16373,United Kingdom,2010-10-24,2010-11-22,2010-10-01,383,2,309.49,1,2,1,Lost,5
16374,United Kingdom,2010-04-30,2011-10-04,2010-04-01,67,5,1709.55,3,3,3,Champions,1
16375,United Kingdom,2010-08-26,2010-08-26,2010-08-01,471,2,104.0,1,2,1,Lost,5
16376,United Kingdom,2011-11-22,2011-12-01,2011-11-01,9,2,965.47,4,2,3,Loyal,2
16377,United Kingdom,2010-04-01,2011-03-17,2010-04-01,268,2,1308.48,2,2,3,Lost,5
16378,United Kingdom,2011-02-02,2011-04-06,2011-02-01,248,3,362.95,2,2,2,Lost,5
16379,United Kingdom,2011-09-22,2011-12-05,2011-09-01,5,4,2131.9,4,3,3,Champions,1
16380,United Kingdom,2011-10-09,2011-10-09,2011-10-01,62,1,1743.15,3,1,3,New,3
16381,United Kingdom,2010-10-17,2010-11-09,2010-10-01,396,2,247.85,1,2,1,Lost,5
16382,United Kingdom,2010-06-07,2010-10-27,2010-06-01,409,2,353.1,1,2,2,Lost,5
16383,United Kingdom,2010-02-04,2011-09-26,2010-02-01,75,7,2828.94,3,3,4,Champions,1
16384,United Kingdom,2010-04-28,2011-09-11,2010-04-01,90,4,1358.95,3,3,3,Champions,1
16385,United Kingdom,2010-03-18,2011-10-10,2010-03-01,61,5,881.35,3,3,3,Champions,1
16386,United Kingdom,2010-11-17,2011-11-11,2010-11-01,29,3,1068.16,3,2,3,Loyal,2
16387,United Kingdom,2010-03-11,2011-01-21,2010-03-01,323,5,882.46,2,3,3,At risk,4
16388,United Kingdom,2010-02-24,2010-02-24,2010-02-01,654,1,186.05,1,1,1,Lost,5
16389,United Kingdom,2011-03-01,2011-10-17,2011-03-01,54,4,1362.27,3,3,3,Champions,1
16390,United Kingdom,2010-01-29,2010-06-21,2010-01-01,537,3,467.5,1,2,2,Lost,5
16391,United Kingdom,2010-05-27,2010-11-04,2010-05-01,401,4,1048.86,1,3,3,At risk,4
16392,United Kingdom,2010-05-27,2011-03-15,2010-05-01,270,3,755.45,2,2,2,Lost,5
16393,United Kingdom,2009-12-01,2011-12-07,2009-12-01,3,23,5192.61,4,4,4,Champions,1
16394,United Kingdom,2011-02-23,2011-10-14,2011-02-01,57,5,1412.06,3,3,3,Champions,1
16395,United Kingdom,2009-12-06,2011-10-10,2009-12-01,61,14,3438.66,3,4,4,Champions,1
16396,United Kingdom,2010-08-20,2010-08-20,2010-08-01,477,1,102.7,1,1,1,Lost,5
16397,United Kingdom,2010-03-21,2010-03-21,2010-03-01,629,1,123.13,1,1,1,Lost,5
16398,United Kingdom,2011-03-31,2011-07-08,2011-03-01,155,2,1631.15,2,2,3,Lost,5
16399,United Kingdom,2010-11-15,2011-11-20,2010-11-01,20,3,628.42,4,2,2,Loyal,2
16400,United Kingdom,2009-12-08,2011-09-06,2009-12-01,95,9,3059.85,3,4,4,Champions,1
16401,United Kingdom,2010-06-02,2011-12-08,2010-06-01,2,23,6629.24,4,4,4,Champions,1
16402,United Kingdom,2010-12-05,2011-03-20,2010-12-01,265,2,293.45,2,2,1,Lost,5
16403,United Kingdom,2011-01-31,2011-01-31,2011-01-01,313,1,161.05,2,1,1,Lost,5
16404,United Kingdom,2011-09-30,2011-09-30,2011-09-01,71,1,430.3,3,1,2,New,3
16405,United Kingdom,2011-02-02,2011-02-10,2011-02-01,303,2,167.25,2,2,1,Lost,5
16406,United Kingdom,2010-02-24,2011-11-21,2010-02-01,19,3,509.66,4,2,2,Loyal,2
16407,United Kingdom,2010-10-03,2011-11-27,2010-10-01,13,14,2761.65,4,4,4,Champions,1
16408,United Kingdom,2010-04-27,2010-04-27,2010-04-01,592,1,231.93,1,1,1,Lost,5
16409,United Kingdom,2009-12-13,2011-11-03,2009-12-01,37,12,5652.74,3,4,4,Champions,1
16410,United Kingdom,2009-12-05,2009-12-05,2009-12-01,735,1,130.32,1,1,1,Lost,5
16411,United Kingdom,2010-10-07,2011-11-20,2010-10-01,20,4,756.39,4,3,2,Loyal,2
16412,United Kingdom,2010-02-04,2011-10-17,2010-02-01,54,5,593.19,3,3,2,Loyal,2
16413,United Kingdom,2010-11-29,2011-10-14,2010-11-01,57,2,522.03,3,2,2,Loyal,2
16414,United Kingdom,2010-01-14,2011-11-18,2010-01-01,22,5,551.21,4,3,2,Loyal,2
16415,United Kingdom,2010-02-01,2011-10-26,2010-02-01,45,3,696.76,3,2,2,Loyal,2
16416,United Kingdom,2010-02-23,2011-11-13,2010-02-01,27,9,2937.88,3,4,4,Champions,1
16417,United Kingdom,2010-08-04,2010-08-04,2010-08-01,493,1,35.7,1,1,1,Lost,5
16418,United Kingdom,2010-10-13,2011-10-26,2010-10-01,45,5,1028.74,3,3,3,Champions,1
16419,United Kingdom,2010-02-09,2011-08-19,2010-02-01,113,8,1450.95,2,4,3,At risk,4
16420,United Kingdom,2010-11-08,2010-11-08,2010-11-01,397,1,75.0,1,1,1,Lost,5
16421,United Kingdom,2010-08-27,2010-11-28,2010-08-01,377,3,526.27,2,2,2,Lost,5
16422,United Kingdom,2010-01-12,2011-11-22,2010-01-01,18,107,59939.52,4,4,4,Champions,1
16423,United Kingdom,2011-11-15,2011-11-15,2011-11-01,25,1,346.12,4,1,2,New,3
16424,United Kingdom,2010-11-22,2011-06-01,2010-11-01,192,2,392.06,2,2,2,Lost,5
16425,United Kingdom,2011-02-10,2011-02-10,2011-02-01,303,1,302.7,2,1,1,Lost,5
16426,United Kingdom,2011-03-08,2011-12-07,2011-03-01,3,10,1863.76,4,4,3,Champions,1
16427,United Kingdom,2011-02-28,2011-03-21,2011-02-01,264,2,241.06,2,2,1,Lost,5
16428,United Kingdom,2010-07-30,2010-10-22,2010-07-01,414,3,635.54,1,2,2,Lost,5
16429,United Kingdom,2011-08-25,2011-08-25,2011-08-01,107,1,284.55,2,1,1,Lost,5
16430,United Kingdom,2010-01-27,2011-10-13,2010-01-01,58,6,1102.94,3,3,3,Champions,1
16431,United Kingdom,2011-02-15,2011-05-10,2011-02-01,214,3,623.28,2,2,2,Lost,5
16432,United Kingdom,2011-10-06,2011-10-06,2011-10-01,65,1,287.4,3,1,1,New,3
16433,United Kingdom,2010-10-27,2011-11-11,2010-10-01,29,2,384.52,3,2,2,Loyal,2
16434,United Kingdom,2010-01-17,2011-11-10,2010-01-01,30,12,2658.99,3,4,4,Champions,1
16435,United Kingdom,2010-07-13,2010-07-15,2010-07-01,513,3,1003.07,1,2,3,Lost,5
16436,United Kingdom,2009-12-06,2010-02-09,2009-12-01,669,3,231.84,1,2,1,Lost,5
16437,United Kingdom,2010-10-06,2010-11-23,2010-10-01,382,2,301.25,1,2,1,Lost,5
16438,United Kingdom,2011-09-18,2011-12-04,2011-09-01,6,5,798.35,4,3,2,Loyal,2
16439,United Kingdom,2009-12-17,2009-12-17,2009-12-01,723,1,310.7,1,1,1,Lost,5
16440,United Kingdom,2010-08-03,2011-12-02,2010-08-01,8,6,3856.97,4,3,4,Champions,1
16441,United Kingdom,2010-03-22,2011-10-03,2010-03-01,68,5,1002.23,3,3,3,Champions,1
16442,United Kingdom,2009-12-13,2011-12-08,2009-12-01,2,5,891.98,4,3,3,Champions,1
16443,United Kingdom,2010-07-07,2010-07-07,2010-07-01,521,1,162.24,1,1,1,Lost,5
16444,United Kingdom,2010-03-24,2011-10-24,2010-03-01,47,17,3558.63,3,4,4,Champions,1
16445,United Kingdom,2010-10-24,2011-11-06,2010-10-01,34,4,583.16,3,3,2,Loyal,2
16446,United Kingdom,2011-05-18,2011-12-09,2011-05-01,1,2,2.9,4,2,1,Loyal,2
16447,United Kingdom,2010-02-17,2011-07-27,2010-02-01,136,3,727.1,2,2,2,Lost,5
16448,United Kingdom,2010-08-25,2011-05-25,2010-08-01,199,2,361.12,2,2,2,Lost,5
16449,United Kingdom,2011-03-04,2011-05-26,2011-03-01,198,2,674.69,2,2,2,Lost,5
16450,United Kingdom,2010-02-21,2011-07-13,2010-02-01,150,3,1475.73,2,2,3,Lost,5
16451,United Kingdom,2009-12-04,2011-09-13,2009-12-01,88,3,1009.4,3,2,3,Loyal,2
16452,United Kingdom,2010-01-15,2010-03-19,2010-01-01,631,2,332.17,1,2,1,Lost,5
16453,United Kingdom,2010-06-09,2010-06-27,2010-06-01,531,2,251.71,1,2,1,Lost,5
16454,United Kingdom,2010-04-07,2011-10-06,2010-04-01,65,2,7.45,3,2,1,Loyal,2
16455,United Kingdom,2010-03-30,2011-10-07,2010-03-01,64,11,3917.92,3,4,4,Champions,1
16456,United Kingdom,2010-03-29,2011-09-01,2010-03-01,100,13,6000.94,2,4,4,At risk,4
16457,United Kingdom,2011-05-05,2011-05-05,2011-05-01,219,1,208.36,2,1,1,Lost,5
16458,United Kingdom,2010-05-26,2011-12-07,2010-05-01,3,30,5690.89,4,4,4,Champions,1
16459,United Kingdom,2009-12-10,2009-12-10,2009-12-01,730,1,71.79,1,1,1,Lost,5
16460,United Kingdom,2011-09-19,2011-11-11,2011-09-01,29,3,811.23,3,2,2,Loyal,2
16461,United Kingdom,2010-03-03,2011-06-15,2010-03-01,178,3,1539.83,2,2,3,Lost,5
16462,United Kingdom,2011-03-01,2011-09-27,2011-03-01,74,3,102.0,3,2,1,Loyal,2
16463,United Kingdom,2011-05-19,2011-11-18,2011-05-01,22,4,1383.7,4,3,3,Champions,1
16464,United Kingdom,2011-07-20,2011-11-20,2011-07-01,20,3,1298.66,4,2,3,Loyal,2
16465,United Kingdom,2010-09-21,2010-10-15,2010-09-01,421,2,726.34,1,2,2,Lost,5
16466,United Kingdom,2010-03-07,2011-11-06,2010-03-01,34,15,3642.09,3,4,4,Champions,1
16467,United Kingdom,2009-12-02,2010-07-19,2009-12-01,509,7,2862.4,1,3,4,At risk,4
16468,United Kingdom,2010-08-15,2011-09-26,2010-08-01,75,3,787.52,3,2,2,Loyal,2
16469,United Kingdom,2010-07-13,2011-11-16,2010-07-01,24,5,803.9,4,3,2,Loyal,2
16470,United Kingdom,2009-12-11,2011-10-19,2009-12-01,52,11,2411.9,3,4,4,Champions,1
16471,United Kingdom,2010-02-25,2011-03-10,2010-02-01,275,4,1186.18,2,3,3,At risk,4
16472,United Kingdom,2010-04-21,2010-10-01,2010-04-01,435,2,789.6,1,2,2,Lost,5
16473,United Kingdom,2010-11-30,2011-06-28,2010-11-01,165,4,469.58,2,3,2,Lost,5
16474,United Kingdom,2011-07-17,2011-12-02,2011-07-01,8,7,1750.46,4,3,3,Champions,1
16475,United Kingdom,2011-03-11,2011-09-12,2011-03-01,89,4,544.3,3,3,2,Loyal,2
16476,United Kingdom,2010-10-04,2010-10-04,2010-10-01,432,1,337.0,1,1,2,Lost,5
16477,United Kingdom,2010-08-12,2011-10-07,2010-08-01,64,11,4094.37,3,4,4,Champions,1
16478,United Kingdom,2011-10-05,2011-11-14,2011-10-01,26,3,331.0,3,2,1,Loyal,2
16479,United Kingdom,2011-11-29,2011-11-29,2011-11-01,11,2,300.83,4,2,1,Loyal,2
16480,United Kingdom,2011-09-25,2011-09-25,2011-09-01,76,1,769.29,3,1,2,New,3
16481,United Kingdom,2010-01-26,2010-01-26,2010-01-01,683,1,430.93,1,1,2,Lost,5
16482,United Kingdom,2011-11-24,2011-11-24,2011-11-01,16,1,220.62,4,1,1,New,3
16483,United Kingdom,2011-05-31,2011-05-31,2011-05-01,193,1,139.35,2,1,1,Lost,5
16484,United Kingdom,2011-06-02,2011-06-19,2011-06-01,174,2,379.4,2,2,2,Lost,5
16485,United Kingdom,2009-12-06,2011-09-23,2009-12-01,78,5,2130.19,3,3,3,Champions,1
16486,United Kingdom,2010-06-20,2010-06-20,2010-06-01,538,1,134.36,1,1,1,Lost,5
16487,United Kingdom,2010-02-18,2010-05-11,2010-02-01,578,2,209.4,1,2,1,Lost,5
16488,United Kingdom,2011-07-14,2011-11-06,2011-07-01,34,3,492.2,3,2,2,Loyal,2
16489,United Kingdom,2010-09-29,2010-11-24,2010-09-01,381,2,303.7,1,2,1,Lost,5
16490,United Kingdom,2010-09-29,2010-09-29,2010-09-01,437,1,179.16,1,1,1,Lost,5
16491,United Kingdom,2010-10-22,2011-10-24,2010-10-01,47,2,1524.31,3,2,3,Loyal,2
16492,United Kingdom,2010-06-17,2010-06-17,2010-06-01,541,1,385.56,1,1,2,Lost,5
16493,United Kingdom,2010-03-26,2011-09-21,2010-03-01,80,7,2110.12,3,3,3,Champions,1
16494,United Kingdom,2011-02-16,2011-02-16,2011-02-01,297,1,826.53,2,1,2,Lost,5
16495,United Kingdom,2011-03-08,2011-12-06,2011-03-01,4,3,648.26,4,2,2,Loyal,2
16496,United Kingdom,2010-07-18,2011-12-01,2010-07-01,9,6,2293.47,4,3,4,Champions,1
16497,United Kingdom,2009-12-03,2011-10-21,2009-12-01,50,23,6695.28,3,4,4,Champions,1
16498,United Kingdom,2011-06-30,2011-07-01,2011-06-01,162,2,86.12,2,2,1,Lost,5
16499,United Kingdom,2010-06-11,2010-12-14,2010-06-01,361,8,2509.64,2,4,4,At risk,4
16500,United Kingdom,2010-06-14,2011-12-05,2010-06-01,5,9,835.96,4,4,2,Champions,1
16501,United Kingdom,2010-11-21,2010-11-21,2010-11-01,384,1,1191.23,1,1,3,Lost,5
16502,United Kingdom,2010-03-29,2010-03-29,2010-03-01,621,2,258.55,1,2,1,Lost,5
16503,United Kingdom,2010-06-21,2011-08-25,2010-06-01,107,11,3597.89,2,4,4,At risk,4
16504,United Kingdom,2011-11-14,2011-11-14,2011-11-01,26,1,465.88,3,1,2,New,3
16505,United Kingdom,2011-11-08,2011-11-08,2011-11-01,32,1,777.6,3,1,2,New,3
16506,United Kingdom,2011-10-30,2011-11-20,2011-10-01,20,2,90.3,4,2,1,Loyal,2
16507,United Kingdom,2010-05-16,2010-05-16,2010-05-01,573,1,142.71,1,1,1,Lost,5
16508,United Kingdom,2010-03-19,2010-03-19,2010-03-01,631,1,240.95,1,1,1,Lost,5
16509,United Kingdom,2011-02-16,2011-02-16,2011-02-01,297,1,363.7,2,1,2,Lost,5
16510,United Kingdom,2010-01-17,2010-12-02,2010-01-01,373,6,1757.25,2,3,3,At risk,4
16511,United Kingdom,2010-03-01,2011-11-18,2010-03-01,22,6,1758.49,4,3,3,Champions,1
16513,United Kingdom,2011-10-27,2011-12-05,2011-10-01,5,4,874.59,4,3,3,Champions,1
16515,United Kingdom,2010-06-17,2011-10-18,2010-06-01,53,10,3179.06,3,4,4,Champions,1
16516,United Kingdom,2011-11-09,2011-11-09,2011-11-01,31,1,101.7,3,1,1,New,3
16517,United Kingdom,2011-03-07,2011-03-07,2011-03-01,278,1,162.7,2,1,1,Lost,5
16518,United Kingdom,2010-06-01,2011-10-09,2010-06-01,62,4,938.27,3,3,3,Champions,1
16519,United Kingdom,2010-03-01,2011-11-14,2010-03-01,26,4,436.96,3,3,2,Loyal,2
16520,United Kingdom,2010-03-02,2011-06-06,2010-03-01,187,6,2131.68,2,3,3,At risk,4
16521,United Kingdom,2010-03-01,2010-10-20,2010-03-01,416,3,1136.36,1,2,3,Lost,5
16522,United Kingdom,2010-09-15,2010-09-30,2010-09-01,436,2,433.36,1,2,2,Lost,5
16523,United Kingdom,2010-01-24,2011-12-08,2010-01-01,2,28,11760.54,4,4,4,Champions,1
16524,United Kingdom,2010-01-17,2010-09-19,2010-01-01,447,2,306.19,1,2,1,Lost,5
16525,United Kingdom,2009-12-02,2011-12-07,2009-12-01,3,48,22919.4,4,4,4,Champions,1
16526,United Kingdom,2010-05-04,2011-06-21,2010-05-01,172,2,717.21,2,2,2,Lost,5
16527,United Kingdom,2010-10-11,2011-09-19,2010-10-01,82,2,1232.94,3,2,3,Loyal,2
16528,United Kingdom,2011-12-06,2011-12-06,2011-12-01,4,1,244.41,4,1,1,New,3
16529,United Kingdom,2010-06-27,2011-06-02,2010-06-01,191,4,1986.8,2,3,3,At risk,4
16530,United Kingdom,2010-02-09,2010-02-09,2010-02-01,669,1,48.35,1,1,1,Lost,5
16531,United Kingdom,2010-09-24,2011-11-17,2010-09-01,23,11,2263.58,4,4,4,Champions,1
16532,United Kingdom,2010-03-29,2011-11-22,2010-03-01,18,5,8756.64,4,3,4,Champions,1
16533,United Kingdom,2011-10-02,2011-11-20,2011-10-01,20,3,1014.19,4,2,3,Loyal,2
16534,United Kingdom,2010-03-07,2010-03-07,2010-03-01,643,1,635.9,1,1,2,Lost,5
16535,United Kingdom,2010-11-19,2011-12-04,2010-11-01,6,2,952.04,4,2,3,Loyal,2
16536,United Kingdom,2011-08-21,2011-08-21,2011-08-01,111,1,538.17,2,1,2,Lost,5
16537,United Kingdom,2010-03-08,2010-03-08,2010-03-01,642,1,10.55,1,1,1,Lost,5
16538,United Kingdom,2010-04-23,2010-06-16,2010-04-01,542,3,395.07,1,2,2,Lost,5
16539,United Kingdom,2010-06-25,2011-12-07,2010-06-01,3,10,3289.66,4,4,4,Champions,1
16540,United Kingdom,2010-10-21,2010-10-21,2010-10-01,415,1,205.75,1,1,1,Lost,5
16541,United Kingdom,2009-12-04,2009-12-04,2009-12-01,736,1,419.78,1,1,2,Lost,5
16542,United Kingdom,2010-11-03,2011-10-17,2010-11-01,54,2,257.32,3,2,1,Loyal,2
16543,United Kingdom,2010-04-27,2010-04-27,2010-04-01,592,1,277.81,1,1,1,Lost,5
16544,United Kingdom,2010-02-15,2010-07-08,2010-02-01,520,4,110.3,1,3,1,Lost,5
16545,United Kingdom,2010-11-29,2011-06-28,2010-11-01,165,2,689.82,2,2,2,Lost,5
16546,United Kingdom,2010-09-23,2011-02-22,2010-09-01,291,5,4421.04,2,3,4,At risk,4
16547,United Kingdom,2010-06-11,2010-06-11,2010-06-01,547,1,104.26,1,1,1,Lost,5
16548,United Kingdom,2010-04-19,2010-04-19,2010-04-01,600,1,30.15,1,1,1,Lost,5
16549,United Kingdom,2010-03-28,2011-11-29,2010-03-01,11,34,12759.25,4,4,4,Champions,1
16550,United Kingdom,2009-12-02,2011-08-23,2009-12-01,109,18,8550.92,2,4,4,At risk,4
16551,United Kingdom,2009-12-13,2011-09-05,2009-12-01,96,7,2237.12,2,3,4,At risk,4
16552,United Kingdom,2010-12-01,2011-04-11,2010-12-01,243,2,379.73,2,2,2,Lost,5
16553,United Kingdom,2010-02-11,2011-06-29,2010-02-01,164,33,16500.12,2,4,4,At risk,4
16554,United Kingdom,2009-12-15,2011-10-28,2009-12-01,43,8,2407.17,3,4,4,Champions,1
16555,United Kingdom,2010-07-22,2011-11-04,2010-07-01,36,6,285.89,3,3,1,Loyal,2
16556,United Kingdom,2009-12-07,2011-10-04,2009-12-01,67,17,7610.23,3,4,4,Champions,1
16557,United Kingdom,2011-07-25,2011-11-15,2011-07-01,25,2,281.85,4,2,1,Loyal,2
16558,United Kingdom,2009-12-03,2011-12-09,2009-12-01,1,38,13149.56,4,4,4,Champions,1
16559,United Kingdom,2010-11-07,2010-11-07,2010-11-01,398,1,175.0,1,1,1,Lost,5
16560,United Kingdom,2009-12-08,2011-11-13,2009-12-01,27,8,3010.73,3,4,4,Champions,1
16561,United Kingdom,2011-10-11,2011-12-04,2011-10-01,6,2,511.12,4,2,2,Loyal,2
16562,United Kingdom,2010-08-20,2010-08-20,2010-08-01,477,1,223.86,1,1,1,Lost,5
16563,United Kingdom,2009-12-01,2011-10-17,2009-12-01,54,6,4402.36,3,3,4,Champions,1
16564,United Kingdom,2010-05-19,2010-05-19,2010-05-01,570,1,87.8,1,1,1,Lost,5
16565,United Kingdom,2010-06-02,2010-12-10,2010-06-01,365,4,700.45,2,3,2,Lost,5
16566,United Kingdom,2011-02-20,2011-11-24,2011-02-01,16,5,614.01,4,3,2,Loyal,2
16567,United Kingdom,2011-01-07,2011-05-29,2011-01-01,195,2,865.6,2,2,3,Lost,5
16568,United Kingdom,2010-03-08,2010-10-08,2010-03-01,428,2,1020.9,1,2,3,Lost,5
16569,United Kingdom,2009-12-16,2011-12-06,2009-12-01,4,5,1455.23,4,3,3,Champions,1
16570,United Kingdom,2010-03-30,2011-11-24,2010-03-01,16,20,6844.81,4,4,4,Champions,1
16571,United Kingdom,2010-03-18,2011-11-13,2010-03-01,27,10,4025.05,3,4,4,Champions,1
16572,United Kingdom,2011-03-09,2011-08-04,2011-03-01,128,3,999.7,2,2,3,Lost,5
16573,United Kingdom,2011-02-22,2011-09-16,2011-02-01,85,2,648.41,3,2,2,Loyal,2
16574,United Kingdom,2010-02-19,2011-09-29,2010-02-01,72,3,1301.78,3,2,3,Loyal,2
16576,United Kingdom,2010-07-06,2010-10-15,2010-07-01,421,2,513.17,1,2,2,Lost,5
16577,United Kingdom,2010-02-11,2010-02-11,2010-02-01,667,1,380.0,1,1,2,Lost,5
16578,United Kingdom,2010-03-23,2010-03-23,2010-03-01,627,1,156.6,1,1,1,Lost,5
16579,United Kingdom,2010-10-10,2010-10-10,2010-10-01,426,1,264.45,1,1,1,Lost,5
16581,United Kingdom,2011-06-10,2011-06-10,2011-06-01,183,1,70.44,2,1,1,Lost,5
16582,United Kingdom,2011-08-18,2011-08-18,2011-08-01,114,1,313.62,2,1,1,Lost,5
16583,United Kingdom,2010-02-04,2010-12-01,2010-02-01,374,2,297.95,2,2,1,Lost,5
16584,United Kingdom,2010-02-16,2011-09-20,2010-02-01,81,5,3077.97,3,3,4,Champions,1
16585,United Kingdom,2010-01-13,2010-04-25,2010-01-01,594,2,341.59,1,2,2,Lost,5
16586,United Kingdom,2010-03-14,2011-04-05,2010-03-01,249,3,1462.78,2,2,3,Lost,5
16587,United Kingdom,2011-04-21,2011-04-21,2011-04-01,233,1,225.15,2,1,1,Lost,5
16588,United Kingdom,2010-05-14,2010-11-18,2010-05-01,387,4,1361.28,1,3,3,At risk,4
16589,United Kingdom,2010-09-15,2011-09-29,2010-09-01,72,4,612.36,3,3,2,Loyal,2
16590,United Kingdom,2010-10-21,2010-11-04,2010-10-01,401,2,563.6,1,2,2,Lost,5
16591,United Kingdom,2011-10-02,2011-10-02,2011-10-01,69,1,213.5,3,1,1,New,3
16592,United Kingdom,2009-12-18,2011-12-05,2009-12-01,5,28,7624.46,4,4,4,Champions,1
16593,United Kingdom,2009-12-05,2011-10-20,2009-12-01,51,8,1051.24,3,4,3,Champions,1
16594,United Kingdom,2011-09-25,2011-09-25,2011-09-01,76,1,181.09,3,1,1,New,3
16595,United Kingdom,2010-01-17,2011-10-09,2010-01-01,62,5,1757.75,3,3,3,Champions,1
16596,United Kingdom,2009-12-10,2011-11-24,2009-12-01,16,4,458.98,4,3,2,Loyal,2
16597,United Kingdom,2011-12-05,2011-12-05,2011-12-01,5,1,90.04,4,1,1,New,3
16598,United Kingdom,2011-02-27,2011-02-27,2011-02-01,286,1,140.7,2,1,1,Lost,5
16599,United Kingdom,2010-11-19,2010-11-19,2010-11-01,386,1,172.8,1,1,1,Lost,5
16600,United Kingdom,2009-12-18,2011-12-05,2009-12-01,5,13,2093.56,4,4,3,Champions,1
16601,United Kingdom,2010-03-26,2011-10-30,2010-03-01,41,3,675.83,3,2,2,Loyal,2
16602,United Kingdom,2010-11-16,2011-11-03,2010-11-01,37,2,711.63,3,2,2,Loyal,2
16603,United Kingdom,2011-09-09,2011-09-26,2011-09-01,75,2,482.47,3,2,2,Loyal,2
16604,United Kingdom,2010-05-20,2010-05-26,2010-05-01,563,2,326.25,1,2,1,Lost,5
16605,United Kingdom,2009-12-15,2009-12-15,2009-12-01,725,1,60.48,1,1,1,Lost,5
16606,United Kingdom,2010-10-01,2010-10-31,2010-10-01,405,2,357.66,1,2,2,Lost,5
16607,United Kingdom,2010-04-29,2011-11-22,2010-04-01,18,25,5375.18,4,4,4,Champions,1
16608,United Kingdom,2010-02-14,2010-09-12,2010-02-01,454,2,1286.62,1,2,3,Lost,5
16609,United Kingdom,2011-04-01,2011-11-24,2011-04-01,16,7,5450.96,4,3,4,Champions,1
16610,United Kingdom,2011-05-04,2011-05-04,2011-05-01,220,1,75.66,2,1,1,Lost,5
16611,United Kingdom,2010-03-10,2011-06-06,2010-03-01,187,6,1776.63,2,3,3,At risk,4
16612,United Kingdom,2009-12-03,2011-11-07,2009-12-01,33,9,3243.48,3,4,4,Champions,1
16613,United Kingdom,2011-09-30,2011-09-30,2011-09-01,71,1,618.59,3,1,2,New,3
16614,United Kingdom,2010-05-10,2011-06-10,2010-05-01,183,3,1179.79,2,2,3,Lost,5
16615,United Kingdom,2010-03-23,2010-03-23,2010-03-01,627,1,264.5,1,1,1,Lost,5
16616,United Kingdom,2011-07-05,2011-11-24,2011-07-01,16,2,500.42,4,2,2,Loyal,2
16617,United Kingdom,2011-04-18,2011-04-18,2011-04-01,236,1,151.85,2,1,1,Lost,5
16618,United Kingdom,2011-01-21,2011-11-08,2011-01-01,32,5,2630.64,3,3,4,Champions,1
16619,United Kingdom,2010-02-22,2011-03-21,2010-02-01,264,4,1916.53,2,3,3,At risk,4
16620,United Kingdom,2009-12-01,2011-12-06,2009-12-01,4,6,1758.93,4,3,3,Champions,1
16621,United Kingdom,2011-03-07,2011-10-19,2011-03-01,52,4,813.48,3,3,2,Loyal,2
16622,United Kingdom,2010-06-14,2010-06-14,2010-06-01,544,1,205.6,1,1,1,Lost,5
16623,United Kingdom,2010-04-26,2011-04-08,2010-04-01,246,4,1002.49,2,3,3,At risk,4
16624,United Kingdom,2011-05-26,2011-09-20,2011-05-01,81,2,810.57,3,2,2,Loyal,2
16625,United Kingdom,2010-06-14,2011-03-10,2010-06-01,275,5,1651.08,2,3,3,At risk,4
16626,United Kingdom,2011-03-18,2011-12-09,2011-03-01,1,17,4379.65,4,4,4,Champions,1
16627,United Kingdom,2011-09-21,2011-09-21,2011-09-01,80,1,322.8,3,1,1,New,3
16628,United Kingdom,2010-03-08,2011-11-10,2010-03-01,30,7,2313.09,3,3,4,Champions,1
16629,United Kingdom,2011-09-04,2011-09-27,2011-09-01,74,2,408.63,3,2,2,Loyal,2
16630,United Kingdom,2010-10-28,2010-10-28,2010-10-01,408,1,104.3,1,1,1,Lost,5
16631,United Kingdom,2010-02-26,2010-08-15,2010-02-01,482,7,1867.02,1,3,3,At risk,4
16632,United Kingdom,2010-05-07,2010-08-11,2010-05-01,486,2,406.4,1,2,2,Lost,5
16633,United Kingdom,2011-04-19,2011-11-22,2011-04-01,18,6,2878.15,4,3,4,Champions,1
16634,United Kingdom,2010-01-21,2011-05-01,2010-01-01,223,6,1198.3,2,3,3,At risk,4
16635,United Kingdom,2010-10-29,2010-10-29,2010-10-01,407,1,473.0,1,1,2,Lost,5
16636,United Kingdom,2010-03-03,2010-09-27,2010-03-01,439,4,3802.04,1,3,4,At risk,4
16637,United Kingdom,2011-04-28,2011-11-07,2011-04-01,33,4,1124.59,3,3,3,Champions,1
16638,United Kingdom,2010-08-18,2011-11-17,2010-08-01,23,15,2375.88,4,4,4,Champions,1
16639,United Kingdom,2010-10-26,2011-11-08,2010-10-01,32,4,1659.85,3,3,3,Champions,1
16640,United Kingdom,2010-11-07,2010-11-07,2010-11-01,398,1,179.4,1,1,1,Lost,5
16641,United Kingdom,2010-01-07,2011-08-26,2010-01-01,106,2,554.5,2,2,2,Lost,5
16642,United Kingdom,2010-10-20,2011-12-05,2010-10-01,5,3,1051.46,4,2,3,Loyal,2
16643,United Kingdom,2010-10-13,2011-04-08,2010-10-01,246,2,915.56,2,2,3,Lost,5
16644,United Kingdom,2011-05-11,2011-06-15,2011-05-01,178,2,833.78,2,2,2,Lost,5
16645,United Kingdom,2009-12-04,2009-12-04,2009-12-01,736,1,160.39,1,1,1,Lost,5
16646,United Kingdom,2010-09-16,2010-09-16,2010-09-01,450,1,675.05,1,1,2,Lost,5
16647,United Kingdom,2010-06-13,2011-06-23,2010-06-01,170,4,541.9,2,3,2,Lost,5
16648,United Kingdom,2010-04-28,2011-10-28,2010-04-01,43,3,653.0,3,2,2,Loyal,2
16649,United Kingdom,2010-07-07,2010-07-07,2010-07-01,521,1,306.58,1,1,1,Lost,5
16650,United Kingdom,2010-07-08,2011-09-29,2010-07-01,72,7,1916.11,3,3,3,Champions,1
16651,United Kingdom,2010-05-02,2010-05-02,2010-05-01,587,1,136.2,1,1,1,Lost,5
16652,United Kingdom,2010-03-17,2011-10-12,2010-03-01,59,16,17312.83,3,4,4,Champions,1
16653,United Kingdom,2011-09-29,2011-11-23,2011-09-01,17,2,1166.92,4,2,3,Loyal,2
16654,United Kingdom,2010-04-06,2011-07-21,2010-04-01,142,8,1477.77,2,4,3,At risk,4
16655,United Kingdom,2010-01-31,2011-11-22,2010-01-01,18,13,6423.26,4,4,4,Champions,1
16656,United Kingdom,2009-12-04,2011-11-17,2009-12-01,23,30,16307.72,4,4,4,Champions,1
16657,United Kingdom,2011-03-30,2011-11-30,2011-03-01,10,4,874.43,4,3,3,Champions,1
16658,United Kingdom,2010-03-30,2010-12-06,2010-03-01,369,5,563.48,2,3,2,Lost,5
16659,United Kingdom,2011-06-03,2011-06-03,2011-06-01,190,1,39.12,2,1,1,Lost,5
16660,United Kingdom,2010-01-14,2011-11-23,2010-01-01,17,7,1422.35,4,3,3,Champions,1
16661,United Kingdom,2009-12-17,2010-06-17,2009-12-01,541,4,788.31,1,3,2,Lost,5
16662,United Kingdom,2010-11-10,2010-11-10,2010-11-01,395,1,151.05,1,1,1,Lost,5
16663,United Kingdom,2009-12-10,2009-12-10,2009-12-01,730,1,165.0,1,1,1,Lost,5
16664,United Kingdom,2010-05-19,2010-05-19,2010-05-01,570,1,109.2,1,1,1,Lost,5
16665,United Kingdom,2010-12-12,2010-12-12,2010-12-01,363,1,135.4,2,1,1,Lost,5
16666,United Kingdom,2010-03-28,2011-11-20,2010-03-01,20,2,217.71,4,2,1,Loyal,2
16667,United Kingdom,2011-02-28,2011-10-02,2011-02-01,69,2,567.18,3,2,2,Loyal,2
16668,United Kingdom,2010-03-18,2011-11-24,2010-03-01,16,13,862.42,4,4,3,Champions,1
16669,United Kingdom,2011-09-22,2011-11-16,2011-09-01,24,2,1344.48,4,2,3,Loyal,2
16670,United Kingdom,2009-12-10,2011-11-23,2009-12-01,17,20,7786.66,4,4,4,Champions,1
16671,United Kingdom,2011-06-28,2011-11-11,2011-06-01,29,3,1692.27,3,2,3,Loyal,2
16672,United Kingdom,2011-03-18,2011-12-07,2011-03-01,3,20,8119.69,4,4,4,Champions,1
16673,United Kingdom,2010-01-29,2010-01-29,2010-01-01,680,1,171.13,1,1,1,Lost,5
16674,United Kingdom,2011-09-02,2011-10-16,2011-09-01,55,2,304.24,3,2,1,Loyal,2
16675,United Kingdom,2010-08-18,2010-09-24,2010-08-01,442,2,608.86,1,2,2,Lost,5
16676,United Kingdom,2010-10-17,2011-11-06,2010-10-01,34,6,2328.5,3,3,4,Champions,1
16677,United Kingdom,2010-02-25,2010-10-24,2010-02-01,412,2,849.77,1,2,3,Lost,5
16678,United Kingdom,2011-03-02,2011-12-07,2011-03-01,3,12,3025.24,4,4,4,Champions,1
16679,United Kingdom,2010-06-10,2010-12-08,2010-06-01,367,3,663.31,2,2,2,Lost,5
16680,United Kingdom,2010-06-23,2011-10-27,2010-06-01,44,3,821.45,3,2,2,Loyal,2
16681,United Kingdom,2010-03-08,2011-09-28,2010-03-01,73,7,1921.84,3,3,3,Champions,1
16682,United Kingdom,2011-06-05,2011-12-05,2011-06-01,5,5,1028.0,4,3,3,Champions,1
16683,United Kingdom,2010-06-24,2010-06-24,2010-06-01,534,1,309.35,1,1,1,Lost,5
16684,United Kingdom,2009-12-07,2011-12-05,2009-12-01,5,55,141530.29,4,4,4,Champions,1
16685,United Kingdom,2011-10-09,2011-10-09,2011-10-01,62,2,324.24,3,2,1,Loyal,2
16686,United Kingdom,2009-12-06,2011-10-23,2009-12-01,48,16,4861.72,3,4,4,Champions,1
16687,United Kingdom,2010-11-14,2010-11-14,2010-11-01,391,1,157.63,1,1,1,Lost,5
16688,United Kingdom,2011-10-10,2011-12-08,2011-10-01,2,4,1260.86,4,3,3,Champions,1
16689,United Kingdom,2011-09-18,2011-09-25,2011-09-01,76,2,355.1,3,2,2,Loyal,2
16690,United Kingdom,2010-09-14,2011-09-28,2010-09-01,73,4,336.08,3,3,2,Loyal,2
16691,United Kingdom,2010-05-27,2010-10-17,2010-05-01,419,2,178.83,1,2,1,Lost,5
16692,United Kingdom,2010-09-24,2011-03-28,2010-09-01,257,4,1764.7,2,3,3,At risk,4
16693,United Kingdom,2010-02-21,2011-10-02,2010-02-01,69,5,1179.48,3,3,3,Champions,1
16694,United Kingdom,2009-12-16,2009-12-16,2009-12-01,724,1,98.3,1,1,1,Lost,5
16695,United Kingdom,2010-05-27,2010-05-27,2010-05-01,562,2,191.9,1,2,1,Lost,5
16696,United Kingdom,2011-04-05,2011-07-27,2011-04-01,136,4,657.9,2,3,2,Lost,5
16697,United Kingdom,2011-04-12,2011-04-12,2011-04-01,242,1,112.75,2,1,1,Lost,5
16698,United Kingdom,2011-03-31,2011-04-27,2011-03-01,227,2,1998.0,2,2,3,Lost,5
16699,United Kingdom,2009-12-04,2010-11-24,2009-12-01,381,7,964.9,1,3,3,At risk,4
16700,United Kingdom,2009-12-02,2011-12-01,2009-12-01,9,25,8747.12,4,4,4,Champions,1
16701,United Kingdom,2009-12-01,2011-12-01,2009-12-01,9,26,9614.59,4,4,4,Champions,1
16702,United Kingdom,2009-12-07,2010-10-20,2009-12-01,416,4,1099.58,1,3,3,At risk,4
16704,United Kingdom,2010-02-05,2010-03-31,2010-02-01,619,2,664.16,1,2,2,Lost,5
16705,United Kingdom,2009-12-09,2011-12-09,2009-12-01,1,42,42653.14,4,4,4,Champions,1
16706,United Kingdom,2011-08-17,2011-11-02,2011-08-01,38,3,531.35,3,2,2,Loyal,2
16707,United Kingdom,2010-03-09,2010-11-04,2010-03-01,401,4,533.41,1,3,2,Lost,5
16708,United Kingdom,2011-10-25,2011-10-25,2011-10-01,46,1,656.63,3,1,2,New,3
16709,United Kingdom,2009-12-09,2011-09-16,2009-12-01,85,14,9056.01,3,4,4,Champions,1
16710,United Kingdom,2009-12-04,2011-11-20,2009-12-01,20,22,5908.6,4,4,4,Champions,1
16711,United Kingdom,2009-12-02,2011-12-06,2009-12-01,4,9,2751.48,4,4,4,Champions,1
16712,United Kingdom,2010-11-03,2011-11-30,2010-11-01,10,13,4225.22,4,4,4,Champions,1
16713,United Kingdom,2009-12-15,2011-11-21,2009-12-01,19,32,13943.36,4,4,4,Champions,1
16714,United Kingdom,2010-02-07,2011-01-26,2010-02-01,318,3,1209.38,2,2,3,Lost,5
16715,United Kingdom,2010-05-26,2011-09-22,2010-05-01,79,2,625.52,3,2,2,Loyal,2
16716,United Kingdom,2010-03-19,2011-03-18,2010-03-01,267,3,1568.28,2,2,3,Lost,5
16717,United Kingdom,2009-12-07,2011-11-16,2009-12-01,24,14,5987.41,4,4,4,Champions,1
16718,United Kingdom,2009-12-06,2010-12-05,2009-12-01,370,5,3006.08,2,3,4,At risk,4
16719,United Kingdom,2009-12-13,2011-11-25,2009-12-01,15,14,3363.87,4,4,4,Champions,1
16720,United Kingdom,2009-12-17,2011-11-13,2009-12-01,27,3,556.69,3,2,2,Loyal,2
16721,United Kingdom,2011-03-22,2011-03-22,2011-03-01,263,1,292.47,2,1,1,Lost,5
16722,United Kingdom,2009-12-03,2011-11-22,2009-12-01,18,22,8168.31,4,4,4,Champions,1
16723,United Kingdom,2009-12-04,2011-09-09,2009-12-01,92,4,1231.36,3,3,3,Champions,1
16724,United Kingdom,2010-10-31,2010-10-31,2010-10-01,405,1,147.35,1,1,1,Lost,5
16725,United Kingdom,2009-12-13,2011-02-10,2009-12-01,303,13,1675.41,2,4,3,At risk,4
16726,United Kingdom,2010-10-24,2011-11-13,2010-10-01,27,7,2063.88,3,3,3,Champions,1
16727,United Kingdom,2010-01-20,2010-12-10,2010-01-01,365,4,1377.77,2,3,3,At risk,4
16728,United Kingdom,2011-03-20,2011-10-24,2011-03-01,47,4,1048.28,3,3,3,Champions,1
16729,United Kingdom,2011-04-12,2011-11-01,2011-04-01,39,21,7045.41,3,4,4,Champions,1
16730,United Kingdom,2011-01-24,2011-10-18,2011-01-01,53,3,702.79,3,2,2,Loyal,2
16731,United Kingdom,2010-03-01,2010-03-01,2010-03-01,649,1,170.3,1,1,1,Lost,5
16732,United Kingdom,2009-12-08,2011-11-08,2009-12-01,32,4,3966.79,3,3,4,Champions,1
16733,United Kingdom,2010-06-28,2010-06-28,2010-06-01,530,1,259.68,1,1,1,Lost,5
16734,United Kingdom,2011-08-17,2011-10-18,2011-08-01,53,3,646.76,3,2,2,Loyal,2
16735,United Kingdom,2009-12-08,2011-09-22,2009-12-01,79,14,5578.86,3,4,4,Champions,1
16736,United Kingdom,2009-12-03,2010-07-22,2009-12-01,506,5,2904.51,1,3,4,At risk,4
16737,United Kingdom,2010-05-11,2011-10-17,2010-05-01,54,2,835.2,3,2,2,Loyal,2
16738,United Kingdom,2011-02-15,2011-02-15,2011-02-01,298,1,3.75,2,1,1,Lost,5
16739,United Kingdom,2010-06-21,2011-06-16,2010-06-01,177,2,772.23,2,2,2,Lost,5
16740,United Kingdom,2010-11-09,2010-11-09,2010-11-01,396,1,226.91,1,1,1,Lost,5
16741,United Kingdom,2010-03-24,2010-03-24,2010-03-01,626,1,173.06,1,1,1,Lost,5
16742,United Kingdom,2009-12-16,2010-08-04,2009-12-01,493,13,1870.07,1,4,3,At risk,4
16743,United Kingdom,2010-04-22,2011-11-10,2010-04-01,30,14,4165.9,3,4,4,Champions,1
16744,United Kingdom,2011-06-19,2011-11-28,2011-06-01,12,7,1291.91,4,3,3,Champions,1
16745,United Kingdom,2011-02-01,2011-09-14,2011-02-01,87,17,7157.1,3,4,4,Champions,1
16746,United Kingdom,2009-12-04,2011-12-05,2009-12-01,5,42,18010.5,4,4,4,Champions,1
16747,United Kingdom,2011-10-03,2011-11-02,2011-10-01,38,2,826.96,3,2,2,Loyal,2
16748,United Kingdom,2009-12-10,2011-11-22,2009-12-01,18,14,3632.29,4,4,4,Champions,1
16749,United Kingdom,2009-12-15,2010-04-27,2009-12-01,592,2,4157.88,1,2,4,At risk,4
16750,United Kingdom,2011-04-21,2011-10-26,2011-04-01,45,5,623.93,3,3,2,Loyal,2
16751,United Kingdom,2011-11-09,2011-11-09,2011-11-01,31,1,1764.72,3,1,3,New,3
16752,United Kingdom,2010-12-02,2010-12-02,2010-12-01,373,1,207.5,2,1,1,Lost,5
16753,United Kingdom,2011-10-12,2011-10-12,2011-10-01,59,1,223.92,3,1,1,New,3
16754,United Kingdom,2010-03-08,2010-12-02,2010-03-01,373,29,54692.82,2,4,4,At risk,4
16755,United Kingdom,2009-12-09,2011-08-17,2009-12-01,115,7,2846.13,2,3,4,At risk,4
16756,United Kingdom,2010-03-09,2011-05-09,2010-03-01,215,7,1287.42,2,3,3,At risk,4
16757,United Kingdom,2010-10-26,2011-01-25,2010-10-01,319,2,270.48,2,2,1,Lost,5
16758,United Kingdom,2011-10-05,2011-10-05,2011-10-01,66,1,369.34,3,1,2,New,3
16759,United Kingdom,2011-11-09,2011-12-02,2011-11-01,8,3,772.84,4,2,2,Loyal,2
16760,United Kingdom,2010-10-05,2010-10-05,2010-10-01,431,1,228.0,1,1,1,Lost,5
16761,United Kingdom,2011-09-04,2011-09-04,2011-09-01,97,1,316.62,2,1,1,Lost,5
16762,United Kingdom,2011-07-18,2011-11-20,2011-07-01,20,3,1207.24,4,2,3,Loyal,2
16763,United Kingdom,2009-12-01,2011-05-25,2009-12-01,199,2,947.75,2,2,3,Lost,5
16764,United Kingdom,2011-07-19,2011-12-06,2011-07-01,4,13,2749.95,4,4,4,Champions,1
16765,United Kingdom,2010-11-22,2011-02-18,2010-11-01,295,2,454.75,2,2,2,Lost,5
16766,United Kingdom,2011-03-11,2011-03-11,2011-03-01,274,2,1145.6,2,2,3,Lost,5
16767,United Kingdom,2010-04-28,2011-11-09,2010-04-01,31,15,7950.41,3,4,4,Champions,1
16768,United Kingdom,2009-12-07,2011-10-23,2009-12-01,48,9,1637.52,3,4,3,Champions,1
16769,United Kingdom,2009-12-14,2011-03-24,2009-12-01,261,4,1117.05,2,3,3,At risk,4
16770,United Kingdom,2010-08-22,2011-10-13,2010-08-01,58,9,1746.83,3,4,3,Champions,1
16771,United Kingdom,2009-12-09,2011-11-06,2009-12-01,34,10,3921.1,3,4,4,Champions,1
16772,United Kingdom,2009-12-18,2010-10-12,2009-12-01,424,3,2760.1,1,2,4,At risk,4
16773,United Kingdom,2009-12-06,2011-10-13,2009-12-01,58,3,421.24,3,2,2,Loyal,2
16774,United Kingdom,2010-02-16,2011-10-03,2010-02-01,68,8,1560.88,3,4,3,Champions,1
16775,United Kingdom,2010-09-23,2011-11-29,2010-09-01,11,16,2739.24,4,4,4,Champions,1
16776,United Kingdom,2010-10-20,2011-10-10,2010-10-01,61,2,592.51,3,2,2,Loyal,2
16777,United Kingdom,2010-03-17,2011-09-20,2010-03-01,81,5,1261.43,3,3,3,Champions,1
16778,United Kingdom,2011-03-10,2011-09-26,2011-03-01,75,2,245.94,3,2,1,Loyal,2
16779,United Kingdom,2009-12-03,2011-12-07,2009-12-01,3,53,32522.4,4,4,4,Champions,1
16780,United Kingdom,2010-10-28,2011-08-31,2010-10-01,101,3,596.4,2,2,2,Lost,5
16781,United Kingdom,2010-02-08,2010-12-02,2010-02-01,373,2,606.4,2,2,2,Lost,5
16782,United Kingdom,2009-12-09,2011-11-29,2009-12-01,11,38,9552.62,4,4,4,Champions,1
16783,United Kingdom,2010-09-29,2010-09-29,2010-09-01,437,1,391.95,1,1,2,Lost,5
16784,United Kingdom,2010-03-28,2011-11-20,2010-03-01,20,5,892.33,4,3,3,Champions,1
16785,United Kingdom,2010-10-26,2010-10-26,2010-10-01,410,1,533.78,1,1,2,Lost,5
16786,United Kingdom,2010-11-11,2010-11-11,2010-11-01,394,1,51.84,1,1,1,Lost,5
16787,United Kingdom,2010-01-10,2010-11-07,2010-01-01,398,4,1017.53,1,3,3,At risk,4
16788,United Kingdom,2010-02-07,2011-08-08,2010-02-01,124,5,1927.28,2,3,3,At risk,4
16789,United Kingdom,2011-12-01,2011-12-01,2011-12-01,9,1,80.8,4,1,1,New,3
16790,United Kingdom,2011-11-02,2011-12-06,2011-11-01,4,6,1520.12,4,3,3,Champions,1
16791,United Kingdom,2009-12-03,2011-11-10,2009-12-01,30,15,3852.31,3,4,4,Champions,1
16792,United Kingdom,2010-01-04,2011-03-02,2010-01-01,283,5,623.46,2,3,2,Lost,5
16793,United Kingdom,2011-10-13,2011-10-13,2011-10-01,58,1,243.84,3,1,1,New,3
16794,United Kingdom,2010-03-25,2011-12-08,2010-03-01,2,15,2029.48,4,4,3,Champions,1
16795,United Kingdom,2010-01-25,2010-12-09,2010-01-01,366,3,2035.21,2,2,3,Lost,5
16796,United Kingdom,2011-09-11,2011-09-11,2011-09-01,90,1,305.62,3,1,1,New,3
16797,United Kingdom,2009-12-02,2010-11-11,2009-12-01,394,5,1761.02,1,3,3,At risk,4
16798,United Kingdom,2009-12-10,2010-06-03,2009-12-01,555,3,832.21,1,2,2,Lost,5
16799,United Kingdom,2010-09-12,2010-10-03,2010-09-01,433,2,447.83,1,2,2,Lost,5
16800,United Kingdom,2011-11-28,2011-11-28,2011-11-01,12,1,1162.65,4,1,3,New,3
16801,United Kingdom,2011-03-11,2011-06-29,2011-03-01,164,4,842.33,2,3,2,Lost,5
16802,United Kingdom,2009-12-09,2010-01-29,2009-12-01,680,2,582.61,1,2,2,Lost,5
16803,United Kingdom,2011-10-05,2011-10-05,2011-10-01,66,1,332.3,3,1,1,New,3
16804,United Kingdom,2011-03-14,2011-11-16,2011-03-01,24,3,536.99,4,2,2,Loyal,2
16805,United Kingdom,2009-12-14,2011-06-19,2009-12-01,174,4,1076.34,2,3,3,At risk,4
16806,United Kingdom,2011-04-14,2011-08-28,2011-04-01,104,4,736.21,2,3,2,Lost,5
16807,United Kingdom,2010-03-26,2011-07-20,2010-03-01,143,6,2064.88,2,3,3,At risk,4
16808,United Kingdom,2011-03-10,2011-09-01,2011-03-01,100,2,288.42,2,2,1,Lost,5
16809,United Kingdom,2010-04-13,2011-11-16,2010-04-01,24,9,1725.48,4,4,3,Champions,1
16810,United Kingdom,2010-10-15,2011-05-31,2010-10-01,193,2,786.14,2,2,2,Lost,5
16811,United Kingdom,2011-11-22,2011-12-05,2011-11-01,5,2,547.07,4,2,2,Loyal,2
16812,United Kingdom,2010-11-22,2010-12-14,2010-11-01,361,4,2216.8,2,3,4,At risk,4
16813,United Kingdom,2011-05-19,2011-12-01,2011-05-01,9,10,1652.18,4,4,3,Champions,1
16814,United Kingdom,2010-04-11,2011-11-25,2010-04-01,15,36,11906.45,4,4,4,Champions,1
16815,United Kingdom,2010-06-21,2010-09-12,2010-06-01,454,2,406.02,1,2,2,Lost,5
16816,United Kingdom,2010-12-16,2011-08-28,2010-12-01,104,4,417.06,2,3,2,Lost,5
16817,United Kingdom,2010-10-04,2011-12-07,2010-10-01,3,13,2392.85,4,4,4,Champions,1
16818,United Kingdom,2011-05-18,2011-11-29,2011-05-01,11,11,3317.97,4,4,4,Champions,1
16819,United Kingdom,2010-08-31,2010-08-31,2010-08-01,466,2,182.59,1,2,1,Lost,5
16820,United Kingdom,2011-09-05,2011-09-05,2011-09-01,96,1,497.61,2,1,2,Lost,5
16821,United Kingdom,2010-11-23,2010-11-23,2010-11-01,382,1,113.35,1,1,1,Lost,5
16822,United Kingdom,2010-01-22,2010-01-22,2010-01-01,687,1,144.84,1,1,1,Lost,5
16823,United Kingdom,2009-12-02,2011-04-26,2009-12-01,228,7,2236.14,2,3,4,At risk,4
16824,United Kingdom,2010-11-11,2011-11-24,2010-11-01,16,3,686.24,4,2,2,Loyal,2
16825,United Kingdom,2010-06-23,2011-11-01,2010-06-01,39,5,1826.89,3,3,3,Champions,1
16826,United Kingdom,2011-10-19,2011-10-19,2011-10-01,52,1,341.7,3,1,2,New,3
16827,United Kingdom,2010-04-29,2010-11-11,2010-04-01,394,5,387.18,1,3,2,Lost,5
16828,United Kingdom,2011-08-19,2011-08-19,2011-08-01,113,1,113.5,2,1,1,Lost,5
16829,United Kingdom,2010-11-16,2011-07-06,2010-11-01,157,2,513.32,2,2,2,Lost,5
16830,United Kingdom,2009-12-13,2011-11-01,2009-12-01,39,4,1183.7,3,3,3,Champions,1
16831,United Kingdom,2010-05-24,2010-05-24,2010-05-01,565,1,91.8,1,1,1,Lost,5
16832,United Kingdom,2010-09-07,2011-06-08,2010-09-01,185,5,417.61,2,3,2,Lost,5
16833,United Kingdom,2010-03-26,2011-12-08,2010-03-01,2,6,2409.04,4,3,4,Champions,1
16834,United Kingdom,2010-02-03,2011-04-26,2010-02-01,228,2,898.96,2,2,3,Lost,5
16835,United Kingdom,2010-05-19,2011-08-03,2010-05-01,129,6,1389.76,2,3,3,At risk,4
16836,United Kingdom,2010-05-14,2011-10-31,2010-05-01,40,4,782.37,3,3,2,Loyal,2
16837,United Kingdom,2011-04-08,2011-11-08,2011-04-01,32,11,3167.73,3,4,4,Champions,1
16838,United Kingdom,2010-02-14,2011-05-26,2010-02-01,198,4,1126.66,2,3,3,At risk,4
16839,United Kingdom,2010-02-11,2011-12-01,2010-02-01,9,44,20420.53,4,4,4,Champions,1
16840,United Kingdom,2010-02-03,2010-04-15,2010-02-01,604,2,139.85,1,2,1,Lost,5
16841,United Kingdom,2010-01-12,2011-11-03,2010-01-01,37,12,3841.16,3,4,4,Champions,1
16842,United Kingdom,2011-02-10,2011-08-31,2011-02-01,101,3,1260.44,2,2,3,Lost,5
16843,United Kingdom,2009-12-10,2011-10-28,2009-12-01,43,35,19528.78,3,4,4,Champions,1
16844,United Kingdom,2010-05-06,2010-05-26,2010-05-01,563,2,614.34,1,2,2,Lost,5
16845,United Kingdom,2010-03-31,2010-03-31,2010-03-01,619,1,253.88,1,1,1,Lost,5
16846,United Kingdom,2010-03-10,2011-10-20,2010-03-01,51,3,842.41,3,2,2,Loyal,2
16847,United Kingdom,2010-03-31,2011-10-27,2010-03-01,44,2,614.89,3,2,2,Loyal,2
16848,United Kingdom,2010-10-03,2011-10-18,2010-10-01,53,4,1411.62,3,3,3,Champions,1
16849,United Kingdom,2011-06-06,2011-06-06,2011-06-01,187,1,124.57,2,1,1,Lost,5
16850,United Kingdom,2011-01-10,2011-01-10,2011-01-01,334,1,332.41,2,1,1,Lost,5
16851,United Kingdom,2011-10-19,2011-12-05,2011-10-01,5,3,342.45,4,2,2,Loyal,2
16852,United Kingdom,2011-06-16,2011-11-29,2011-06-01,11,2,144.91,4,2,1,Loyal,2
16854,United Kingdom,2010-03-09,2010-10-18,2010-03-01,418,2,1408.96,1,2,3,Lost,5
16855,United Kingdom,2011-10-27,2011-11-16,2011-10-01,24,2,328.4,4,2,1,Loyal,2
16856,United Kingdom,2010-09-23,2011-11-25,2010-09-01,15,3,358.49,4,2,2,Loyal,2
16857,United Kingdom,2010-09-23,2010-09-23,2010-09-01,443,1,352.8,1,1,2,Lost,5
16858,United Kingdom,2009-12-15,2010-12-06,2009-12-01,369,10,4085.74,2,4,4,At risk,4
16859,United Kingdom,2010-03-04,2011-07-18,2010-03-01,145,7,1657.74,2,3,3,At risk,4
16860,United Kingdom,2010-02-15,2010-09-13,2010-02-01,453,3,1593.67,1,2,3,Lost,5
16861,United Kingdom,2010-07-19,2011-10-11,2010-07-01,60,5,928.89,3,3,3,Champions,1
16862,United Kingdom,2010-01-07,2010-06-10,2010-01-01,548,4,662.33,1,3,2,Lost,5
16863,United Kingdom,2010-10-26,2011-11-08,2010-10-01,32,3,812.82,3,2,2,Loyal,2
16864,United Kingdom,2010-04-20,2010-10-01,2010-04-01,435,2,409.25,1,2,2,Lost,5
16865,United Kingdom,2010-11-03,2010-11-03,2010-11-01,402,1,130.95,1,1,1,Lost,5
16866,United Kingdom,2011-07-01,2011-07-22,2011-07-01,141,3,207.74,2,2,1,Lost,5
16867,United Kingdom,2010-01-19,2010-01-19,2010-01-01,690,1,76.74,1,1,1,Lost,5
16868,United Kingdom,2010-04-25,2010-11-10,2010-04-01,395,3,384.56,1,2,2,Lost,5
16869,United Kingdom,2011-06-17,2011-11-17,2011-06-01,23,4,797.32,4,3,2,Loyal,2
16870,United Kingdom,2010-08-27,2010-08-27,2010-08-01,470,1,450.16,1,1,2,Lost,5
16871,United Kingdom,2011-03-14,2011-11-17,2011-03-01,23,6,2761.49,4,3,4,Champions,1
16872,United Kingdom,2010-09-02,2011-09-23,2010-09-01,78,6,1213.13,3,3,3,Champions,1
16873,United Kingdom,2010-02-09,2011-12-05,2010-02-01,5,12,14547.03,4,4,4,Champions,1
16874,United Kingdom,2010-11-25,2010-11-25,2010-11-01,380,1,209.89,1,1,1,Lost,5
16875,United Kingdom,2010-01-05,2011-10-03,2010-01-01,68,11,4053.2,3,4,4,Champions,1
16876,United Kingdom,2010-11-01,2010-11-01,2010-11-01,404,1,136.01,1,1,1,Lost,5
16877,United Kingdom,2011-05-15,2011-11-27,2011-05-01,13,6,846.62,4,3,3,Champions,1
16880,United Kingdom,2010-08-03,2011-11-09,2010-08-01,31,8,1813.21,3,4,3,Champions,1
16881,United Kingdom,2011-10-04,2011-10-04,2011-10-01,67,1,432.0,3,1,2,New,3
16882,United Kingdom,2011-01-26,2011-10-04,2011-01-01,67,3,705.12,3,2,2,Loyal,2
16883,United Kingdom,2009-12-04,2011-06-05,2009-12-01,188,19,2236.11,2,4,4,At risk,4
16884,United Kingdom,2010-05-18,2011-11-02,2010-05-01,38,4,1070.97,3,3,3,Champions,1
16885,United Kingdom,2010-11-19,2011-11-24,2010-11-01,16,4,683.35,4,3,2,Loyal,2
16887,United Kingdom,2009-12-01,2011-11-04,2009-12-01,36,3,658.17,3,2,2,Loyal,2
16888,United Kingdom,2010-01-07,2010-11-04,2010-01-01,401,3,434.2,1,2,2,Lost,5
16889,United Kingdom,2010-05-23,2011-05-29,2010-05-01,195,6,2526.65,2,3,4,At risk,4
16890,United Kingdom,2010-05-06,2010-08-20,2010-05-01,477,3,277.91,1,2,1,Lost,5
16891,United Kingdom,2009-12-04,2011-12-08,2009-12-01,2,11,1727.94,4,4,3,Champions,1
16892,United Kingdom,2009-12-08,2011-12-08,2009-12-01,2,7,726.05,4,3,2,Loyal,2
16893,United Kingdom,2010-11-28,2010-12-08,2010-11-01,367,2,249.47,2,2,1,Lost,5
16894,United Kingdom,2010-06-22,2010-07-25,2010-06-01,503,3,1265.26,1,2,3,Lost,5
16895,United Kingdom,2010-02-12,2011-10-06,2010-02-01,65,5,1102.9,3,3,3,Champions,1
16896,United Kingdom,2010-06-02,2010-06-02,2010-06-01,556,1,103.95,1,1,1,Lost,5
16897,United Kingdom,2011-01-30,2011-02-13,2011-01-01,300,2,213.03,2,2,1,Lost,5
16898,United Kingdom,2010-05-12,2011-11-13,2010-05-01,27,5,820.86,3,3,2,Loyal,2
16899,United Kingdom,2010-11-07,2011-12-02,2010-11-01,8,8,1695.77,4,4,3,Champions,1
16900,United Kingdom,2011-10-07,2011-11-23,2011-10-01,17,3,869.2,4,2,3,Loyal,2
16901,United Kingdom,2009-12-10,2009-12-10,2009-12-01,730,1,204.26,1,1,1,Lost,5
16902,United Kingdom,2011-08-15,2011-08-15,2011-08-01,117,1,1706.88,2,1,3,Lost,5
16903,United Kingdom,2010-10-20,2011-11-10,2010-10-01,30,3,1009.45,3,2,3,Loyal,2
16904,United Kingdom,2010-10-24,2011-12-05,2010-10-01,5,20,4656.56,4,4,4,Champions,1
16905,United Kingdom,2009-12-10,2011-12-04,2009-12-01,6,17,4674.62,4,4,4,Champions,1
16906,United Kingdom,2010-05-13,2011-09-19,2010-05-01,82,7,1410.07,3,3,3,Champions,1
16907,United Kingdom,2010-07-01,2011-11-10,2010-07-01,30,9,1470.89,3,4,3,Champions,1
16908,United Kingdom,2009-12-17,2009-12-17,2009-12-01,723,1,153.59,1,1,1,Lost,5
16909,United Kingdom,2011-09-28,2011-09-28,2011-09-01,73,1,364.14,3,1,2,New,3
16910,United Kingdom,2011-09-09,2011-12-05,2011-09-01,5,8,1508.96,4,4,3,Champions,1
16911,United Kingdom,2010-02-16,2010-03-14,2010-02-01,636,2,251.35,1,2,1,Lost,5
16912,United Kingdom,2009-12-09,2011-11-11,2009-12-01,29,15,4420.86,3,4,4,Champions,1
16913,United Kingdom,2010-02-26,2011-02-22,2010-02-01,291,3,423.91,2,2,2,Lost,5
16914,United Kingdom,2011-11-03,2011-11-03,2011-11-01,37,1,183.76,3,1,1,New,3
16915,United Kingdom,2010-05-19,2011-11-30,2010-05-01,10,11,1543.18,4,4,3,Champions,1
16916,United Kingdom,2010-10-20,2011-11-16,2010-10-01,24,4,896.12,4,3,3,Champions,1
16917,United Kingdom,2010-03-17,2011-03-08,2010-03-01,277,2,1842.93,2,2,3,Lost,5
16918,United Kingdom,2009-12-03,2011-10-21,2009-12-01,50,16,3131.31,3,4,4,Champions,1
16919,United Kingdom,2010-08-19,2011-07-06,2010-08-01,157,24,4837.56,2,4,4,At risk,4
16920,United Kingdom,2010-10-24,2010-10-24,2010-10-01,412,1,355.45,1,1,2,Lost,5
16921,United Kingdom,2010-04-18,2011-10-09,2010-04-01,62,3,409.21,3,2,2,Loyal,2
16922,United Kingdom,2010-05-16,2010-05-16,2010-05-01,573,1,611.08,1,1,2,Lost,5
16923,United Kingdom,2010-01-31,2011-11-27,2010-01-01,13,32,12572.15,4,4,4,Champions,1
16924,United Kingdom,2011-09-16,2011-11-18,2011-09-01,22,3,722.64,4,2,2,Loyal,2
16925,United Kingdom,2010-06-17,2010-06-17,2010-06-01,541,1,125.65,1,1,1,Lost,5
16926,United Kingdom,2010-07-01,2010-12-03,2010-07-01,372,5,1158.66,2,3,3,At risk,4
16927,United Kingdom,2010-12-13,2011-08-16,2010-12-01,116,3,543.05,2,2,2,Lost,5
16928,United Kingdom,2010-02-03,2011-09-20,2010-02-01,81,26,3678.43,3,4,4,Champions,1
16929,United Kingdom,2011-07-07,2011-12-06,2011-07-01,4,7,1295.39,4,3,3,Champions,1
16930,United Kingdom,2011-10-02,2011-11-13,2011-10-01,27,3,378.89,3,2,2,Loyal,2
16931,United Kingdom,2010-11-07,2011-12-04,2010-11-01,6,23,5032.22,4,4,4,Champions,1
16932,United Kingdom,2010-05-17,2011-10-17,2010-05-01,54,3,412.55,3,2,2,Loyal,2
16933,United Kingdom,2009-12-09,2011-12-08,2009-12-01,2,9,3017.65,4,4,4,Champions,1
16934,United Kingdom,2010-03-28,2011-10-16,2010-03-01,55,6,2062.89,3,3,3,Champions,1
16935,United Kingdom,2010-10-14,2010-11-23,2010-10-01,382,3,530.86,1,2,2,Lost,5
16936,United Kingdom,2010-11-19,2011-11-14,2010-11-01,26,2,548.29,3,2,2,Loyal,2
16937,United Kingdom,2010-07-28,2010-07-28,2010-07-01,500,1,196.25,1,1,1,Lost,5
16938,United Kingdom,2010-02-17,2011-12-01,2010-02-01,9,9,6162.11,4,4,4,Champions,1
16939,United Kingdom,2010-02-28,2010-08-08,2010-02-01,489,3,433.85,1,2,2,Lost,5
16940,United Kingdom,2009-12-08,2011-10-18,2009-12-01,53,8,6245.41,3,4,4,Champions,1
16941,United Kingdom,2010-04-07,2010-04-07,2010-04-01,612,1,33.0,1,1,1,Lost,5
16942,United Kingdom,2011-04-26,2011-11-27,2011-04-01,13,9,1878.51,4,4,3,Champions,1
16943,United Kingdom,2011-01-25,2011-05-12,2011-01-01,212,3,816.73,2,2,2,Lost,5
16944,United Kingdom,2010-04-09,2010-04-09,2010-04-01,610,1,101.36,1,1,1,Lost,5
16945,United Kingdom,2009-12-09,2011-11-18,2009-12-01,22,33,8530.66,4,4,4,Champions,1
16946,United Kingdom,2010-03-02,2010-11-21,2010-03-01,384,5,1199.54,1,3,3,At risk,4
16947,United Kingdom,2010-03-03,2011-04-18,2010-03-01,236,4,906.31,2,3,3,At risk,4
16948,United Kingdom,2010-02-21,2011-07-24,2010-02-01,139,7,868.77,2,3,3,At risk,4
16949,United Kingdom,2011-01-27,2011-12-06,2011-01-01,4,6,1161.27,4,3,3,Champions,1
16950,United Kingdom,2010-01-24,2011-10-14,2010-01-01,57,10,3482.59,3,4,4,Champions,1
16951,United Kingdom,2011-02-08,2011-07-28,2011-02-01,135,3,1262.75,2,2,3,Lost,5
16952,United Kingdom,2009-12-11,2011-08-22,2009-12-01,110,5,795.83,2,3,2,Lost,5
16953,United Kingdom,2011-11-09,2011-11-09,2011-11-01,31,1,20.8,3,1,1,New,3
16954,United Kingdom,2010-01-18,2011-12-09,2010-01-01,1,20,6037.33,4,4,4,Champions,1
16955,United Kingdom,2010-01-31,2011-06-08,2010-01-01,185,6,1072.06,2,3,3,At risk,4
16956,United Kingdom,2011-11-22,2011-11-22,2011-11-01,18,1,292.34,4,1,1,New,3
16957,United Kingdom,2011-03-03,2011-04-14,2011-03-01,240,2,416.64,2,2,2,Lost,5
16958,United Kingdom,2010-09-30,2010-09-30,2010-09-01,436,1,778.49,1,1,2,Lost,5
16959,United Kingdom,2011-09-13,2011-09-13,2011-09-01,88,1,117.35,3,1,1,New,3
16960,United Kingdom,2010-03-02,2011-11-01,2010-03-01,39,8,1967.48,3,4,3,Champions,1
16961,United Kingdom,2010-06-25,2011-08-15,2010-06-01,117,3,773.01,2,2,2,Lost,5
16962,United Kingdom,2010-10-26,2010-10-26,2010-10-01,410,1,251.04,1,1,1,Lost,5
16963,United Kingdom,2011-06-05,2011-06-05,2011-06-01,188,1,110.55,2,1,1,Lost,5
16964,United Kingdom,2009-12-06,2009-12-06,2009-12-01,734,2,207.85,1,2,1,Lost,5
16965,United Kingdom,2011-04-27,2011-04-27,2011-04-01,227,1,192.07,2,1,1,Lost,5
16966,United Kingdom,2011-04-13,2011-12-01,2011-04-01,9,7,2148.97,4,3,3,Champions,1
16967,United Kingdom,2011-06-03,2011-06-03,2011-06-01,190,1,319.02,2,1,1,Lost,5
16968,United Kingdom,2011-08-24,2011-12-05,2011-08-01,5,2,439.43,4,2,2,Loyal,2
16969,United Kingdom,2011-06-01,2011-10-31,2011-06-01,40,3,650.41,3,2,2,Loyal,2
16970,United Kingdom,2010-03-23,2010-03-23,2010-03-01,627,1,71.4,1,1,1,Lost,5
16971,United Kingdom,2011-11-01,2011-11-01,2011-11-01,39,1,357.21,3,1,2,New,3
16972,United Kingdom,2010-09-09,2010-11-22,2010-09-01,383,2,749.0,1,2,2,Lost,5
16973,United Kingdom,2010-11-18,2010-11-18,2010-11-01,387,1,127.0,1,1,1,Lost,5
16974,United Kingdom,2010-05-24,2010-07-05,2010-05-01,523,2,365.5,1,2,2,Lost,5
16975,United Kingdom,2010-07-22,2010-10-12,2010-07-01,424,3,902.42,1,2,3,Lost,5
16976,United Kingdom,2011-03-17,2011-03-17,2011-03-01,268,1,251.52,2,1,1,Lost,5
16977,United Kingdom,2010-03-18,2010-11-09,2010-03-01,396,4,496.0,1,3,2,Lost,5
16978,United Kingdom,2010-02-11,2011-09-23,2010-02-01,78,3,768.88,3,2,2,Loyal,2
16979,United Kingdom,2010-09-15,2011-12-06,2010-09-01,4,9,2787.09,4,4,4,Champions,1
16980,United Kingdom,2010-10-07,2011-03-29,2010-10-01,256,3,1422.83,2,2,3,Lost,5
16982,United Kingdom,2011-10-10,2011-10-10,2011-10-01,61,1,384.06,3,1,2,New,3
16983,United Kingdom,2010-09-19,2011-11-27,2010-09-01,13,11,3479.48,4,4,4,Champions,1
16984,United Kingdom,2010-03-07,2011-09-12,2010-03-01,89,9,10206.4,3,4,4,Champions,1
16985,United Kingdom,2009-12-10,2011-11-22,2009-12-01,18,23,10545.76,4,4,4,Champions,1
16986,United Kingdom,2010-02-04,2011-11-10,2010-02-01,30,11,4888.75,3,4,4,Champions,1
16987,United Kingdom,2009-12-02,2011-12-06,2009-12-01,4,11,2487.55,4,4,4,Champions,1
16988,United Kingdom,2010-11-25,2011-12-04,2010-11-01,6,2,382.67,4,2,2,Loyal,2
16989,United Kingdom,2011-07-12,2011-12-02,2011-07-01,8,6,1133.25,4,3,3,Champions,1
16990,United Kingdom,2010-10-13,2011-05-05,2010-10-01,219,2,344.0,2,2,2,Lost,5
16991,United Kingdom,2010-10-14,2010-10-14,2010-10-01,422,1,1041.21,1,1,3,Lost,5
16992,United Kingdom,2010-02-11,2011-11-29,2010-02-01,11,13,5460.1,4,4,4,Champions,1
16993,United Kingdom,2010-05-12,2010-09-02,2010-05-01,464,2,1688.15,1,2,3,Lost,5
16996,United Kingdom,2010-10-18,2011-11-09,2010-10-01,31,9,2044.16,3,4,3,Champions,1
16997,United Kingdom,2011-01-18,2011-02-24,2011-01-01,289,3,702.0,2,2,2,Lost,5
16998,United Kingdom,2010-09-21,2011-07-13,2010-09-01,150,5,394.5,2,3,2,Lost,5
16999,United Kingdom,2011-09-26,2011-11-16,2011-09-01,24,2,484.82,4,2,2,Loyal,2
17000,United Kingdom,2010-10-27,2010-11-08,2010-10-01,397,2,406.3,1,2,2,Lost,5
17001,United Kingdom,2010-03-25,2011-12-09,2010-03-01,1,19,6640.8,4,4,4,Champions,1
17002,United Kingdom,2010-03-08,2011-09-15,2010-03-01,86,7,2565.6,3,3,4,Champions,1
17003,United Kingdom,2010-05-10,2010-11-02,2010-05-01,403,4,828.21,1,3,2,Lost,5
17004,United Kingdom,2010-10-11,2011-10-24,2010-10-01,47,4,2324.36,3,3,4,Champions,1
17005,United Kingdom,2010-04-30,2010-08-26,2010-04-01,471,2,612.41,1,2,2,Lost,5
17006,United Kingdom,2010-03-05,2011-12-05,2010-03-01,5,8,1635.27,4,4,3,Champions,1
17007,United Kingdom,2010-09-28,2011-10-20,2010-09-01,51,7,1107.6,3,3,3,Champions,1
17008,United Kingdom,2010-10-06,2010-10-06,2010-10-01,430,1,81.36,1,1,1,Lost,5
17009,United Kingdom,2010-06-06,2010-06-06,2010-06-01,552,1,242.06,1,1,1,Lost,5
17010,United Kingdom,2011-11-21,2011-11-21,2011-11-01,19,1,185.46,4,1,1,New,3
17011,United Kingdom,2010-02-26,2011-11-09,2010-02-01,31,3,536.7,3,2,2,Loyal,2
17012,United Kingdom,2009-12-14,2009-12-14,2009-12-01,726,1,360.61,1,1,2,Lost,5
17014,United Kingdom,2011-10-04,2011-12-01,2011-10-01,9,3,562.68,4,2,2,Loyal,2
17015,United Kingdom,2011-06-07,2011-11-11,2011-06-01,29,3,1838.61,3,2,3,Loyal,2
17016,United Kingdom,2010-05-12,2010-05-12,2010-05-01,577,1,552.4,1,1,2,Lost,5
17017,United Kingdom,2009-12-03,2011-12-07,2009-12-01,3,29,12397.49,4,4,4,Champions,1
17018,United Kingdom,2009-12-05,2011-10-30,2009-12-01,41,6,2287.7,3,3,4,Champions,1
17019,United Kingdom,2009-12-02,2011-11-28,2009-12-01,12,11,3526.29,4,4,4,Champions,1
17020,United Kingdom,2010-03-03,2010-06-15,2010-03-01,543,2,935.62,1,2,3,Lost,5
17021,United Kingdom,2010-04-29,2010-09-23,2010-04-01,443,6,1182.22,1,3,3,At risk,4
17022,United Kingdom,2010-10-03,2011-11-08,2010-10-01,32,2,260.0,3,2,1,Loyal,2
17023,United Kingdom,2010-01-11,2010-10-18,2010-01-01,418,3,800.18,1,2,2,Lost,5
17024,United Kingdom,2011-07-05,2011-10-25,2011-07-01,46,3,95.85,3,2,1,Loyal,2
17025,United Kingdom,2010-03-08,2011-10-10,2010-03-01,61,5,1349.67,3,3,3,Champions,1
17026,United Kingdom,2010-10-18,2011-06-07,2010-10-01,186,3,175.83,2,2,1,Lost,5
17027,United Kingdom,2009-12-10,2011-09-22,2009-12-01,79,9,1268.93,3,4,3,Champions,1
17028,United Kingdom,2009-12-18,2010-05-07,2009-12-01,582,3,1593.83,1,2,3,Lost,5
17029,United Kingdom,2010-02-14,2011-08-21,2010-02-01,111,7,2137.3,2,3,3,At risk,4
17030,United Kingdom,2011-10-07,2011-10-07,2011-10-01,64,1,146.87,3,1,1,New,3
17031,United Kingdom,2010-05-07,2011-11-28,2010-05-01,12,6,2773.85,4,3,4,Champions,1
17032,United Kingdom,2009-12-10,2010-04-15,2009-12-01,604,5,2816.69,1,3,4,At risk,4
17033,United Kingdom,2010-11-07,2011-09-14,2010-11-01,87,4,1332.79,3,3,3,Champions,1
17034,United Kingdom,2010-07-14,2011-11-23,2010-07-01,17,5,1231.82,4,3,3,Champions,1
17035,United Kingdom,2009-12-03,2011-04-08,2009-12-01,246,4,568.39,2,3,2,Lost,5
17036,United Kingdom,2010-11-21,2010-11-21,2010-11-01,384,1,176.9,1,1,1,Lost,5
17037,United Kingdom,2011-09-13,2011-09-13,2011-09-01,88,1,1253.22,3,1,3,New,3
17038,United Kingdom,2010-10-20,2011-11-09,2010-10-01,31,2,743.17,3,2,2,Loyal,2
17039,United Kingdom,2010-04-14,2010-04-14,2010-04-01,605,1,1954.99,1,1,3,Lost,5
17040,United Kingdom,2010-06-07,2011-07-25,2010-06-01,138,2,463.25,2,2,2,Lost,5
17041,United Kingdom,2010-04-18,2011-11-13,2010-04-01,27,6,1639.4,3,3,3,Champions,1
17042,United Kingdom,2011-04-06,2011-12-07,2011-04-01,3,5,1036.58,4,3,3,Champions,1
17043,United Kingdom,2009-12-09,2011-11-07,2009-12-01,33,8,2593.65,3,4,4,Champions,1
17044,United Kingdom,2009-12-07,2011-11-14,2009-12-01,26,12,11867.6,3,4,4,Champions,1
17045,United Kingdom,2010-10-06,2011-08-18,2010-10-01,114,5,827.68,2,3,2,Lost,5
17046,United Kingdom,2010-03-29,2011-07-05,2010-03-01,158,5,1906.07,2,3,3,At risk,4
17047,United Kingdom,2009-12-08,2011-09-15,2009-12-01,86,6,2289.23,3,3,4,Champions,1
17048,United Kingdom,2010-01-18,2011-08-14,2010-01-01,118,7,1991.45,2,3,3,At risk,4
17049,United Kingdom,2010-03-04,2011-12-07,2010-03-01,3,19,9588.83,4,4,4,Champions,1
17050,United Kingdom,2010-01-26,2011-09-04,2010-01-01,97,10,4348.46,2,4,4,At risk,4
17051,United Kingdom,2010-03-21,2011-05-29,2010-03-01,195,4,706.49,2,3,2,Lost,5
17052,United Kingdom,2011-11-11,2011-11-11,2011-11-01,29,1,399.09,3,1,2,New,3
17053,United Kingdom,2011-08-01,2011-08-01,2011-08-01,131,1,496.38,2,1,2,Lost,5
17054,United Kingdom,2011-04-08,2011-11-11,2011-04-01,29,5,1353.83,3,3,3,Champions,1
17055,United Kingdom,2010-09-20,2010-09-20,2010-09-01,446,1,232.85,1,1,1,Lost,5
17056,United Kingdom,2009-12-01,2009-12-01,2009-12-01,739,1,128.6,1,1,1,Lost,5
17057,United Kingdom,2010-04-22,2010-04-22,2010-04-01,597,1,288.79,1,1,1,Lost,5
17058,United Kingdom,2011-04-14,2011-09-19,2011-04-01,82,3,1179.89,3,2,3,Loyal,2
17059,United Kingdom,2010-01-26,2011-11-10,2010-01-01,30,9,4846.87,3,4,4,Champions,1
17060,United Kingdom,2011-03-18,2011-03-18,2011-03-01,267,1,234.24,2,1,1,Lost,5
17061,United Kingdom,2011-04-21,2011-09-27,2011-04-01,74,11,5116.13,3,4,4,Champions,1
17062,United Kingdom,2010-09-26,2011-01-30,2010-09-01,314,6,880.81,2,3,3,At risk,4
17063,United Kingdom,2009-12-01,2011-11-18,2009-12-01,22,13,3576.88,4,4,4,Champions,1
17064,United Kingdom,2011-01-16,2011-10-12,2011-01-01,59,3,855.45,3,2,3,Loyal,2
17065,United Kingdom,2010-03-12,2010-03-12,2010-03-01,638,2,194.7,1,2,1,Lost,5
17066,United Kingdom,2009-12-13,2009-12-13,2009-12-01,727,1,228.34,1,1,1,Lost,5
17067,United Kingdom,2009-12-08,2009-12-15,2009-12-01,725,3,454.54,1,2,2,Lost,5
17068,United Kingdom,2010-03-28,2011-11-27,2010-03-01,13,47,8945.53,4,4,4,Champions,1
17069,United Kingdom,2009-12-03,2011-11-11,2009-12-01,29,14,5441.35,3,4,4,Champions,1
17070,United Kingdom,2010-10-25,2011-08-17,2010-10-01,115,2,437.42,2,2,2,Lost,5
17071,United Kingdom,2010-01-24,2011-11-11,2010-01-01,29,13,3730.96,3,4,4,Champions,1
17072,United Kingdom,2010-03-24,2010-03-24,2010-03-01,626,1,273.35,1,1,1,Lost,5
17073,United Kingdom,2011-08-22,2011-11-22,2011-08-01,18,4,1444.84,4,3,3,Champions,1
17074,United Kingdom,2010-05-26,2010-05-26,2010-05-01,563,1,203.05,1,1,1,Lost,5
17075,United Kingdom,2009-12-14,2011-11-22,2009-12-01,18,10,2216.28,4,4,4,Champions,1
17076,United Kingdom,2009-12-04,2011-11-03,2009-12-01,37,6,1242.75,3,3,3,Champions,1
17077,United Kingdom,2010-05-10,2010-05-10,2010-05-01,579,1,306.0,1,1,1,Lost,5
17078,United Kingdom,2011-11-03,2011-11-03,2011-11-01,37,2,375.86,3,2,2,Loyal,2
17079,United Kingdom,2011-09-22,2011-09-22,2011-09-01,79,1,118.8,3,1,1,New,3
17080,United Kingdom,2010-07-01,2011-11-17,2010-07-01,23,7,955.41,4,3,3,Champions,1
17081,United Kingdom,2010-02-22,2011-11-14,2010-02-01,26,6,949.39,3,3,3,Champions,1
17082,United Kingdom,2009-12-15,2011-11-06,2009-12-01,34,6,4732.03,3,3,4,Champions,1
17083,United Kingdom,2010-02-09,2011-08-22,2010-02-01,110,9,4035.08,2,4,4,At risk,4
17084,United Kingdom,2010-11-08,2011-11-04,2010-11-01,36,3,4997.96,3,2,4,Champions,1
17085,United Kingdom,2009-12-06,2011-08-08,2009-12-01,124,28,7705.27,2,4,4,At risk,4
17086,United Kingdom,2011-10-07,2011-12-02,2011-10-01,8,6,2050.08,4,3,3,Champions,1
17087,United Kingdom,2009-12-02,2009-12-02,2009-12-01,738,1,221.53,1,1,1,Lost,5
17088,United Kingdom,2011-03-31,2011-11-11,2011-03-01,29,4,1991.01,3,3,3,Champions,1
17089,United Kingdom,2010-11-18,2010-11-18,2010-11-01,387,1,128.45,1,1,1,Lost,5
17090,United Kingdom,2010-07-19,2011-12-05,2010-07-01,5,13,2986.64,4,4,4,Champions,1
17091,United Kingdom,2009-12-16,2011-12-07,2009-12-01,3,19,7462.15,4,4,4,Champions,1
17092,United Kingdom,2010-02-02,2011-10-20,2010-02-01,51,11,5479.76,3,4,4,Champions,1
17093,United Kingdom,2010-04-26,2010-04-26,2010-04-01,593,1,235.88,1,1,1,Lost,5
17094,United Kingdom,2010-10-12,2011-01-21,2010-10-01,323,2,370.4,2,2,2,Lost,5
17095,United Kingdom,2009-12-15,2011-11-17,2009-12-01,23,7,2520.75,4,3,4,Champions,1
17096,United Kingdom,2010-06-02,2011-11-24,2010-06-01,16,11,3629.58,4,4,4,Champions,1
17097,Spain,2010-10-05,2011-12-07,2010-10-01,3,9,1126.86,4,4,3,Champions,1
17098,United Kingdom,2010-06-17,2010-11-23,2010-06-01,382,3,591.07,1,2,2,Lost,5
17099,United Kingdom,2010-06-24,2010-06-24,2010-06-01,534,1,582.17,1,1,2,Lost,5
17100,United Kingdom,2011-11-21,2011-11-21,2011-11-01,19,2,971.74,4,2,3,Loyal,2
17101,United Kingdom,2010-06-07,2011-11-29,2010-06-01,11,7,2507.05,4,3,4,Champions,1
17102,United Kingdom,2011-03-23,2011-03-23,2011-03-01,262,1,25.5,2,1,1,Lost,5
17103,United Kingdom,2009-12-17,2009-12-17,2009-12-01,723,1,424.3,1,1,2,Lost,5
17104,United Kingdom,2010-10-12,2010-10-12,2010-10-01,424,1,474.03,1,1,2,Lost,5
17105,United Kingdom,2011-02-06,2011-07-03,2011-02-01,160,2,665.78,2,2,2,Lost,5
17106,United Kingdom,2010-11-15,2010-11-15,2010-11-01,390,1,481.58,1,1,2,Lost,5
17107,United Kingdom,2010-01-31,2011-11-06,2010-01-01,34,10,15595.37,3,4,4,Champions,1
17108,United Kingdom,2010-02-14,2010-02-14,2010-02-01,664,1,174.95,1,1,1,Lost,5
17109,United Kingdom,2010-07-30,2011-11-10,2010-07-01,30,8,1276.35,3,4,3,Champions,1
17110,United Kingdom,2010-04-08,2011-06-27,2010-04-01,166,3,499.9,2,2,2,Lost,5
17111,United Kingdom,2010-10-10,2011-10-23,2010-10-01,48,2,459.58,3,2,2,Loyal,2
17112,United Kingdom,2010-07-25,2010-07-25,2010-07-01,503,1,197.57,1,1,1,Lost,5
17113,United Kingdom,2010-01-11,2010-05-14,2010-01-01,575,6,2092.16,1,3,3,At risk,4
17114,United Kingdom,2011-01-09,2011-12-04,2011-01-01,6,8,739.72,4,4,2,Champions,1
17115,United Kingdom,2009-12-05,2011-12-01,2009-12-01,9,7,2616.29,4,3,4,Champions,1
17116,United Kingdom,2010-03-01,2010-03-01,2010-03-01,649,1,389.78,1,1,2,Lost,5
17117,United Kingdom,2011-02-24,2011-02-24,2011-02-01,289,1,116.2,2,1,1,Lost,5
17118,United Kingdom,2011-01-26,2011-01-26,2011-01-01,318,1,157.02,2,1,1,Lost,5
17119,United Kingdom,2011-10-11,2011-12-06,2011-10-01,4,2,593.61,4,2,2,Loyal,2
17120,United Kingdom,2011-04-20,2011-04-20,2011-04-01,234,1,307.46,2,1,1,Lost,5
17121,United Kingdom,2010-11-02,2010-11-02,2010-11-01,403,1,314.74,1,1,1,Lost,5
17122,United Kingdom,2010-07-28,2011-08-12,2010-07-01,120,4,570.5,2,3,2,Lost,5
17123,United Kingdom,2010-05-16,2011-07-01,2010-05-01,162,3,966.67,2,2,3,Lost,5
17124,United Kingdom,2011-06-07,2011-06-07,2011-06-01,186,1,294.24,2,1,1,Lost,5
17125,United Kingdom,2011-10-20,2011-10-20,2011-10-01,51,1,230.5,3,1,1,New,3
17126,United Kingdom,2010-08-31,2011-07-10,2010-08-01,153,9,1996.03,2,4,3,At risk,4
17127,United Kingdom,2009-12-04,2010-10-07,2009-12-01,429,5,1155.03,1,3,3,At risk,4
17128,United Kingdom,2011-01-09,2011-01-09,2011-01-01,335,1,157.09,2,1,1,Lost,5
17129,United Kingdom,2010-07-07,2010-07-07,2010-07-01,521,1,31.85,1,1,1,Lost,5
17131,United Kingdom,2011-09-25,2011-12-04,2011-09-01,6,5,2463.17,4,3,4,Champions,1
17132,United Kingdom,2010-08-08,2010-09-13,2010-08-01,453,2,1220.91,1,2,3,Lost,5
17133,United Kingdom,2010-03-21,2011-11-24,2010-03-01,16,12,12972.09,4,4,4,Champions,1
17134,United Kingdom,2010-09-23,2011-08-25,2010-09-01,107,3,625.3,2,2,2,Lost,5
17135,United Kingdom,2010-05-09,2011-11-23,2010-05-01,17,10,1705.46,4,4,3,Champions,1
17136,United Kingdom,2010-02-15,2010-02-15,2010-02-01,663,1,231.68,1,1,1,Lost,5
17137,United Kingdom,2010-01-31,2010-10-19,2010-01-01,417,6,1099.81,1,3,3,At risk,4
17138,United Kingdom,2010-02-04,2011-03-09,2010-02-01,276,7,4417.27,2,3,4,At risk,4
17139,United Kingdom,2010-01-11,2011-11-24,2010-01-01,16,25,19473.91,4,4,4,Champions,1
17140,United Kingdom,2011-04-06,2011-04-06,2011-04-01,248,1,454.12,2,1,2,Lost,5
17141,United Kingdom,2010-01-24,2010-10-17,2010-01-01,419,4,727.58,1,3,2,Lost,5
17142,United Kingdom,2010-01-24,2011-04-14,2010-01-01,240,4,1275.25,2,3,3,At risk,4
17143,United Kingdom,2010-07-12,2010-10-18,2010-07-01,418,2,880.97,1,2,3,Lost,5
17144,United Kingdom,2011-09-16,2011-12-08,2011-09-01,2,2,984.57,4,2,3,Loyal,2
17145,United Kingdom,2010-02-19,2010-07-15,2010-02-01,513,4,3014.64,1,3,4,At risk,4
17146,United Kingdom,2010-02-02,2011-08-26,2010-02-01,106,13,5788.39,2,4,4,At risk,4
17147,United Kingdom,2010-01-11,2011-11-17,2010-01-01,23,9,3069.15,4,4,4,Champions,1
17148,United Kingdom,2011-10-19,2011-10-19,2011-10-01,52,1,124.88,3,1,1,New,3
17149,United Kingdom,2010-09-14,2010-09-14,2010-09-01,452,1,143.1,1,1,1,Lost,5
17150,United Kingdom,2009-12-06,2010-11-28,2009-12-01,377,6,1357.95,2,3,3,At risk,4
17151,United Kingdom,2009-12-04,2009-12-04,2009-12-01,736,1,231.9,1,1,1,Lost,5
17152,United Kingdom,2010-10-10,2011-05-29,2010-10-01,195,4,1830.5,2,3,3,At risk,4
17153,United Kingdom,2011-11-15,2011-11-15,2011-11-01,25,1,213.78,4,1,1,New,3
17154,United Kingdom,2011-09-25,2011-09-25,2011-09-01,76,1,329.34,3,1,1,New,3
17155,United Kingdom,2009-12-03,2011-11-22,2009-12-01,18,7,892.46,4,3,3,Champions,1
17156,United Kingdom,2010-08-05,2010-08-05,2010-08-01,492,1,572.07,1,1,2,Lost,5
17157,United Kingdom,2009-12-04,2011-12-02,2009-12-01,8,19,5139.45,4,4,4,Champions,1
17158,United Kingdom,2010-03-07,2011-11-07,2010-03-01,33,5,1962.3,3,3,3,Champions,1
17159,United Kingdom,2010-03-04,2011-11-18,2010-03-01,22,5,2095.44,4,3,3,Champions,1
17160,United Kingdom,2009-12-04,2011-11-08,2009-12-01,32,17,10201.36,3,4,4,Champions,1
17161,United Kingdom,2010-09-21,2010-09-21,2010-09-01,445,1,856.01,1,1,3,Lost,5
17162,United Kingdom,2011-02-07,2011-11-11,2011-02-01,29,10,1707.21,3,4,3,Champions,1
17163,United Kingdom,2010-02-02,2011-11-18,2010-02-01,22,4,699.78,4,3,2,Loyal,2
17164,United Kingdom,2011-03-11,2011-11-07,2011-03-01,33,7,2466.4,3,3,4,Champions,1
17165,United Kingdom,2009-12-11,2011-02-28,2009-12-01,285,6,1783.63,2,3,3,At risk,4
17166,United Kingdom,2011-05-20,2011-11-01,2011-05-01,39,2,189.49,3,2,1,Loyal,2
17167,United Kingdom,2010-09-20,2010-11-25,2010-09-01,380,3,867.11,1,2,3,Lost,5
17168,United Kingdom,2010-07-29,2010-07-29,2010-07-01,499,1,400.2,1,1,2,Lost,5
17169,United Kingdom,2010-05-10,2011-10-13,2010-05-01,58,3,1129.88,3,2,3,Loyal,2
17170,United Kingdom,2010-11-15,2010-11-30,2010-11-01,375,2,118.98,2,2,1,Lost,5
17171,United Kingdom,2010-02-16,2011-02-23,2010-02-01,290,2,384.59,2,2,2,Lost,5
17172,United Kingdom,2009-12-13,2011-09-22,2009-12-01,79,3,915.49,3,2,3,Loyal,2
17173,United Kingdom,2011-07-31,2011-12-04,2011-07-01,6,8,3755.65,4,4,4,Champions,1
17174,United Kingdom,2011-05-06,2011-05-06,2011-05-01,218,1,59.9,2,1,1,Lost,5
17175,United Kingdom,2011-02-16,2011-10-26,2011-02-01,45,4,1430.94,3,3,3,Champions,1
17176,United Kingdom,2010-01-31,2011-05-22,2010-01-01,202,3,902.32,2,2,3,Lost,5
17177,United Kingdom,2010-07-22,2010-07-22,2010-07-01,506,1,119.5,1,1,1,Lost,5
17178,United Kingdom,2009-12-08,2009-12-08,2009-12-01,732,1,432.96,1,1,2,Lost,5
17179,United Kingdom,2010-05-26,2011-06-14,2010-05-01,179,6,1507.26,2,3,3,At risk,4
17180,United Kingdom,2010-01-21,2011-10-14,2010-01-01,57,11,2216.12,3,4,4,Champions,1
17181,United Kingdom,2010-04-23,2011-10-13,2010-04-01,58,3,309.85,3,2,1,Loyal,2
17182,United Kingdom,2009-12-21,2010-10-13,2009-12-01,423,2,321.3,1,2,1,Lost,5
17183,United Kingdom,2011-08-26,2011-12-02,2011-08-01,8,6,3286.91,4,3,4,Champions,1
17184,United Kingdom,2009-12-09,2010-05-19,2009-12-01,570,2,198.41,1,2,1,Lost,5
17185,United Kingdom,2010-04-20,2010-04-27,2010-04-01,592,3,229.46,1,2,1,Lost,5
17186,United Kingdom,2011-10-10,2011-10-24,2011-10-01,47,2,144.0,3,2,1,Loyal,2
17187,United Kingdom,2010-07-01,2011-04-27,2010-07-01,227,2,467.71,2,2,2,Lost,5
17188,United Kingdom,2009-12-08,2011-11-28,2009-12-01,12,13,4361.83,4,4,4,Champions,1
17189,United Kingdom,2009-12-02,2011-08-25,2009-12-01,107,5,953.63,2,3,3,At risk,4
17190,United Kingdom,2010-03-05,2011-10-12,2010-03-01,59,7,1529.73,3,3,3,Champions,1
17191,United Kingdom,2009-12-01,2011-11-11,2009-12-01,29,15,4284.84,3,4,4,Champions,1
17192,United Kingdom,2010-06-21,2010-06-21,2010-06-01,537,1,75.28,1,1,1,Lost,5
17193,United Kingdom,2009-12-02,2011-11-04,2009-12-01,36,9,2254.6,3,4,4,Champions,1
17194,United Kingdom,2010-06-27,2010-12-14,2010-06-01,361,2,776.66,2,2,2,Lost,5
17195,United Kingdom,2010-02-22,2010-02-22,2010-02-01,656,1,562.98,1,1,2,Lost,5
17196,United Kingdom,2010-10-08,2010-10-08,2010-10-01,428,1,327.75,1,1,1,Lost,5
17197,United Kingdom,2011-11-10,2011-11-10,2011-11-01,30,1,1013.01,3,1,3,New,3
17198,United Kingdom,2010-12-03,2011-11-16,2010-12-01,24,3,692.22,4,2,2,Loyal,2
17199,United Kingdom,2010-05-06,2010-05-06,2010-05-01,583,1,135.04,1,1,1,Lost,5
17200,United Kingdom,2010-02-25,2010-11-17,2010-02-01,388,4,356.71,1,3,2,Lost,5
17201,United Kingdom,2010-02-10,2011-10-17,2010-02-01,54,4,1117.0,3,3,3,Champions,1
17202,United Kingdom,2010-10-15,2010-10-15,2010-10-01,421,1,160.65,1,1,1,Lost,5
17203,United Kingdom,2010-11-16,2011-11-04,2010-11-01,36,10,5564.09,3,4,4,Champions,1
17204,United Kingdom,2010-06-10,2011-06-17,2010-06-01,176,9,5263.69,2,4,4,At risk,4
17205,United Kingdom,2010-05-24,2011-10-17,2010-05-01,54,3,999.35,3,2,3,Loyal,2
17206,United Kingdom,2011-10-17,2011-10-17,2011-10-01,54,1,204.24,3,1,1,New,3
17207,United Kingdom,2010-02-25,2010-02-25,2010-02-01,653,1,291.77,1,1,1,Lost,5
17208,United Kingdom,2010-11-09,2010-11-09,2010-11-01,396,1,111.15,1,1,1,Lost,5
17209,United Kingdom,2009-12-03,2010-02-28,2009-12-01,650,3,595.7,1,2,2,Lost,5
17210,United Kingdom,2010-11-12,2010-11-12,2010-11-01,393,1,251.72,1,1,1,Lost,5
17211,United Kingdom,2009-12-13,2011-11-13,2009-12-01,27,13,3728.8,3,4,4,Champions,1
17212,United Kingdom,2010-08-10,2011-03-31,2010-08-01,254,3,794.41,2,2,2,Lost,5
17213,United Kingdom,2009-12-15,2011-10-30,2009-12-01,41,13,4766.03,3,4,4,Champions,1
17214,United Kingdom,2010-12-15,2011-10-10,2010-12-01,61,6,974.12,3,3,3,Champions,1
17215,United Kingdom,2010-09-01,2010-09-01,2010-09-01,465,1,186.15,1,1,1,Lost,5
17216,United Kingdom,2010-06-03,2010-06-03,2010-06-01,555,1,63.6,1,1,1,Lost,5
17217,United Kingdom,2010-03-30,2011-04-19,2010-03-01,235,2,210.1,2,2,1,Lost,5
17218,United Kingdom,2010-01-25,2011-12-05,2010-01-01,5,18,3889.39,4,4,4,Champions,1
17219,United Kingdom,2010-10-19,2011-11-08,2010-10-01,32,2,259.13,3,2,1,Loyal,2
17220,United Kingdom,2010-01-20,2011-11-15,2010-01-01,25,21,4451.41,4,4,4,Champions,1
17221,United Kingdom,2010-04-11,2011-12-02,2010-04-01,8,5,976.62,4,3,3,Champions,1
17222,United Kingdom,2010-01-10,2011-10-05,2010-01-01,66,6,1563.61,3,3,3,Champions,1
17223,United Kingdom,2010-11-29,2011-02-02,2010-11-01,311,3,523.04,2,2,2,Lost,5
17224,United Kingdom,2010-07-26,2010-07-26,2010-07-01,502,1,100.86,1,1,1,Lost,5
17225,United Kingdom,2010-05-07,2010-05-07,2010-05-01,582,1,131.15,1,1,1,Lost,5
17226,United Kingdom,2010-02-12,2011-02-04,2010-02-01,309,3,895.47,2,2,3,Lost,5
17227,United Kingdom,2010-01-15,2011-11-21,2010-01-01,19,12,1878.93,4,4,3,Champions,1
17228,United Kingdom,2010-03-12,2011-11-24,2010-03-01,16,13,2820.03,4,4,4,Champions,1
17229,United Kingdom,2011-07-20,2011-09-04,2011-07-01,97,2,318.76,2,2,1,Lost,5
17230,United Kingdom,2009-12-08,2011-03-20,2009-12-01,265,18,9159.45,2,4,4,At risk,4
17231,United Kingdom,2009-12-07,2011-11-27,2009-12-01,13,25,6958.83,4,4,4,Champions,1
17232,United Kingdom,2011-11-25,2011-12-07,2011-11-01,3,2,417.77,4,2,2,Loyal,2
17233,United Kingdom,2009-12-15,2011-11-04,2009-12-01,36,3,560.86,3,2,2,Loyal,2
17234,United Kingdom,2011-06-10,2011-06-10,2011-06-01,183,1,149.89,2,1,1,Lost,5
17235,United Kingdom,2010-06-04,2011-11-14,2010-06-01,26,8,1562.98,3,4,3,Champions,1
17236,United Kingdom,2010-03-07,2011-11-27,2010-03-01,13,12,1929.26,4,4,3,Champions,1
17237,United Kingdom,2010-11-23,2011-11-28,2010-11-01,12,4,994.13,4,3,3,Champions,1
17238,United Kingdom,2009-12-01,2011-12-07,2009-12-01,3,32,7331.17,4,4,4,Champions,1
17239,United Kingdom,2010-07-01,2011-01-31,2010-07-01,313,4,1174.15,2,3,3,At risk,4
17240,United Kingdom,2010-04-22,2010-04-22,2010-04-01,597,1,130.6,1,1,1,Lost,5
17241,United Kingdom,2010-02-15,2010-11-19,2010-02-01,386,12,2736.64,1,4,4,At risk,4
17242,United Kingdom,2010-01-24,2011-08-23,2010-01-01,109,5,2889.28,2,3,4,At risk,4
17243,United Kingdom,2009-12-01,2011-12-08,2009-12-01,2,69,20004.03,4,4,4,Champions,1
17244,United Kingdom,2009-12-06,2011-10-17,2009-12-01,54,5,1826.04,3,3,3,Champions,1
17245,United Kingdom,2010-01-19,2011-05-19,2010-01-01,205,2,371.63,2,2,2,Lost,5
17246,United Kingdom,2009-12-01,2010-06-11,2009-12-01,547,2,38.92,1,2,1,Lost,5
17247,United Kingdom,2011-11-24,2011-11-24,2011-11-01,16,1,280.09,4,1,1,New,3
17248,United Kingdom,2010-08-15,2011-08-11,2010-08-01,121,2,500.54,2,2,2,Lost,5
17249,United Kingdom,2010-10-07,2010-10-07,2010-10-01,429,1,68.03,1,1,1,Lost,5
17250,United Kingdom,2011-03-23,2011-12-06,2011-03-01,4,2,381.97,4,2,2,Loyal,2
17251,United Kingdom,2009-12-15,2010-12-12,2009-12-01,363,3,790.28,2,2,2,Lost,5
17252,United Kingdom,2011-06-06,2011-08-15,2011-06-01,117,2,348.91,2,2,2,Lost,5
17253,United Kingdom,2011-11-21,2011-11-21,2011-11-01,19,1,178.26,4,1,1,New,3
17254,United Kingdom,2010-11-03,2011-12-05,2010-11-01,5,3,469.48,4,2,2,Loyal,2
17255,United Kingdom,2010-09-19,2011-10-30,2010-09-01,41,4,781.7,3,3,2,Loyal,2
17256,United Kingdom,2010-04-18,2011-08-24,2010-04-01,108,5,498.93,2,3,2,Lost,5
17257,United Kingdom,2010-09-29,2010-09-29,2010-09-01,437,2,189.78,1,2,1,Lost,5
17258,United Kingdom,2010-02-12,2010-11-08,2010-02-01,397,2,417.3,1,2,2,Lost,5
17259,United Kingdom,2010-02-22,2011-07-14,2010-02-01,149,6,1452.39,2,3,3,At risk,4
17260,United Kingdom,2010-10-24,2010-10-24,2010-10-01,412,1,120.95,1,1,1,Lost,5
17261,United Kingdom,2010-07-18,2010-07-18,2010-07-01,510,1,221.59,1,1,1,Lost,5
17262,United Kingdom,2009-12-15,2011-10-18,2009-12-01,53,11,2488.76,3,4,4,Champions,1
17263,United Kingdom,2011-05-15,2011-05-15,2011-05-01,209,1,63.44,2,1,1,Lost,5
17264,United Kingdom,2010-10-11,2010-10-11,2010-10-01,425,1,268.28,1,1,1,Lost,5
17265,United Kingdom,2011-06-12,2011-07-24,2011-06-01,139,2,550.01,2,2,2,Lost,5
17266,United Kingdom,2010-03-09,2011-12-07,2010-03-01,3,5,501.72,4,3,2,Loyal,2
17267,United Kingdom,2011-08-04,2011-08-04,2011-08-01,128,2,317.2,2,2,1,Lost,5
17268,United Kingdom,2009-12-08,2011-08-24,2009-12-01,108,11,1733.89,2,4,3,At risk,4
17269,United Kingdom,2010-11-19,2010-11-19,2010-11-01,386,1,491.81,1,1,2,Lost,5
17270,United Kingdom,2009-12-07,2010-08-27,2009-12-01,470,2,601.45,1,2,2,Lost,5
17271,United Kingdom,2009-12-03,2009-12-03,2009-12-01,737,1,204.3,1,1,1,Lost,5
17272,United Kingdom,2011-03-22,2011-10-28,2011-03-01,43,4,2144.53,3,3,3,Champions,1
17273,United Kingdom,2010-10-11,2010-10-11,2010-10-01,425,1,141.12,1,1,1,Lost,5
17274,United Kingdom,2010-11-09,2011-11-04,2010-11-01,36,2,573.22,3,2,2,Loyal,2
17275,United Kingdom,2010-11-21,2010-11-21,2010-11-01,384,1,114.1,1,1,1,Lost,5
17276,United Kingdom,2010-11-02,2010-11-02,2010-11-01,403,1,444.19,1,1,2,Lost,5
17277,United Kingdom,2011-01-21,2011-04-26,2011-01-01,228,2,1065.35,2,2,3,Lost,5
17278,United Kingdom,2010-05-23,2011-04-12,2010-05-01,242,2,271.24,2,2,1,Lost,5
17279,United Kingdom,2011-10-13,2011-10-13,2011-10-01,58,1,187.83,3,1,1,New,3
17280,United Kingdom,2010-09-27,2010-09-27,2010-09-01,439,1,118.86,1,1,1,Lost,5
17281,United Kingdom,2010-02-04,2010-11-30,2010-02-01,375,6,797.85,2,3,2,Lost,5
17282,United Kingdom,2010-06-09,2011-08-01,2010-06-01,131,5,2308.54,2,3,4,At risk,4
17283,United Kingdom,2010-11-26,2010-11-26,2010-11-01,379,1,188.46,1,1,1,Lost,5
17284,United Kingdom,2010-11-15,2011-10-10,2010-11-01,61,7,2547.7,3,3,4,Champions,1
17285,United Kingdom,2010-02-14,2010-03-21,2010-02-01,629,2,400.44,1,2,2,Lost,5
17286,United Kingdom,2010-11-04,2011-11-18,2010-11-01,22,3,389.18,4,2,2,Loyal,2
17287,United Kingdom,2009-12-03,2011-11-13,2009-12-01,27,21,3810.61,3,4,4,Champions,1
17288,United Kingdom,2010-11-10,2011-11-30,2010-11-01,10,11,2468.43,4,4,4,Champions,1
17289,United Kingdom,2010-03-08,2011-11-08,2010-03-01,32,9,2032.3,3,4,3,Champions,1
17290,United Kingdom,2009-12-13,2011-12-06,2009-12-01,4,8,1427.48,4,4,3,Champions,1
17291,United Kingdom,2011-02-04,2011-02-04,2011-02-01,309,1,550.8,2,1,2,Lost,5
17292,United Kingdom,2010-05-09,2010-08-24,2010-05-01,473,2,271.75,1,2,1,Lost,5
17293,United Kingdom,2009-12-03,2011-12-01,2009-12-01,9,17,3750.63,4,4,4,Champions,1
17294,United Kingdom,2010-02-08,2010-02-08,2010-02-01,670,2,467.79,1,2,2,Lost,5
17295,United Kingdom,2011-10-06,2011-11-11,2011-10-01,29,3,547.0,3,2,2,Loyal,2
17296,United Kingdom,2009-12-09,2009-12-09,2009-12-01,731,1,338.13,1,1,2,Lost,5
17297,United Kingdom,2011-11-22,2011-11-22,2011-11-01,18,1,128.18,4,1,1,New,3
17298,United Kingdom,2010-03-08,2011-08-30,2010-03-01,102,5,933.32,2,3,3,At risk,4
17299,United Kingdom,2010-08-15,2011-11-28,2010-08-01,12,6,993.23,4,3,3,Champions,1
17300,United Kingdom,2010-08-15,2010-11-14,2010-08-01,391,2,393.64,1,2,2,Lost,5
17301,United Kingdom,2010-03-25,2011-11-18,2010-03-01,22,2,294.39,4,2,1,Loyal,2
17302,United Kingdom,2011-02-07,2011-11-25,2011-02-01,15,5,1119.93,4,3,3,Champions,1
17303,United Kingdom,2010-12-13,2010-12-13,2010-12-01,362,1,250.04,2,1,1,Lost,5
17304,United Kingdom,2010-06-23,2010-06-23,2010-06-01,535,1,111.5,1,1,1,Lost,5
17305,United Kingdom,2010-03-01,2010-03-01,2010-03-01,649,1,2135.46,1,1,3,Lost,5
17306,United Kingdom,2010-11-01,2011-11-29,2010-11-01,11,21,9751.77,4,4,4,Champions,1
17307,United Kingdom,2010-01-19,2010-11-09,2010-01-01,396,11,3378.31,1,4,4,At risk,4
17308,United Kingdom,2010-09-13,2010-11-11,2010-09-01,394,2,4511.76,1,2,4,At risk,4
17309,United Kingdom,2010-02-04,2011-09-05,2010-02-01,96,3,320.39,2,2,1,Lost,5
17310,United Kingdom,2010-06-23,2010-11-17,2010-06-01,388,2,1025.1,1,2,3,Lost,5
17311,United Kingdom,2010-02-03,2011-09-22,2010-02-01,79,6,3490.66,3,3,4,Champions,1
17312,United Kingdom,2011-07-03,2011-07-24,2011-07-01,139,3,644.3,2,2,2,Lost,5
17313,United Kingdom,2011-11-08,2011-11-08,2011-11-01,32,1,2288.13,3,1,4,New,3
17314,United Kingdom,2009-12-03,2011-11-15,2009-12-01,25,17,4514.7,4,4,4,Champions,1
17315,United Kingdom,2010-09-27,2011-12-08,2010-09-01,2,41,9467.45,4,4,4,Champions,1
17316,United Kingdom,2010-10-15,2010-10-15,2010-10-01,421,1,124.45,1,1,1,Lost,5
17317,United Kingdom,2011-09-11,2011-10-24,2011-09-01,47,3,2524.02,3,2,4,Champions,1
17318,United Kingdom,2009-12-14,2009-12-14,2009-12-01,726,1,157.33,1,1,1,Lost,5
17319,United Kingdom,2010-02-08,2010-02-08,2010-02-01,670,1,29.1,1,1,1,Lost,5
17320,United Kingdom,2010-01-21,2011-08-31,2010-01-01,101,6,2444.85,2,3,4,At risk,4
17321,United Kingdom,2010-05-11,2011-12-01,2010-05-01,9,6,1665.21,4,3,3,Champions,1
17322,United Kingdom,2009-12-03,2010-11-28,2009-12-01,377,5,900.64,2,3,3,At risk,4
17323,United Kingdom,2010-01-10,2011-11-24,2010-01-01,16,12,1535.56,4,4,3,Champions,1
17324,United Kingdom,2009-12-18,2011-11-22,2009-12-01,18,12,2018.07,4,4,3,Champions,1
17325,United Kingdom,2010-03-08,2011-03-04,2010-03-01,281,3,609.57,2,2,2,Lost,5
17326,United Kingdom,2010-06-28,2010-10-27,2010-06-01,409,2,312.35,1,2,1,Lost,5
17327,United Kingdom,2010-05-26,2010-10-26,2010-05-01,410,2,152.35,1,2,1,Lost,5
17328,United Kingdom,2010-02-04,2010-02-04,2010-02-01,674,1,104.7,1,1,1,Lost,5
17329,United Kingdom,2009-12-03,2011-11-25,2009-12-01,15,5,998.53,4,3,3,Champions,1
17330,United Kingdom,2010-03-02,2011-11-17,2010-03-01,23,4,423.8,4,3,2,Loyal,2
17331,United Kingdom,2011-08-08,2011-08-08,2011-08-01,124,1,175.2,2,1,1,Lost,5
17332,United Kingdom,2010-02-21,2010-06-29,2010-02-01,529,5,827.77,1,3,2,Lost,5
17333,United Kingdom,2011-09-15,2011-09-15,2011-09-01,86,1,494.25,3,1,2,New,3
17334,United Kingdom,2010-10-29,2011-02-10,2010-10-01,303,3,634.73,2,2,2,Lost,5
17335,United Kingdom,2010-01-24,2010-11-21,2010-01-01,384,2,497.04,1,2,2,Lost,5
17336,United Kingdom,2010-08-24,2010-08-24,2010-08-01,473,1,81.12,1,1,1,Lost,5
17337,United Kingdom,2011-02-02,2011-07-11,2011-02-01,152,4,1896.06,2,3,3,At risk,4
17338,United Kingdom,2010-03-10,2011-11-22,2010-03-01,18,17,11777.49,4,4,4,Champions,1
17339,United Kingdom,2010-07-18,2011-09-06,2010-07-01,95,3,243.36,3,2,1,Loyal,2
17340,United Kingdom,2010-02-14,2011-11-10,2010-02-01,30,18,19159.01,3,4,4,Champions,1
17341,United Kingdom,2010-06-17,2011-07-06,2010-06-01,157,5,1272.21,2,3,3,At risk,4
17342,United Kingdom,2010-02-08,2010-11-25,2010-02-01,380,4,1155.84,1,3,3,At risk,4
17343,United Kingdom,2009-12-03,2010-12-19,2009-12-01,356,6,1259.94,2,3,3,At risk,4
17344,United Kingdom,2009-12-11,2011-10-24,2009-12-01,47,2,443.86,3,2,2,Loyal,2
17345,United Kingdom,2009-12-01,2011-11-24,2009-12-01,16,10,1466.33,4,4,3,Champions,1
17346,United Kingdom,2010-04-18,2011-12-06,2010-04-01,4,26,4926.43,4,4,4,Champions,1
17347,United Kingdom,2011-09-14,2011-09-14,2011-09-01,87,1,228.96,3,1,1,New,3
17348,United Kingdom,2010-03-10,2011-11-25,2010-03-01,15,9,2430.99,4,4,4,Champions,1
17349,United Kingdom,2010-03-18,2011-06-13,2010-03-01,180,5,772.41,2,3,2,Lost,5
17350,United Kingdom,2010-02-01,2011-12-01,2010-02-01,9,7,1863.82,4,3,3,Champions,1
17351,United Kingdom,2009-12-10,2011-11-03,2009-12-01,37,12,1964.38,3,4,3,Champions,1
17352,United Kingdom,2010-01-12,2010-01-12,2010-01-01,697,1,36.25,1,1,1,Lost,5
17353,United Kingdom,2010-03-25,2011-08-02,2010-03-01,130,4,3155.55,2,3,4,At risk,4
17354,United Kingdom,2010-10-07,2011-10-20,2010-10-01,51,4,3133.96,3,3,4,Champions,1
17355,United Kingdom,2010-11-18,2010-11-18,2010-11-01,387,1,273.31,1,1,1,Lost,5
17356,United Kingdom,2010-01-20,2011-02-01,2010-01-01,312,5,946.47,2,3,3,At risk,4
17357,United Kingdom,2011-11-15,2011-11-15,2011-11-01,25,2,384.39,4,2,2,Loyal,2
17358,United Kingdom,2010-02-24,2011-02-09,2010-02-01,304,5,861.01,2,3,3,At risk,4
17359,United Kingdom,2010-03-01,2011-11-28,2010-03-01,12,2,284.46,4,2,1,Loyal,2
17360,United Kingdom,2010-10-01,2011-11-22,2010-10-01,18,6,1170.56,4,3,3,Champions,1
17361,United Kingdom,2010-02-01,2011-10-21,2010-02-01,50,5,871.79,3,3,3,Champions,1
17362,United Kingdom,2010-01-06,2011-04-14,2010-01-01,240,7,1010.54,2,3,3,At risk,4
17363,United Kingdom,2010-11-02,2010-11-09,2010-11-01,396,3,920.46,1,2,3,Lost,5
17364,United Kingdom,2009-12-07,2011-12-09,2009-12-01,1,27,11587.05,4,4,4,Champions,1
17365,United Kingdom,2010-02-01,2011-11-27,2010-02-01,13,15,8160.3,4,4,4,Champions,1
17366,United Kingdom,2010-09-09,2010-10-03,2010-09-01,433,2,1075.59,1,2,3,Lost,5
17367,United Kingdom,2011-04-15,2011-04-15,2011-04-01,239,1,167.55,2,1,1,Lost,5
17368,United Kingdom,2009-12-15,2011-11-16,2009-12-01,24,14,2145.39,4,4,3,Champions,1
17369,United Kingdom,2010-09-10,2010-09-10,2010-09-01,456,1,979.2,1,1,3,Lost,5
17370,United Kingdom,2011-06-23,2011-09-28,2011-06-01,73,4,446.18,3,3,2,Loyal,2
17371,United Kingdom,2009-12-08,2011-11-22,2009-12-01,18,6,651.37,4,3,2,Loyal,2
17372,United Kingdom,2009-12-03,2011-10-30,2009-12-01,41,27,4264.33,3,4,4,Champions,1
17373,United Kingdom,2010-02-28,2011-10-30,2010-02-01,41,7,1167.5,3,3,3,Champions,1
17374,United Kingdom,2010-11-09,2011-05-05,2010-11-01,219,3,711.21,2,2,2,Lost,5
17375,United Kingdom,2010-10-04,2011-05-24,2010-10-01,200,4,632.95,2,3,2,Lost,5
17376,United Kingdom,2010-07-05,2011-09-30,2010-07-01,71,4,453.64,3,3,2,Loyal,2
17377,United Kingdom,2009-12-02,2011-11-16,2009-12-01,24,78,17184.23,4,4,4,Champions,1
17379,United Kingdom,2011-11-28,2011-11-28,2011-11-01,12,1,389.72,4,1,2,New,3
17380,United Kingdom,2010-06-23,2010-10-01,2010-06-01,435,3,643.75,1,2,2,Lost,5
17381,United Kingdom,2010-06-09,2011-12-01,2010-06-01,9,38,36395.47,4,4,4,Champions,1
17382,United Kingdom,2010-05-19,2011-10-05,2010-05-01,66,8,902.28,3,4,3,Champions,1
17383,United Kingdom,2010-09-12,2011-12-05,2010-09-01,5,2,304.09,4,2,1,Loyal,2
17384,United Kingdom,2010-08-29,2011-11-20,2010-08-01,20,3,507.55,4,2,2,Loyal,2
17385,United Kingdom,2011-11-25,2011-11-25,2011-11-01,15,1,256.11,4,1,1,New,3
17386,United Kingdom,2010-11-19,2011-12-02,2010-11-01,8,7,2812.77,4,3,4,Champions,1
17387,United Kingdom,2011-11-06,2011-11-20,2011-11-01,20,2,746.81,4,2,2,Loyal,2
17388,United Kingdom,2009-12-10,2011-09-23,2009-12-01,78,11,2675.37,3,4,4,Champions,1
17389,United Kingdom,2009-12-04,2011-12-09,2009-12-01,1,61,54945.68,4,4,4,Champions,1
17390,United Kingdom,2010-10-15,2010-10-15,2010-10-01,421,1,149.3,1,1,1,Lost,5
17391,United Kingdom,2011-06-28,2011-06-29,2011-06-01,164,2,508.8,2,2,2,Lost,5
17392,United Kingdom,2010-09-15,2011-02-06,2010-09-01,307,3,579.92,2,2,2,Lost,5
17393,United Kingdom,2010-08-08,2010-10-25,2010-08-01,411,2,381.15,1,2,2,Lost,5
17394,United Kingdom,2011-05-04,2011-05-04,2011-05-01,220,1,203.87,2,1,1,Lost,5
17395,United Kingdom,2010-07-19,2010-07-19,2010-07-01,509,1,97.5,1,1,1,Lost,5
17396,United Kingdom,2010-09-24,2011-10-31,2010-09-01,40,13,8159.1,3,4,4,Champions,1
17397,United Kingdom,2010-10-19,2011-11-17,2010-10-01,23,3,1198.28,4,2,3,Loyal,2
17398,United Kingdom,2011-03-29,2011-08-17,2011-03-01,115,3,653.38,2,2,2,Lost,5
17400,United Kingdom,2009-12-17,2011-08-05,2009-12-01,127,8,4623.28,2,4,4,At risk,4
17401,United Kingdom,2010-06-16,2010-06-16,2010-06-01,542,1,114.85,1,1,1,Lost,5
17402,United Kingdom,2009-12-16,2011-12-05,2009-12-01,5,22,4566.41,4,4,4,Champions,1
17403,United Kingdom,2010-09-15,2011-11-03,2010-09-01,37,2,382.87,3,2,2,Loyal,2
17404,Sweden,2010-01-07,2011-12-05,2010-01-01,5,21,45863.82,4,4,4,Champions,1
17405,United Kingdom,2011-07-12,2011-12-08,2011-07-01,2,3,967.22,4,2,3,Loyal,2
17406,United Kingdom,2009-12-06,2011-01-10,2009-12-01,334,13,3874.0,2,4,4,At risk,4
17407,United Kingdom,2010-10-24,2010-10-24,2010-10-01,412,1,552.9,1,1,2,Lost,5
17408,United Kingdom,2010-07-13,2011-06-29,2010-07-01,164,3,164.89,2,2,1,Lost,5
17409,United Kingdom,2009-12-11,2011-06-08,2009-12-01,185,10,7793.51,2,4,4,At risk,4
17410,United Kingdom,2011-05-08,2011-11-23,2011-05-01,17,5,1214.72,4,3,3,Champions,1
17411,United Kingdom,2009-12-03,2011-11-27,2009-12-01,13,5,1316.53,4,3,3,Champions,1
17412,United Kingdom,2009-12-02,2011-12-07,2009-12-01,3,16,4187.68,4,4,4,Champions,1
17413,United Kingdom,2010-05-19,2010-10-31,2010-05-01,405,2,560.14,1,2,2,Lost,5
17414,United Kingdom,2009-12-03,2011-10-27,2009-12-01,44,6,2249.52,3,3,4,Champions,1
17415,United Kingdom,2011-09-21,2011-09-21,2011-09-01,80,1,507.84,3,1,2,New,3
17416,United Kingdom,2009-12-14,2011-11-10,2009-12-01,30,22,17221.47,3,4,4,Champions,1
17417,United Kingdom,2010-06-09,2010-06-09,2010-06-01,549,1,164.18,1,1,1,Lost,5
17418,United Kingdom,2010-11-17,2011-10-28,2010-11-01,43,3,670.06,3,2,2,Loyal,2
17419,United Kingdom,2010-01-25,2011-11-28,2010-01-01,12,18,6100.65,4,4,4,Champions,1
17420,United Kingdom,2010-11-03,2011-10-20,2010-11-01,51,6,943.68,3,3,3,Champions,1
17421,United Kingdom,2009-12-04,2010-11-18,2009-12-01,387,3,1059.41,1,2,3,Lost,5
17422,United Kingdom,2010-06-23,2011-11-23,2010-06-01,17,11,3341.65,4,4,4,Champions,1
17423,United Kingdom,2010-11-11,2011-10-24,2010-11-01,47,3,1084.17,3,2,3,Loyal,2
17425,United Kingdom,2011-10-10,2011-11-20,2011-10-01,20,2,759.17,4,2,2,Loyal,2
17426,United Kingdom,2010-02-17,2011-12-01,2010-02-01,9,13,7606.37,4,4,4,Champions,1
17427,United Kingdom,2011-09-29,2011-09-29,2011-09-01,72,1,100.8,3,1,1,New,3
17428,United Kingdom,2009-12-01,2011-12-09,2009-12-01,1,45,30885.06,4,4,4,Champions,1
17429,United Kingdom,2010-10-06,2011-08-03,2010-10-01,129,5,1342.16,2,3,3,At risk,4
17430,United Kingdom,2010-08-17,2011-11-07,2010-08-01,33,4,622.57,3,3,2,Loyal,2
17431,United Kingdom,2011-01-30,2011-01-30,2011-01-01,314,1,403.3,2,1,2,Lost,5
17432,United Kingdom,2009-12-03,2011-11-21,2009-12-01,19,9,1728.99,4,4,3,Champions,1
17433,United Kingdom,2010-11-19,2011-09-12,2010-11-01,89,2,569.96,3,2,2,Loyal,2
17434,United Kingdom,2011-09-15,2011-12-07,2011-09-01,3,7,2333.42,4,3,4,Champions,1
17435,United Kingdom,2010-10-24,2010-10-24,2010-10-01,412,1,331.35,1,1,1,Lost,5
17436,United Kingdom,2009-12-07,2011-12-08,2009-12-01,2,5,521.31,4,3,2,Loyal,2
17437,United Kingdom,2010-06-28,2010-06-28,2010-06-01,530,1,369.68,1,1,2,Lost,5
17438,United Kingdom,2010-03-08,2011-03-31,2010-03-01,254,5,1412.62,2,3,3,At risk,4
17439,United Kingdom,2010-02-22,2010-02-22,2010-02-01,656,1,325.74,1,1,1,Lost,5
17440,United Kingdom,2010-06-08,2011-07-06,2010-06-01,157,4,314.26,2,3,1,Lost,5
17441,United Kingdom,2009-12-07,2009-12-07,2009-12-01,733,1,293.35,1,1,1,Lost,5
17442,United Kingdom,2010-02-15,2011-11-03,2010-02-01,37,15,4517.7,3,4,4,Champions,1
17443,Canada,2011-05-04,2011-05-04,2011-05-01,220,1,534.24,2,1,2,Lost,5
17444,Canada,2011-06-20,2011-07-11,2011-06-01,152,2,2389.1,2,2,4,At risk,4
17446,United Kingdom,2011-02-02,2011-06-16,2011-02-01,177,2,120.9,2,2,1,Lost,5
17447,United Kingdom,2011-09-29,2011-10-30,2011-09-01,41,2,541.53,3,2,2,Loyal,2
17448,United Kingdom,2010-03-04,2010-06-28,2010-03-01,530,41,14375.01,1,4,4,At risk,4
17449,United Kingdom,2009-12-09,2011-12-07,2009-12-01,3,13,4849.15,4,4,4,Champions,1
17450,United Kingdom,2010-09-27,2011-12-01,2010-09-01,9,51,233643.91,4,4,4,Champions,1
17451,United Kingdom,2011-08-26,2011-12-08,2011-08-01,2,7,1648.95,4,3,3,Champions,1
17453,United Kingdom,2011-10-06,2011-11-22,2011-10-01,18,2,486.72,4,2,2,Loyal,2
17454,United Kingdom,2010-01-15,2011-05-31,2010-01-01,193,10,1532.64,2,4,3,At risk,4
17455,United Kingdom,2011-05-20,2011-05-20,2011-05-01,204,1,131.7,2,1,1,Lost,5
17456,United Kingdom,2010-09-09,2010-12-09,2010-09-01,366,2,975.56,2,2,3,Lost,5
17457,United Kingdom,2009-12-07,2011-08-05,2009-12-01,127,14,5799.01,2,4,4,At risk,4
17458,United Kingdom,2010-11-23,2011-11-24,2010-11-01,16,2,529.58,4,2,2,Loyal,2
17459,United Kingdom,2011-10-10,2011-10-27,2011-10-01,44,2,657.3,3,2,2,Loyal,2
17460,United Kingdom,2010-01-22,2011-09-06,2010-01-01,95,16,1937.1,3,4,3,Champions,1
17461,United Kingdom,2011-11-10,2011-11-17,2011-11-01,23,3,735.82,4,2,2,Loyal,2
17462,United Kingdom,2011-02-28,2011-10-10,2011-02-01,61,2,662.94,3,2,2,Loyal,2
17463,United Kingdom,2010-04-29,2011-11-23,2010-04-01,17,7,2515.26,4,3,4,Champions,1
17464,United Kingdom,2010-03-30,2011-07-04,2010-03-01,159,3,816.54,2,2,2,Lost,5
17465,United Kingdom,2009-12-03,2010-10-10,2009-12-01,426,7,2533.64,1,3,4,At risk,4
17466,United Kingdom,2011-09-22,2011-11-29,2011-09-01,11,2,763.28,4,2,2,Loyal,2
17467,United Kingdom,2010-11-09,2010-11-09,2010-11-01,396,1,102.6,1,1,1,Lost,5
17468,United Kingdom,2010-11-29,2011-11-29,2010-11-01,11,3,194.8,4,2,1,Loyal,2
17469,United Kingdom,2009-12-16,2011-11-23,2009-12-01,17,17,4958.34,4,4,4,Champions,1
17470,United Kingdom,2010-07-19,2011-10-26,2010-07-01,45,11,2626.47,3,4,4,Champions,1
17471,United Kingdom,2010-08-22,2010-08-22,2010-08-01,475,1,321.65,1,1,1,Lost,5
17472,United Kingdom,2010-03-21,2011-06-01,2010-03-01,192,4,922.35,2,3,3,At risk,4
17473,United Kingdom,2010-09-09,2010-10-27,2010-09-01,409,2,592.15,1,2,2,Lost,5
17474,United Kingdom,2010-04-19,2010-04-19,2010-04-01,600,1,1047.0,1,1,3,Lost,5
17475,United Kingdom,2011-09-21,2011-09-21,2011-09-01,80,1,194.37,3,1,1,New,3
17476,United Kingdom,2009-12-02,2010-11-09,2009-12-01,396,2,446.51,1,2,2,Lost,5
17477,United Kingdom,2010-03-02,2010-04-06,2010-03-01,613,2,1079.0,1,2,3,Lost,5
17478,United Kingdom,2010-03-16,2010-10-27,2010-03-01,409,2,1272.8,1,2,3,Lost,5
17479,United Kingdom,2010-03-17,2010-03-17,2010-03-01,633,1,389.26,1,1,2,Lost,5
17480,United Kingdom,2010-09-21,2011-09-23,2010-09-01,78,2,876.92,3,2,3,Loyal,2
17481,United Kingdom,2011-09-07,2011-12-06,2011-09-01,4,4,1249.34,4,3,3,Champions,1
17482,United Kingdom,2010-05-10,2010-08-09,2010-05-01,488,2,775.64,1,2,2,Lost,5
17483,United Kingdom,2010-10-21,2011-10-05,2010-10-01,66,4,591.73,3,3,2,Loyal,2
17484,United Kingdom,2010-03-25,2010-05-12,2010-03-01,577,2,209.57,1,2,1,Lost,5
17486,United Kingdom,2011-03-23,2011-03-23,2011-03-01,262,1,396.87,2,1,2,Lost,5
17487,United Kingdom,2009-12-11,2009-12-11,2009-12-01,729,1,160.55,1,1,1,Lost,5
17488,United Kingdom,2010-03-08,2010-03-08,2010-03-01,642,1,336.5,1,1,2,Lost,5
17489,United Kingdom,2011-05-11,2011-10-12,2011-05-01,59,2,376.64,3,2,2,Loyal,2
17490,United Kingdom,2010-05-19,2011-12-09,2010-05-01,1,9,2595.01,4,4,4,Champions,1
17491,United Kingdom,2010-04-28,2011-12-08,2010-04-01,2,17,5636.72,4,4,4,Champions,1
17492,United Kingdom,2010-07-09,2011-04-05,2010-07-01,249,3,1122.42,2,2,3,Lost,5
17493,United Kingdom,2010-11-19,2010-11-19,2010-11-01,386,1,100.91,1,1,1,Lost,5
17494,United Kingdom,2010-07-26,2010-07-26,2010-07-01,502,1,54.7,1,1,1,Lost,5
17495,United Kingdom,2010-11-14,2011-12-02,2010-11-01,8,3,759.07,4,2,2,Loyal,2
17496,United Kingdom,2010-01-14,2010-12-16,2010-01-01,359,4,1385.89,2,3,3,At risk,4
17497,United Kingdom,2010-04-08,2010-11-14,2010-04-01,391,2,287.25,1,2,1,Lost,5
17498,United Kingdom,2011-09-25,2011-09-25,2011-09-01,76,1,272.22,3,1,1,New,3
17499,United Kingdom,2010-05-27,2011-02-23,2010-05-01,290,2,1296.84,2,2,3,Lost,5
17500,United Kingdom,2011-11-10,2011-11-22,2011-11-01,18,3,1138.0,4,2,3,Loyal,2
17501,United Kingdom,2011-05-03,2011-05-03,2011-05-01,221,2,288.6,2,2,1,Lost,5
17502,United Kingdom,2011-11-10,2011-11-30,2011-11-01,10,4,689.1,4,3,2,Loyal,2
17503,United Kingdom,2011-11-01,2011-12-07,2011-11-01,3,2,558.96,4,2,2,Loyal,2
17504,United Kingdom,2010-02-08,2011-05-17,2010-02-01,207,18,9238.42,2,4,4,At risk,4
17505,United Kingdom,2010-04-13,2011-07-01,2010-04-01,162,5,2435.48,2,3,4,At risk,4
17506,United Kingdom,2011-09-25,2011-09-25,2011-09-01,76,1,294.29,3,1,1,New,3
17507,United Kingdom,2011-02-03,2011-03-23,2011-02-01,262,2,605.58,2,2,2,Lost,5
17508,Greece,2009-12-07,2011-03-04,2009-12-01,281,8,4546.78,2,4,4,At risk,4
17509,United Kingdom,2011-10-07,2011-10-13,2011-10-01,58,8,6069.24,3,4,4,Champions,1
17510,United Kingdom,2010-10-15,2011-11-15,2010-10-01,25,2,514.56,4,2,2,Loyal,2
17511,United Kingdom,2009-12-02,2011-12-07,2009-12-01,3,60,168504.44,4,4,4,Champions,1
17512,United Kingdom,2009-12-10,2011-11-11,2009-12-01,29,18,5432.27,3,4,4,Champions,1
17513,United Kingdom,2010-08-17,2011-09-28,2010-08-01,73,3,1158.8,3,2,3,Loyal,2
17514,United Kingdom,2010-02-08,2011-08-03,2010-02-01,129,2,522.0,2,2,2,Lost,5
17515,United Kingdom,2010-06-07,2011-11-08,2010-06-01,32,9,1602.51,3,4,3,Champions,1
17516,United Kingdom,2010-11-26,2011-11-24,2010-11-01,16,6,947.5,4,3,3,Champions,1
17517,United Kingdom,2011-02-04,2011-02-04,2011-02-01,309,1,153.94,2,1,1,Lost,5
17518,United Kingdom,2010-03-28,2010-10-10,2010-03-01,426,2,329.42,1,2,1,Lost,5
17519,United Kingdom,2009-12-01,2011-11-22,2009-12-01,18,15,4769.22,4,4,4,Champions,1
17520,United Kingdom,2011-10-17,2011-10-17,2011-10-01,54,1,546.81,3,1,2,New,3
17521,United Kingdom,2010-10-01,2011-11-10,2010-10-01,30,5,1276.81,3,3,3,Champions,1
17522,United Kingdom,2011-05-05,2011-12-08,2011-05-01,2,5,1066.15,4,3,3,Champions,1
17523,United Kingdom,2011-11-20,2011-11-28,2011-11-01,12,4,652.74,4,3,2,Loyal,2
17524,United Kingdom,2010-09-27,2010-12-13,2010-09-01,362,3,508.9,2,2,2,Lost,5
17525,United Kingdom,2010-10-07,2010-12-15,2010-10-01,360,3,1161.9,2,2,3,Lost,5
17526,United Kingdom,2009-12-17,2011-12-05,2009-12-01,5,12,3450.04,4,4,4,Champions,1
17527,United Kingdom,2011-05-05,2011-10-17,2011-05-01,54,4,888.86,3,3,3,Champions,1
17528,United Kingdom,2011-09-29,2011-12-08,2011-09-01,2,8,3540.1,4,4,4,Champions,1
17529,United Kingdom,2010-01-11,2010-04-08,2010-01-01,611,2,1240.25,1,2,3,Lost,5
17530,United Kingdom,2009-12-06,2011-12-08,2009-12-01,2,12,2786.15,4,4,4,Champions,1
17531,United Kingdom,2010-03-31,2011-06-02,2010-03-01,191,3,1194.47,2,2,3,Lost,5
17532,United Kingdom,2010-11-19,2010-11-19,2010-11-01,386,1,65.34,1,1,1,Lost,5
17533,United Kingdom,2010-10-01,2010-10-01,2010-10-01,435,1,34.8,1,1,1,Lost,5
17534,United Kingdom,2010-02-25,2011-10-17,2010-02-01,54,5,1668.83,3,3,3,Champions,1
17535,United Kingdom,2011-03-04,2011-03-04,2011-03-01,281,1,164.4,2,1,1,Lost,5
17536,United Kingdom,2010-01-26,2011-06-15,2010-01-01,178,3,364.83,2,2,2,Lost,5
17537,United Kingdom,2011-02-09,2011-11-10,2011-02-01,30,2,887.67,3,2,3,Loyal,2
17538,United Kingdom,2011-11-14,2011-11-14,2011-11-01,26,1,98.42,3,1,1,New,3
17539,United Kingdom,2009-12-13,2010-03-21,2009-12-01,629,3,997.34,1,2,3,Lost,5
17540,United Kingdom,2010-04-19,2011-11-15,2010-04-01,25,6,1582.1,4,3,3,Champions,1
17541,United Kingdom,2010-07-18,2010-07-18,2010-07-01,510,1,119.86,1,1,1,Lost,5
17542,United Kingdom,2010-03-08,2011-03-15,2010-03-01,270,3,340.85,2,2,2,Lost,5
17543,United Kingdom,2010-06-08,2010-06-08,2010-06-01,550,1,120.05,1,1,1,Lost,5
17544,United Kingdom,2010-11-14,2010-11-14,2010-11-01,391,3,944.82,1,2,3,Lost,5
17545,United Kingdom,2010-05-11,2011-10-27,2010-05-01,44,6,1409.86,3,3,3,Champions,1
17547,United Kingdom,2010-02-12,2010-11-29,2010-02-01,376,2,692.35,2,2,2,Lost,5
17548,United Kingdom,2010-11-08,2011-04-20,2010-11-01,234,4,486.48,2,3,2,Lost,5
17549,United Kingdom,2011-10-19,2011-11-16,2011-10-01,24,2,148.86,4,2,1,Loyal,2
17550,United Kingdom,2010-02-07,2011-05-26,2010-02-01,198,9,2165.54,2,4,3,At risk,4
17551,United Kingdom,2010-12-15,2010-12-15,2010-12-01,360,1,290.34,2,1,1,Lost,5
17552,United Kingdom,2010-03-22,2011-10-10,2010-03-01,61,12,2744.63,3,4,4,Champions,1
17553,United Kingdom,2010-04-08,2011-08-02,2010-04-01,130,4,3757.6,2,3,4,At risk,4
17554,United Kingdom,2011-07-14,2011-12-08,2011-07-01,2,5,1952.45,4,3,3,Champions,1
17555,United Kingdom,2010-05-02,2011-11-20,2010-05-01,20,5,1045.74,4,3,3,Champions,1
17556,United Kingdom,2010-11-25,2011-05-18,2010-11-01,206,2,300.67,2,2,1,Lost,5
17557,United Kingdom,2009-12-07,2011-11-25,2009-12-01,15,4,575.46,4,3,2,Loyal,2
17558,United Kingdom,2010-11-11,2010-11-11,2010-11-01,394,1,259.17,1,1,1,Lost,5
17559,United Kingdom,2010-07-15,2010-07-15,2010-07-01,513,1,167.62,1,1,1,Lost,5
17560,United Kingdom,2010-02-17,2011-09-06,2010-02-01,95,8,1895.8,3,4,3,Champions,1
17561,United Kingdom,2009-12-06,2011-11-20,2009-12-01,20,4,703.02,4,3,2,Loyal,2
17562,United Kingdom,2011-06-19,2011-11-25,2011-06-01,15,7,1107.38,4,3,3,Champions,1
17563,United Kingdom,2010-04-07,2010-05-10,2010-04-01,579,2,313.78,1,2,1,Lost,5
17564,United Kingdom,2011-09-20,2011-11-15,2011-09-01,25,3,454.01,4,2,2,Loyal,2
17565,United Kingdom,2010-05-02,2010-05-02,2010-05-01,587,1,131.83,1,1,1,Lost,5
17566,United Kingdom,2011-11-14,2011-12-01,2011-11-01,9,2,869.77,4,2,3,Loyal,2
17567,United Kingdom,2010-09-24,2011-12-02,2010-09-01,8,9,4519.16,4,4,4,Champions,1
17568,United Kingdom,2010-03-16,2010-03-16,2010-03-01,634,1,374.45,1,1,2,Lost,5
17569,United Kingdom,2011-01-11,2011-01-11,2011-01-01,333,1,344.14,2,1,2,Lost,5
17571,United Kingdom,2010-06-15,2011-10-20,2010-06-01,51,5,1629.66,3,3,3,Champions,1
17572,United Kingdom,2009-12-15,2011-09-29,2009-12-01,72,10,652.21,3,4,2,Champions,1
17573,United Kingdom,2011-09-07,2011-11-10,2011-09-01,30,3,362.9,3,2,2,Loyal,2
17574,United Kingdom,2011-04-11,2011-04-11,2011-04-01,243,1,185.65,2,1,1,Lost,5
17575,United Kingdom,2010-02-10,2010-02-10,2010-02-01,668,1,171.7,1,1,1,Lost,5
17576,United Kingdom,2009-12-03,2011-12-01,2009-12-01,9,41,8534.45,4,4,4,Champions,1
17577,United Kingdom,2010-02-09,2010-03-04,2010-02-01,646,2,348.75,1,2,2,Lost,5
17578,United Kingdom,2010-06-28,2011-05-05,2010-06-01,219,7,1003.73,2,3,3,At risk,4
17579,United Kingdom,2010-05-10,2011-12-05,2010-05-01,5,4,744.58,4,3,2,Loyal,2
17580,United Kingdom,2010-10-13,2011-04-01,2010-10-01,253,5,538.07,2,3,2,Lost,5
17581,United Kingdom,2009-12-03,2011-12-09,2009-12-01,1,43,17543.99,4,4,4,Champions,1
17582,United Kingdom,2010-03-26,2011-04-17,2010-03-01,237,5,1429.95,2,3,3,At risk,4
17583,United Kingdom,2010-05-28,2010-05-28,2010-05-01,561,1,135.95,1,1,1,Lost,5
17584,United Kingdom,2010-01-25,2011-12-02,2010-01-01,8,6,5294.42,4,3,4,Champions,1
17585,United Kingdom,2010-08-18,2011-08-22,2010-08-01,110,7,2064.71,2,3,3,At risk,4
17586,United Kingdom,2010-03-30,2010-03-30,2010-03-01,620,1,167.4,1,1,1,Lost,5
17587,United Kingdom,2010-03-21,2010-03-21,2010-03-01,629,1,173.76,1,1,1,Lost,5
17588,United Kingdom,2010-03-12,2011-08-31,2010-03-01,101,7,2901.65,2,3,4,At risk,4
17589,United Kingdom,2010-03-07,2011-10-10,2010-03-01,61,18,13661.22,3,4,4,Champions,1
17590,United Kingdom,2011-10-30,2011-12-07,2011-10-01,3,3,1466.77,4,2,3,Loyal,2
17591,United Kingdom,2010-01-17,2011-09-27,2010-01-01,74,8,2328.37,3,4,4,Champions,1
17593,United Kingdom,2009-12-04,2011-12-06,2009-12-01,4,11,8040.52,4,4,4,Champions,1
17594,United Kingdom,2010-04-14,2011-09-15,2010-04-01,86,4,2497.88,3,3,4,Champions,1
17595,United Kingdom,2011-11-02,2011-11-27,2011-11-01,13,2,386.69,4,2,2,Loyal,2
17596,United Kingdom,2009-12-15,2011-11-16,2009-12-01,24,13,4478.11,4,4,4,Champions,1
17597,United Kingdom,2010-05-05,2011-05-10,2010-05-01,214,5,3425.29,2,3,4,At risk,4
17598,United Kingdom,2010-11-23,2010-11-23,2010-11-01,382,1,409.98,1,1,2,Lost,5
17599,United Kingdom,2010-08-19,2010-08-19,2010-08-01,478,1,44.55,1,1,1,Lost,5
17600,United Kingdom,2011-11-22,2011-11-22,2011-11-01,18,1,161.67,4,1,1,New,3
17601,United Kingdom,2010-11-24,2011-04-14,2010-11-01,240,2,412.66,2,2,2,Lost,5
17602,United Kingdom,2010-03-30,2011-12-07,2010-03-01,3,14,7240.73,4,4,4,Champions,1
17603,United Kingdom,2009-12-10,2011-09-22,2009-12-01,79,4,1671.18,3,3,3,Champions,1
17604,United Kingdom,2010-01-27,2011-05-06,2010-01-01,218,6,942.38,2,3,3,At risk,4
17605,United Kingdom,2010-04-28,2010-04-28,2010-04-01,591,1,160.75,1,1,1,Lost,5
17606,United Kingdom,2009-12-02,2009-12-02,2009-12-01,738,1,87.3,1,1,1,Lost,5
17607,United Kingdom,2010-11-28,2010-11-28,2010-11-01,377,1,333.81,2,1,2,Lost,5
17608,United Kingdom,2010-04-11,2011-11-06,2010-04-01,34,4,488.06,3,3,2,Loyal,2
17609,United Kingdom,2010-04-09,2011-10-30,2010-04-01,41,11,1740.01,3,4,3,Champions,1
17610,United Kingdom,2009-12-06,2010-06-17,2009-12-01,541,5,1410.29,1,3,3,At risk,4
17611,United Kingdom,2009-12-01,2011-12-02,2009-12-01,8,28,8149.93,4,4,4,Champions,1
17612,United Kingdom,2009-12-17,2011-10-17,2009-12-01,54,18,5168.28,3,4,4,Champions,1
17613,United Kingdom,2011-02-07,2011-11-17,2011-02-01,23,14,4494.77,4,4,4,Champions,1
17614,United Kingdom,2011-10-13,2011-10-13,2011-10-01,58,1,386.32,3,1,2,New,3
17615,United Kingdom,2010-08-11,2011-08-01,2010-08-01,131,6,714.3,2,3,2,Lost,5
17616,United Kingdom,2010-09-14,2011-06-19,2010-09-01,174,4,734.4,2,3,2,Lost,5
17617,United Kingdom,2010-05-30,2010-05-30,2010-05-01,559,1,227.14,1,1,1,Lost,5
17618,United Kingdom,2010-01-24,2011-12-04,2010-01-01,6,11,3976.34,4,4,4,Champions,1
17619,United Kingdom,2011-01-31,2011-01-31,2011-01-01,313,1,214.37,2,1,1,Lost,5
17620,United Kingdom,2011-10-11,2011-10-11,2011-10-01,60,1,81.44,3,1,1,New,3
17621,United Kingdom,2010-10-04,2011-11-18,2010-10-01,22,6,3029.32,4,3,4,Champions,1
17622,United Kingdom,2010-04-20,2010-04-21,2010-04-01,598,2,1125.17,1,2,3,Lost,5
17623,United Kingdom,2009-12-14,2011-11-07,2009-12-01,33,7,2365.77,3,3,4,Champions,1
17624,United Kingdom,2009-12-20,2011-11-25,2009-12-01,15,4,1568.63,4,3,3,Champions,1
17625,United Kingdom,2009-12-15,2011-11-21,2009-12-01,19,8,5978.9,4,4,4,Champions,1
17626,United Kingdom,2010-04-16,2010-04-16,2010-04-01,603,1,254.0,1,1,1,Lost,5
17627,United Kingdom,2010-08-18,2010-08-18,2010-08-01,479,1,285.11,1,1,1,Lost,5
17628,United Kingdom,2011-09-19,2011-09-19,2011-09-01,82,1,75.75,3,1,1,New,3
17629,United Kingdom,2010-10-14,2011-12-04,2010-10-01,6,10,2425.52,4,4,4,Champions,1
17630,United Kingdom,2011-04-21,2011-06-23,2011-04-01,170,2,503.6,2,2,2,Lost,5
17631,United Kingdom,2009-12-09,2011-12-08,2009-12-01,2,7,998.49,4,3,3,Champions,1
17633,United Kingdom,2010-11-15,2011-11-08,2010-11-01,32,7,1974.89,3,3,3,Champions,1
17634,United Kingdom,2011-01-06,2011-11-03,2011-01-01,37,9,2358.59,3,4,4,Champions,1
17635,United Kingdom,2010-04-28,2010-10-11,2010-04-01,425,3,1256.83,1,2,3,Lost,5
17636,United Kingdom,2011-11-20,2011-11-20,2011-11-01,20,1,265.93,4,1,1,New,3
17637,United Kingdom,2011-08-16,2011-11-08,2011-08-01,32,2,547.06,3,2,2,Loyal,2
17638,United Kingdom,2009-12-18,2010-03-02,2009-12-01,648,2,842.4,1,2,2,Lost,5
17639,United Kingdom,2010-08-13,2011-03-08,2010-08-01,277,6,615.17,2,3,2,Lost,5
17640,United Kingdom,2010-03-23,2011-09-14,2010-03-01,87,6,3107.59,3,3,4,Champions,1
17642,United Kingdom,2009-12-05,2011-08-12,2009-12-01,120,5,1824.49,2,3,3,At risk,4
17643,United Kingdom,2010-07-22,2010-12-01,2010-07-01,374,2,439.7,2,2,2,Lost,5
17644,United Kingdom,2010-02-16,2011-12-08,2010-02-01,2,20,5864.54,4,4,4,Champions,1
17646,United Kingdom,2009-12-16,2011-05-04,2009-12-01,220,12,3843.16,2,4,4,At risk,4
17647,United Kingdom,2010-02-08,2011-10-05,2010-02-01,66,3,331.66,3,2,1,Loyal,2
17648,United Kingdom,2010-11-19,2011-10-10,2010-11-01,61,5,2208.42,3,3,4,Champions,1
17649,United Kingdom,2010-08-24,2011-07-24,2010-08-01,139,3,1542.44,2,2,3,Lost,5
17650,United Kingdom,2011-11-18,2011-11-18,2011-11-01,22,1,166.08,4,1,1,New,3
17651,United Kingdom,2010-07-01,2011-11-28,2010-07-01,12,16,5635.05,4,4,4,Champions,1
17652,United Kingdom,2011-03-03,2011-11-14,2011-03-01,26,12,4737.13,3,4,4,Champions,1
17653,United Kingdom,2011-08-11,2011-11-03,2011-08-01,37,4,1175.88,3,3,3,Champions,1
17654,United Kingdom,2011-03-07,2011-03-07,2011-03-01,278,1,117.55,2,1,1,Lost,5
17655,United Kingdom,2010-10-19,2011-11-29,2010-10-01,11,9,2909.18,4,4,4,Champions,1
17656,United Kingdom,2011-08-03,2011-09-27,2011-08-01,74,5,1674.69,3,3,3,Champions,1
17657,United Kingdom,2010-10-05,2010-10-05,2010-10-01,431,1,126.0,1,1,1,Lost,5
17658,United Kingdom,2011-05-12,2011-11-14,2011-05-01,26,2,485.88,3,2,2,Loyal,2
17659,United Kingdom,2010-11-18,2011-11-22,2010-11-01,18,14,3536.33,4,4,4,Champions,1
17660,United Kingdom,2009-12-02,2011-07-21,2009-12-01,142,2,342.22,2,2,2,Lost,5
17662,United Kingdom,2009-12-17,2010-02-16,2009-12-01,662,2,412.92,1,2,2,Lost,5
17663,United Kingdom,2010-03-04,2011-11-14,2010-03-01,26,17,5081.04,3,4,4,Champions,1
17664,United Kingdom,2010-03-29,2011-11-21,2010-03-01,19,4,1166.23,4,3,3,Champions,1
17665,United Kingdom,2010-08-03,2010-08-03,2010-08-01,494,1,563.1,1,1,2,Lost,5
17666,United Kingdom,2010-06-30,2011-12-06,2010-06-01,4,5,2047.8,4,3,3,Champions,1
17667,United Kingdom,2010-02-23,2011-10-04,2010-02-01,67,9,3883.8,3,4,4,Champions,1
17668,United Kingdom,2011-11-01,2011-12-08,2011-11-01,2,2,347.75,4,2,2,Loyal,2
17669,United Kingdom,2010-04-01,2011-10-28,2010-04-01,43,10,6142.35,3,4,4,Champions,1
17670,United Kingdom,2011-04-26,2011-04-26,2011-04-01,228,1,205.7,2,1,1,Lost,5
17671,United Kingdom,2010-11-29,2011-11-24,2010-11-01,16,5,1720.53,4,3,3,Champions,1
17672,United Kingdom,2010-03-08,2011-10-20,2010-03-01,51,6,5592.19,3,3,4,Champions,1
17673,United Kingdom,2010-03-19,2011-12-08,2010-03-01,2,13,4156.63,4,4,4,Champions,1
17674,United Kingdom,2010-12-06,2011-09-26,2010-12-01,75,2,551.04,3,2,2,Loyal,2
17675,United Kingdom,2009-12-10,2011-12-08,2009-12-01,2,70,37067.02,4,4,4,Champions,1
17676,United Kingdom,2010-03-30,2011-12-05,2010-03-01,5,10,2409.73,4,4,4,Champions,1
17677,United Kingdom,2009-12-16,2011-12-08,2009-12-01,2,54,34233.35,4,4,4,Champions,1
17678,United Kingdom,2010-04-15,2011-03-21,2010-04-01,264,2,579.81,2,2,2,Lost,5
17679,United Kingdom,2009-12-03,2011-10-18,2009-12-01,53,7,3166.56,3,3,4,Champions,1
17680,United Kingdom,2010-07-16,2011-11-16,2010-07-01,24,3,462.5,4,2,2,Loyal,2
17681,United Kingdom,2010-01-15,2010-04-21,2010-01-01,598,5,529.6,1,3,2,Lost,5
17682,United Kingdom,2010-03-08,2011-11-29,2010-03-01,11,11,4050.28,4,4,4,Champions,1
17683,United Kingdom,2010-06-03,2010-11-19,2010-06-01,386,3,819.01,1,2,2,Lost,5
17684,United Kingdom,2011-10-27,2011-10-27,2011-10-01,44,1,239.41,3,1,1,New,3
17685,United Kingdom,2010-02-11,2011-11-23,2010-02-01,17,12,5439.95,4,4,4,Champions,1
17686,United Kingdom,2010-06-24,2011-12-02,2010-06-01,8,9,8296.81,4,4,4,Champions,1
17687,United Kingdom,2010-10-15,2010-10-15,2010-10-01,421,1,432.68,1,1,2,Lost,5
17688,United Kingdom,2010-11-11,2010-11-11,2010-11-01,394,1,286.5,1,1,1,Lost,5
17689,United Kingdom,2010-08-22,2010-11-16,2010-08-01,389,2,317.08,1,2,1,Lost,5
17690,United Kingdom,2010-02-03,2011-11-09,2010-02-01,31,20,6954.3,3,4,4,Champions,1
17691,United Kingdom,2010-06-11,2010-12-16,2010-06-01,359,4,627.35,2,3,2,Lost,5
17692,United Kingdom,2010-06-17,2011-08-04,2010-06-01,128,12,2947.04,2,4,4,At risk,4
17693,United Kingdom,2011-07-25,2011-07-25,2011-07-01,138,1,187.02,2,1,1,Lost,5
17694,United Kingdom,2010-05-26,2011-07-21,2010-05-01,142,3,1695.97,2,2,3,Lost,5
17695,United Kingdom,2010-01-28,2011-07-31,2010-01-01,132,5,1720.54,2,3,3,At risk,4
17696,United Kingdom,2009-12-10,2011-11-01,2009-12-01,39,27,7380.89,3,4,4,Champions,1
17697,United Kingdom,2011-04-17,2011-04-17,2011-04-01,237,1,338.95,2,1,2,Lost,5
17698,United Kingdom,2011-03-24,2011-03-24,2011-03-01,261,1,154.95,2,1,1,Lost,5
17699,United Kingdom,2010-05-27,2010-08-20,2010-05-01,477,2,442.0,1,2,2,Lost,5
17700,United Kingdom,2009-12-01,2011-11-23,2009-12-01,17,14,6640.72,4,4,4,Champions,1
17701,United Kingdom,2011-04-01,2011-04-01,2011-04-01,253,1,417.95,2,1,2,Lost,5
17702,United Kingdom,2010-11-04,2011-11-09,2010-11-01,31,6,2999.94,3,3,4,Champions,1
17703,United Kingdom,2010-10-17,2011-11-04,2010-10-01,36,4,1094.84,3,3,3,Champions,1
17704,United Kingdom,2011-04-14,2011-06-24,2011-04-01,169,2,885.19,2,2,3,Lost,5
17705,United Kingdom,2010-05-12,2011-12-06,2010-05-01,4,11,2041.5,4,4,3,Champions,1
17706,United Kingdom,2010-01-19,2011-12-05,2010-01-01,5,31,19066.07,4,4,4,Champions,1
17707,United Kingdom,2009-12-07,2011-06-07,2009-12-01,186,8,605.05,2,4,2,At risk,4
17708,United Kingdom,2010-10-12,2011-06-05,2010-10-01,188,4,884.18,2,3,3,At risk,4
17709,United Kingdom,2010-04-15,2011-06-23,2010-04-01,170,5,671.01,2,3,2,Lost,5
17710,United Kingdom,2010-10-12,2010-10-12,2010-10-01,424,1,293.5,1,1,1,Lost,5
17711,United Kingdom,2011-02-23,2011-11-29,2011-02-01,11,2,385.1,4,2,2,Loyal,2
17712,United Kingdom,2011-10-26,2011-10-26,2011-10-01,45,1,522.91,3,1,2,New,3
17713,United Kingdom,2010-06-09,2010-11-22,2010-06-01,383,4,1198.09,1,3,3,At risk,4
17714,United Kingdom,2010-07-14,2011-01-23,2010-07-01,321,5,1376.58,2,3,3,At risk,4
17715,United Kingdom,2010-04-26,2011-05-23,2010-04-01,201,2,489.6,2,2,2,Lost,5
17716,United Kingdom,2009-12-02,2011-11-17,2009-12-01,23,24,15671.32,4,4,4,Champions,1
17717,United Kingdom,2010-10-14,2010-10-14,2010-10-01,422,1,376.92,1,1,2,Lost,5
17718,United Kingdom,2010-03-05,2011-04-21,2010-03-01,233,2,386.98,2,2,2,Lost,5
17719,United Kingdom,2011-03-29,2011-11-02,2011-03-01,38,15,5367.8,3,4,4,Champions,1
17720,United Kingdom,2010-05-10,2011-11-13,2010-05-01,27,10,2613.06,3,4,4,Champions,1
17721,United Kingdom,2010-02-18,2010-02-18,2010-02-01,660,1,307.21,1,1,1,Lost,5
17722,United Kingdom,2010-11-29,2011-09-04,2010-11-01,97,5,3476.82,2,3,4,At risk,4
17723,United Kingdom,2010-11-29,2011-08-04,2010-11-01,128,7,3378.4,2,3,4,At risk,4
17724,United Kingdom,2011-07-24,2011-09-29,2011-07-01,72,3,995.65,3,2,3,Loyal,2
17725,United Kingdom,2011-03-17,2011-11-23,2011-03-01,17,11,3371.13,4,4,4,Champions,1
17726,United Kingdom,2010-01-26,2010-11-09,2010-01-01,396,7,1089.56,1,3,3,At risk,4
17727,United Kingdom,2011-11-24,2011-11-24,2011-11-01,16,1,1042.55,4,1,3,New,3
17728,United Kingdom,2010-09-12,2011-12-06,2010-09-01,4,5,4206.16,4,3,4,Champions,1
17729,United Kingdom,2010-04-22,2010-04-22,2010-04-01,597,1,438.65,1,1,2,Lost,5
17730,United Kingdom,2010-04-29,2011-12-06,2010-04-01,4,20,7757.35,4,4,4,Champions,1
17731,United Kingdom,2010-02-09,2011-09-21,2010-02-01,80,6,1347.08,3,3,3,Champions,1
17732,United Kingdom,2010-08-09,2010-12-02,2010-08-01,373,8,2144.17,2,4,3,At risk,4
17733,United Kingdom,2011-03-23,2011-11-01,2011-03-01,39,2,692.19,3,2,2,Loyal,2
17734,United Kingdom,2010-03-07,2011-10-17,2010-03-01,54,6,1442.32,3,3,3,Champions,1
17735,United Kingdom,2010-07-30,2011-12-07,2010-07-01,3,26,16707.98,4,4,4,Champions,1
17736,United Kingdom,2011-08-18,2011-11-30,2011-08-01,10,3,337.49,4,2,2,Loyal,2
17737,United Kingdom,2011-10-12,2011-11-30,2011-10-01,10,2,168.24,4,2,1,Loyal,2
17738,United Kingdom,2010-03-19,2011-11-20,2010-03-01,20,13,4145.36,4,4,4,Champions,1
17739,United Kingdom,2009-12-07,2011-11-28,2009-12-01,12,18,7718.14,4,4,4,Champions,1
17740,United Kingdom,2010-01-11,2010-11-15,2010-01-01,390,6,426.9,1,3,2,Lost,5
17741,United Kingdom,2010-05-28,2010-10-29,2010-05-01,407,2,101.1,1,2,1,Lost,5
17742,United Kingdom,2009-12-01,2011-08-18,2009-12-01,114,11,2098.48,2,4,3,At risk,4
17743,United Kingdom,2010-09-17,2010-09-17,2010-09-01,449,1,208.85,1,1,1,Lost,5
17744,United Kingdom,2010-11-24,2011-12-06,2010-11-01,4,7,2649.14,4,3,4,Champions,1
17745,United Kingdom,2010-06-02,2010-08-19,2010-06-01,478,2,600.34,1,2,2,Lost,5
17746,United Kingdom,2010-04-08,2011-04-13,2010-04-01,241,4,873.43,2,3,3,At risk,4
17747,United Kingdom,2011-08-19,2011-08-19,2011-08-01,113,1,64.65,2,1,1,Lost,5
17748,United Kingdom,2010-06-30,2010-06-30,2010-06-01,528,1,358.15,1,1,2,Lost,5
17749,United Kingdom,2010-06-11,2011-06-14,2010-06-01,179,3,1026.18,2,2,3,Lost,5
17750,United Kingdom,2011-06-28,2011-12-04,2011-06-01,6,9,1694.16,4,4,3,Champions,1
17751,United Kingdom,2010-10-14,2010-10-14,2010-10-01,422,1,157.86,1,1,1,Lost,5
17752,United Kingdom,2010-12-15,2010-12-15,2010-12-01,360,1,80.64,2,1,1,Lost,5
17753,United Kingdom,2010-01-06,2010-09-01,2010-01-01,465,4,379.56,1,3,2,Lost,5
17754,United Kingdom,2009-12-11,2011-12-09,2009-12-01,1,13,4383.08,4,4,4,Champions,1
17756,United Kingdom,2010-11-10,2010-11-29,2010-11-01,376,3,728.75,2,2,2,Lost,5
17757,United Kingdom,2010-01-13,2011-12-08,2010-01-01,2,56,8990.49,4,4,4,Champions,1
17758,United Kingdom,2010-05-20,2011-11-20,2010-05-01,20,12,4964.03,4,4,4,Champions,1
17759,United Kingdom,2010-05-05,2011-11-22,2010-05-01,18,5,1260.63,4,3,3,Champions,1
17760,United Kingdom,2010-02-28,2011-11-18,2010-02-01,22,6,739.14,4,3,2,Loyal,2
17761,United Kingdom,2011-11-07,2011-11-07,2011-11-01,33,1,712.78,3,1,2,New,3
17762,United Kingdom,2010-09-09,2010-09-09,2010-09-01,457,1,129.75,1,1,1,Lost,5
17763,United Kingdom,2010-02-18,2011-03-21,2010-02-01,264,4,51.15,2,3,1,Lost,5
17764,United Kingdom,2009-12-03,2011-10-20,2009-12-01,51,5,1513.57,3,3,3,Champions,1
17765,United Kingdom,2010-09-17,2011-07-04,2010-09-01,159,4,524.0,2,3,2,Lost,5
17766,United Kingdom,2010-11-23,2010-11-23,2010-11-01,382,2,299.61,1,2,1,Lost,5
17767,United Kingdom,2010-10-25,2011-11-24,2010-10-01,16,2,413.05,4,2,2,Loyal,2
17768,United Kingdom,2009-12-02,2011-12-01,2009-12-01,9,7,3287.78,4,3,4,Champions,1
17769,United Kingdom,2010-01-19,2011-11-27,2010-01-01,13,17,6944.96,4,4,4,Champions,1
17770,United Kingdom,2011-03-02,2011-05-25,2011-03-01,199,5,1143.27,2,3,3,At risk,4
17771,United Kingdom,2010-04-29,2011-10-14,2010-04-01,57,4,386.93,3,3,2,Loyal,2
17772,United Kingdom,2010-11-12,2011-11-29,2010-11-01,11,3,360.75,4,2,2,Loyal,2
17773,United Kingdom,2010-01-18,2010-07-13,2010-01-01,515,2,575.37,1,2,2,Lost,5
17774,United Kingdom,2010-02-08,2011-09-04,2010-02-01,97,9,3259.39,2,4,4,At risk,4
17775,United Kingdom,2011-03-30,2011-03-30,2011-03-01,255,1,56.4,2,1,1,Lost,5
17776,United Kingdom,2009-12-16,2010-11-18,2009-12-01,387,2,322.55,1,2,1,Lost,5
17777,United Kingdom,2011-08-31,2011-11-15,2011-08-01,25,3,647.56,4,2,2,Loyal,2
17778,United Kingdom,2010-02-16,2010-02-16,2010-02-01,662,1,197.7,1,1,1,Lost,5
17779,United Kingdom,2011-07-19,2011-11-18,2011-07-01,22,3,633.92,4,2,2,Loyal,2
17780,United Kingdom,2010-01-24,2010-02-10,2010-01-01,668,3,346.56,1,2,2,Lost,5
17781,United Kingdom,2011-03-31,2011-07-03,2011-03-01,160,2,188.02,2,2,1,Lost,5
17782,United Kingdom,2010-11-22,2010-11-22,2010-11-01,383,2,679.02,1,2,2,Lost,5
17783,United Kingdom,2010-07-15,2011-09-28,2010-07-01,73,3,376.96,3,2,2,Loyal,2
17784,United Kingdom,2010-06-07,2010-06-07,2010-06-01,551,1,112.86,1,1,1,Lost,5
17785,United Kingdom,2010-05-23,2011-10-17,2010-05-01,54,3,403.38,3,2,2,Loyal,2
17786,United Kingdom,2011-01-26,2011-09-15,2011-01-01,86,2,266.85,3,2,1,Loyal,2
17787,United Kingdom,2010-12-03,2011-07-10,2010-12-01,153,4,1817.54,2,3,3,At risk,4
17788,United Kingdom,2011-08-02,2011-09-27,2011-08-01,74,2,1112.95,3,2,3,Loyal,2
17789,United Kingdom,2010-02-16,2011-03-03,2010-02-01,282,2,397.15,2,2,2,Lost,5
17790,United Kingdom,2010-06-13,2011-11-13,2010-06-01,27,20,2779.41,3,4,4,Champions,1
17791,United Kingdom,2011-11-10,2011-11-10,2011-11-01,30,1,106.1,3,1,1,New,3
17792,United Kingdom,2010-08-18,2010-08-29,2010-08-01,468,2,368.35,1,2,2,Lost,5
17793,United Kingdom,2011-11-14,2011-11-14,2011-11-01,26,1,300.34,3,1,1,New,3
17794,United Kingdom,2010-01-20,2010-01-22,2010-01-01,687,2,147.3,1,2,1,Lost,5
17795,United Kingdom,2011-03-20,2011-06-13,2011-03-01,180,2,342.83,2,2,2,Lost,5
17796,United Kingdom,2010-10-14,2011-10-30,2010-10-01,41,7,1236.39,3,3,3,Champions,1
17797,United Kingdom,2009-12-15,2011-11-17,2009-12-01,23,8,1971.87,4,4,3,Champions,1
17798,United Kingdom,2010-05-07,2010-05-07,2010-05-01,582,1,172.17,1,1,1,Lost,5
17799,United Kingdom,2009-12-13,2011-11-17,2009-12-01,23,20,6121.78,4,4,4,Champions,1
17800,United Kingdom,2011-01-09,2011-11-02,2011-01-01,38,9,1186.21,3,4,3,Champions,1
17801,United Kingdom,2010-01-17,2010-09-14,2010-01-01,452,3,767.48,1,2,2,Lost,5
17802,United Kingdom,2009-12-13,2011-09-18,2009-12-01,83,10,4808.94,3,4,4,Champions,1
17803,United Kingdom,2010-11-12,2010-11-12,2010-11-01,393,1,184.66,1,1,1,Lost,5
17804,United Kingdom,2009-12-01,2010-11-28,2009-12-01,377,3,383.78,2,2,2,Lost,5
17805,United Kingdom,2010-04-08,2011-09-27,2010-04-01,74,2,927.03,3,2,3,Loyal,2
17806,United Kingdom,2011-11-28,2011-11-28,2011-11-01,12,1,546.04,4,1,2,New,3
17807,United Kingdom,2010-01-04,2010-11-09,2010-01-01,396,3,437.87,1,2,2,Lost,5
17808,United Kingdom,2010-05-07,2010-06-09,2010-05-01,549,4,262.64,1,3,1,Lost,5
17809,United Kingdom,2009-12-02,2011-11-23,2009-12-01,17,20,10014.58,4,4,4,Champions,1
17810,United Kingdom,2010-01-25,2010-02-09,2010-01-01,669,2,343.21,1,2,2,Lost,5
17811,United Kingdom,2010-09-20,2011-12-05,2010-09-01,5,47,9351.83,4,4,4,Champions,1
17812,United Kingdom,2010-06-27,2011-11-27,2010-06-01,13,7,911.99,4,3,3,Champions,1
17813,United Kingdom,2011-09-29,2011-11-25,2011-09-01,15,5,1641.79,4,3,3,Champions,1
17814,United Kingdom,2010-10-13,2010-11-29,2010-10-01,376,2,1609.37,2,2,3,Lost,5
17815,United Kingdom,2010-11-11,2010-11-11,2010-11-01,394,1,591.96,1,1,2,Lost,5
17816,United Kingdom,2009-12-15,2011-11-03,2009-12-01,37,6,96.11,3,3,1,Loyal,2
17817,United Kingdom,2010-10-13,2011-12-05,2010-10-01,5,6,781.45,4,3,2,Loyal,2
17818,United Kingdom,2009-12-02,2009-12-02,2009-12-01,738,1,124.78,1,1,1,Lost,5
17819,United Kingdom,2009-12-13,2011-09-29,2009-12-01,72,12,5977.25,3,4,4,Champions,1
17820,United Kingdom,2010-11-30,2010-11-30,2010-11-01,375,1,156.56,2,1,1,Lost,5
17821,United Kingdom,2010-10-29,2010-10-29,2010-10-01,407,1,334.62,1,1,2,Lost,5
17822,United Kingdom,2010-05-28,2010-10-15,2010-05-01,421,5,2154.08,1,3,3,At risk,4
17823,United Kingdom,2010-10-14,2010-10-14,2010-10-01,422,2,449.25,1,2,2,Lost,5
17824,United Kingdom,2011-10-19,2011-10-19,2011-10-01,52,1,298.4,3,1,1,New,3
17825,United Kingdom,2009-12-14,2010-04-20,2009-12-01,599,4,701.96,1,3,2,Lost,5
17826,United Kingdom,2010-11-30,2010-11-30,2010-11-01,375,1,133.34,2,1,1,Lost,5
17827,United Kingdom,2010-03-28,2011-12-04,2010-03-01,6,6,2369.42,4,3,4,Champions,1
17828,Malta,2011-06-08,2011-11-17,2011-06-01,23,4,1074.97,4,3,3,Champions,1
17829,United Arab Emirates,2010-02-22,2011-02-14,2010-02-01,299,5,4680.42,2,3,4,At risk,4
17830,United Kingdom,2011-02-24,2011-12-08,2011-02-01,2,3,398.7,4,2,2,Loyal,2
17831,United Kingdom,2011-11-06,2011-11-06,2011-11-01,34,1,35.4,3,1,1,New,3
17832,United Kingdom,2011-10-21,2011-10-21,2011-10-01,50,1,155.37,3,1,1,New,3
17833,United Kingdom,2009-12-16,2009-12-16,2009-12-01,724,1,338.46,1,1,2,Lost,5
17834,United Kingdom,2010-09-20,2010-10-21,2010-09-01,415,2,689.67,1,2,2,Lost,5
17835,United Kingdom,2011-11-16,2011-12-07,2011-11-01,3,3,342.24,4,2,2,Loyal,2
17836,United Kingdom,2011-10-23,2011-10-23,2011-10-01,48,1,109.83,3,1,1,New,3
17837,United Kingdom,2011-06-29,2011-10-28,2011-06-01,43,8,1502.48,3,4,3,Champions,1
17838,United Kingdom,2010-03-19,2011-11-13,2010-03-01,27,13,5134.49,3,4,4,Champions,1
17839,United Kingdom,2011-10-28,2011-10-28,2011-10-01,43,1,318.15,3,1,1,New,3
17840,United Kingdom,2010-09-22,2010-09-22,2010-09-01,444,1,175.9,1,1,1,Lost,5
17841,United Kingdom,2009-12-02,2011-12-08,2009-12-01,2,211,67275.26,4,4,4,Champions,1
17842,United Kingdom,2010-04-16,2010-04-16,2010-04-01,603,1,430.69,1,1,2,Lost,5
17843,United Kingdom,2010-10-24,2011-02-09,2010-10-01,304,2,312.65,2,2,1,Lost,5
17844,Canada,2011-08-25,2011-08-25,2011-08-01,107,1,51.56,2,1,1,Lost,5
17845,United Kingdom,2010-05-12,2010-06-02,2010-05-01,556,4,596.09,1,3,2,Lost,5
17847,United Kingdom,2010-03-04,2010-07-12,2010-03-01,516,2,125.74,1,2,1,Lost,5
17848,United Kingdom,2009-12-06,2011-09-19,2009-12-01,82,30,3525.71,3,4,4,Champions,1
17849,United Kingdom,2010-03-14,2011-05-05,2010-03-01,219,8,1063.76,2,4,3,At risk,4
17850,United Kingdom,2009-12-05,2010-12-02,2009-12-01,373,155,50407.77,2,4,4,At risk,4
17851,United Kingdom,2009-12-03,2010-10-13,2009-12-01,423,6,1552.35,1,3,3,At risk,4
17852,United Kingdom,2009-12-08,2011-11-28,2009-12-01,12,5,657.81,4,3,2,Loyal,2
17853,United Kingdom,2009-12-03,2010-10-28,2009-12-01,408,3,1596.29,1,2,3,Lost,5
17854,United Kingdom,2009-12-08,2011-06-07,2009-12-01,186,6,1068.5,2,3,3,At risk,4
17855,United Kingdom,2010-12-02,2010-12-02,2010-12-01,373,1,208.97,2,1,1,Lost,5
17856,United Kingdom,2011-03-03,2011-12-08,2011-03-01,2,4,1393.79,4,3,3,Champions,1
17857,United Kingdom,2010-03-08,2011-12-05,2010-03-01,5,23,25653.84,4,4,4,Champions,1
17858,United Kingdom,2009-12-06,2011-12-04,2009-12-01,6,30,12458.65,4,4,4,Champions,1
17859,United Kingdom,2011-02-08,2011-02-08,2011-02-01,305,1,141.92,2,1,1,Lost,5
17860,United Kingdom,2009-12-11,2010-12-06,2009-12-01,369,4,717.39,2,3,2,Lost,5
17861,United Kingdom,2009-12-10,2011-12-06,2009-12-01,4,18,5025.19,4,4,4,Champions,1
17862,United Kingdom,2010-05-25,2011-01-20,2010-05-01,324,4,1254.89,2,3,3,At risk,4
17863,United Kingdom,2010-02-25,2011-10-11,2010-02-01,60,12,5360.48,3,4,4,Champions,1
17864,United Kingdom,2010-10-08,2011-11-27,2010-10-01,13,5,876.57,4,3,3,Champions,1
17865,United Kingdom,2009-12-01,2011-11-09,2009-12-01,31,46,25584.75,3,4,4,Champions,1
17866,United Kingdom,2009-12-14,2011-07-20,2009-12-01,143,3,1131.0,2,2,3,Lost,5
17867,United Kingdom,2009-12-02,2011-11-09,2009-12-01,31,14,835.22,3,4,2,Champions,1
17868,United Kingdom,2010-11-18,2010-11-18,2010-11-01,387,1,227.15,1,1,1,Lost,5
17869,United Kingdom,2010-06-10,2011-08-24,2010-06-01,108,7,813.64,2,3,2,Lost,5
17870,United Kingdom,2010-11-23,2011-12-07,2010-11-01,3,13,2748.34,4,4,4,Champions,1
17871,United Kingdom,2010-01-15,2011-05-19,2010-01-01,205,5,1068.95,2,3,3,At risk,4
17872,United Kingdom,2010-11-23,2010-11-23,2010-11-01,382,1,235.87,1,1,1,Lost,5
17873,United Kingdom,2009-12-16,2011-09-20,2009-12-01,81,18,5849.63,3,4,4,Champions,1
17874,United Kingdom,2011-03-29,2011-06-07,2011-03-01,186,6,658.26,2,3,2,Lost,5
17875,United Kingdom,2010-01-20,2010-01-20,2010-01-01,689,1,167.1,1,1,1,Lost,5
17876,United Kingdom,2010-02-02,2010-11-05,2010-02-01,400,3,3424.02,1,2,4,At risk,4
17877,United Kingdom,2011-06-22,2011-06-22,2011-06-01,171,1,237.61,2,1,1,Lost,5
17878,United Kingdom,2010-11-09,2011-10-27,2010-11-01,44,3,1378.93,3,2,3,Loyal,2
17879,United Kingdom,2011-06-19,2011-06-19,2011-06-01,174,1,178.52,2,1,1,Lost,5
17880,United Kingdom,2009-12-09,2010-12-10,2009-12-01,365,3,824.92,2,2,2,Lost,5
17881,United Kingdom,2011-02-08,2011-02-08,2011-02-01,305,1,133.35,2,1,1,Lost,5
17882,United Kingdom,2010-11-25,2010-11-25,2010-11-01,380,2,291.56,1,2,1,Lost,5
17883,United Kingdom,2010-02-25,2011-12-06,2010-02-01,4,7,972.52,4,3,3,Champions,1
17884,United Kingdom,2009-12-04,2011-12-06,2009-12-01,4,20,2649.47,4,4,4,Champions,1
17885,United Kingdom,2011-11-27,2011-11-27,2011-11-01,13,1,156.34,4,1,1,New,3
17886,United Kingdom,2010-04-29,2011-11-08,2010-04-01,32,6,1562.6,3,3,3,Champions,1
17887,United Kingdom,2011-08-02,2011-08-02,2011-08-01,130,1,111.35,2,1,1,Lost,5
17888,United Kingdom,2009-12-21,2011-11-18,2009-12-01,22,25,1312.31,4,4,3,Champions,1
17889,United Kingdom,2010-03-31,2011-05-11,2010-03-01,213,7,746.42,2,3,2,Lost,5
17890,United Kingdom,2010-12-13,2011-01-21,2010-12-01,323,2,586.89,2,2,2,Lost,5
17891,United Kingdom,2011-06-30,2011-06-30,2011-06-01,163,1,203.86,2,1,1,Lost,5
17892,United Kingdom,2011-07-07,2011-10-14,2011-07-01,57,3,244.1,3,2,1,Loyal,2
17893,United Kingdom,2011-04-28,2011-04-28,2011-04-01,226,1,107.21,2,1,1,Lost,5
17894,United Kingdom,2010-08-27,2011-09-29,2010-08-01,72,18,2248.44,3,4,4,Champions,1
17895,United Kingdom,2011-10-26,2011-10-26,2011-10-01,45,1,95.45,3,1,1,New,3
17896,United Kingdom,2011-11-16,2011-11-16,2011-11-01,24,1,256.32,4,1,1,New,3
17897,United Kingdom,2010-05-12,2011-06-20,2010-05-01,173,9,2027.54,2,4,3,At risk,4
17898,United Kingdom,2010-05-21,2011-09-15,2010-05-01,86,4,299.18,3,3,1,Loyal,2
17899,United Kingdom,2011-07-03,2011-07-03,2011-07-01,160,1,154.55,2,1,1,Lost,5
17900,United Kingdom,2011-06-02,2011-06-02,2011-06-01,191,2,15.0,2,2,1,Lost,5
17901,United Kingdom,2010-07-06,2011-11-10,2010-07-01,30,3,260.08,3,2,1,Loyal,2
17902,United Kingdom,2010-06-11,2010-06-11,2010-06-01,547,1,216.4,1,1,1,Lost,5
17903,United Kingdom,2010-11-10,2010-11-10,2010-11-01,395,1,381.09,1,1,2,Lost,5
17904,United Kingdom,2011-11-18,2011-11-18,2011-11-01,22,1,168.32,4,1,1,New,3
17905,United Kingdom,2010-01-28,2011-09-29,2010-01-01,72,13,2159.07,3,4,3,Champions,1
17906,United Kingdom,2011-04-06,2011-04-06,2011-04-01,248,1,72.9,2,1,1,Lost,5
17907,United Kingdom,2010-03-09,2010-03-09,2010-03-01,641,1,291.76,1,1,1,Lost,5
17908,United Kingdom,2009-12-14,2010-12-01,2009-12-01,374,5,1088.82,2,3,3,At risk,4
17909,United Kingdom,2009-12-02,2009-12-02,2009-12-01,738,1,110.05,1,1,1,Lost,5
17910,United Kingdom,2009-12-13,2009-12-13,2009-12-01,727,1,261.7,1,1,1,Lost,5
17911,United Kingdom,2011-11-30,2011-11-30,2011-11-01,10,1,366.23,4,1,2,New,3
17912,United Kingdom,2010-11-29,2011-02-02,2010-11-01,311,6,356.2,2,3,2,Lost,5
17913,United Kingdom,2009-12-03,2011-10-12,2009-12-01,59,14,3425.09,3,4,4,Champions,1
17914,United Kingdom,2011-12-06,2011-12-06,2011-12-01,4,1,329.36,4,1,1,New,3
17915,United Kingdom,2010-06-06,2010-06-06,2010-06-01,552,1,225.78,1,1,1,Lost,5
17916,United Kingdom,2009-12-06,2010-03-21,2009-12-01,629,2,43.87,1,2,1,Lost,5
17917,United Kingdom,2010-12-12,2011-10-25,2010-12-01,46,3,335.03,3,2,2,Loyal,2
17918,United Kingdom,2010-07-22,2010-07-27,2010-07-01,501,3,388.44,1,2,2,Lost,5
17919,United Kingdom,2010-09-27,2011-09-12,2010-09-01,89,2,1840.32,3,2,3,Loyal,2
17920,United Kingdom,2009-12-06,2011-12-05,2009-12-01,5,54,23563.33,4,4,4,Champions,1
17921,United Kingdom,2010-07-15,2011-10-06,2010-07-01,65,10,2354.21,3,4,4,Champions,1
17922,United Kingdom,2010-06-14,2010-06-14,2010-06-01,544,1,170.4,1,1,1,Lost,5
17923,United Kingdom,2010-06-13,2011-03-02,2010-06-01,283,3,497.0,2,2,2,Lost,5
17924,United Kingdom,2010-10-21,2011-11-28,2010-10-01,12,8,3189.53,4,4,4,Champions,1
17925,United Kingdom,2010-12-02,2010-12-02,2010-12-01,373,1,244.08,2,1,1,Lost,5
17926,United Kingdom,2010-05-09,2011-07-29,2010-05-01,134,5,1035.49,2,3,3,At risk,4
17927,United Kingdom,2009-12-18,2009-12-18,2009-12-01,722,1,294.0,1,1,1,Lost,5
17928,United Kingdom,2010-05-17,2011-10-25,2010-05-01,46,3,313.16,3,2,1,Loyal,2
17929,United Kingdom,2009-12-09,2011-11-28,2009-12-01,12,12,3073.6,4,4,4,Champions,1
17930,United Kingdom,2010-03-04,2011-11-04,2010-03-01,36,13,4242.92,3,4,4,Champions,1
17931,United Kingdom,2010-02-16,2011-07-28,2010-02-01,135,14,3270.91,2,4,4,At risk,4
17932,United Kingdom,2011-05-12,2011-11-10,2011-05-01,30,3,1331.57,3,2,3,Loyal,2
17933,United Kingdom,2010-03-17,2010-03-17,2010-03-01,633,1,105.99,1,1,1,Lost,5
17934,United Kingdom,2010-10-29,2011-10-19,2010-10-01,52,3,1049.15,3,2,3,Loyal,2
17935,United Kingdom,2009-12-04,2011-07-24,2009-12-01,139,7,652.64,2,3,2,Lost,5
17936,United Kingdom,2011-12-04,2011-12-04,2011-12-01,6,1,380.13,4,1,2,New,3
17937,United Kingdom,2010-12-12,2011-12-01,2010-12-01,9,7,4301.22,4,3,4,Champions,1
17938,United Kingdom,2010-10-15,2010-10-15,2010-10-01,421,1,144.29,1,1,1,Lost,5
17939,United Kingdom,2011-07-03,2011-07-03,2011-07-01,160,1,99.14,2,1,1,Lost,5
17940,United Kingdom,2009-12-03,2011-10-21,2009-12-01,50,14,28389.58,3,4,4,Champions,1
17941,United Kingdom,2010-01-06,2011-08-01,2010-01-01,131,4,1433.28,2,3,3,At risk,4
17942,United Kingdom,2011-12-02,2011-12-02,2011-12-01,8,1,77.5,4,1,1,New,3
17944,United Kingdom,2010-10-12,2010-10-12,2010-10-01,424,1,74.99,1,1,1,Lost,5
17945,United Kingdom,2010-01-12,2010-01-12,2010-01-01,697,3,359.5,1,2,2,Lost,5
17946,United Kingdom,2011-03-25,2011-04-20,2011-03-01,234,2,149.58,2,2,1,Lost,5
17947,United Kingdom,2011-11-02,2011-11-02,2011-11-01,38,1,176.68,3,1,1,New,3
17948,United Kingdom,2011-07-15,2011-07-15,2011-07-01,148,1,358.56,2,1,2,Lost,5
17949,United Kingdom,2009-12-02,2011-12-08,2009-12-01,2,116,98469.06,4,4,4,Champions,1
17950,United Kingdom,2010-01-04,2011-09-28,2010-01-01,73,7,1156.21,3,3,3,Champions,1
17951,United Kingdom,2010-10-31,2011-10-31,2010-10-01,40,4,1322.88,3,3,3,Champions,1
17952,United Kingdom,2010-06-16,2010-11-26,2010-06-01,379,4,788.46,1,3,2,Lost,5
17953,United Kingdom,2010-06-17,2010-06-17,2010-06-01,541,1,148.67,1,1,1,Lost,5
17954,United Kingdom,2009-12-09,2011-12-04,2009-12-01,6,19,3697.19,4,4,4,Champions,1
17955,United Kingdom,2010-02-12,2011-05-25,2010-02-01,199,6,949.9,2,3,3,At risk,4
17956,United Kingdom,2011-04-04,2011-04-04,2011-04-01,250,1,12.75,2,1,1,Lost,5
17957,United Kingdom,2011-10-04,2011-10-04,2011-10-01,67,1,110.72,3,1,1,New,3
17958,United Kingdom,2009-12-11,2011-08-15,2009-12-01,117,2,973.88,2,2,3,Lost,5
17959,United Kingdom,2010-04-26,2010-04-26,2010-04-01,593,1,140.75,1,1,1,Lost,5
17960,United Kingdom,2010-03-08,2011-06-21,2010-03-01,172,3,135.08,2,2,1,Lost,5
17961,United Kingdom,2009-12-01,2011-11-18,2009-12-01,22,100,2850.29,4,4,4,Champions,1
17962,United Kingdom,2010-01-13,2011-07-20,2010-01-01,143,4,651.51,2,3,2,Lost,5
17963,United Kingdom,2010-01-19,2010-08-25,2010-01-01,472,4,643.16,1,3,2,Lost,5
17964,United Kingdom,2010-12-02,2011-11-08,2010-12-01,32,2,463.21,3,2,2,Loyal,2
17965,United Kingdom,2009-12-14,2011-11-02,2009-12-01,38,29,6879.7,3,4,4,Champions,1
17966,United Kingdom,2010-01-18,2011-11-02,2010-01-01,38,10,1963.92,3,4,3,Champions,1
17967,United Kingdom,2010-10-19,2010-12-03,2010-10-01,372,2,223.42,2,2,1,Lost,5
17968,United Kingdom,2010-07-15,2010-12-01,2010-07-01,374,4,590.44,2,3,2,Lost,5
17969,United Kingdom,2009-12-06,2011-06-26,2009-12-01,167,20,2235.54,2,4,4,At risk,4
17970,United Kingdom,2011-05-12,2011-05-12,2011-05-01,212,1,562.79,2,1,2,Lost,5
17971,United Kingdom,2010-06-09,2010-06-09,2010-06-01,549,1,161.94,1,1,1,Lost,5
17972,United Kingdom,2011-04-12,2011-04-12,2011-04-01,242,1,135.19,2,1,1,Lost,5
17973,United Kingdom,2011-10-19,2011-10-19,2011-10-01,52,1,337.04,3,1,2,New,3
17974,United Kingdom,2010-10-28,2011-11-15,2010-10-01,25,6,1739.09,4,3,3,Champions,1
17975,United Kingdom,2010-08-06,2011-11-24,2010-08-01,16,24,6591.88,4,4,4,Champions,1
17976,United Kingdom,2010-12-02,2010-12-02,2010-12-01,373,1,321.79,2,1,1,Lost,5
17977,United Kingdom,2010-11-04,2011-11-10,2010-11-01,30,2,1453.55,3,2,3,Loyal,2
17978,United Kingdom,2009-12-08,2010-12-09,2009-12-01,366,4,1159.99,2,3,3,At risk,4
17979,United Kingdom,2011-03-25,2011-11-04,2011-03-01,36,4,709.11,3,3,2,Loyal,2
17980,United Kingdom,2010-11-11,2011-06-27,2010-11-01,166,4,1012.72,2,3,3,At risk,4
17981,United Kingdom,2010-10-25,2010-10-25,2010-10-01,411,1,239.12,1,1,1,Lost,5
17982,United Kingdom,2010-01-28,2010-01-28,2010-01-01,681,1,138.18,1,1,1,Lost,5
17983,United Kingdom,2010-11-09,2010-11-09,2010-11-01,396,1,171.71,1,1,1,Lost,5
17984,United Kingdom,2009-12-01,2011-07-17,2009-12-01,146,5,1148.69,2,3,3,At risk,4
17985,United Kingdom,2011-11-17,2011-11-17,2011-11-01,23,1,631.35,4,1,2,New,3
17986,United Kingdom,2011-10-14,2011-10-14,2011-10-01,57,1,20.8,3,1,1,New,3
17987,United Kingdom,2010-06-07,2011-06-07,2010-06-01,186,5,889.92,2,3,3,At risk,4
17988,United Kingdom,2009-12-07,2011-11-28,2009-12-01,12,13,475.74,4,4,2,Champions,1
17989,United Kingdom,2010-11-25,2010-11-25,2010-11-01,380,1,207.33,1,1,1,Lost,5
17990,United Kingdom,2009-12-07,2011-04-17,2009-12-01,237,6,1522.57,2,3,3,At risk,4
17991,United Kingdom,2010-04-27,2011-04-28,2010-04-01,226,3,298.65,2,2,1,Lost,5
17992,United Kingdom,2010-11-15,2010-11-15,2010-11-01,390,1,252.88,1,1,1,Lost,5
17993,United Kingdom,2010-04-01,2010-04-01,2010-04-01,618,1,225.99,1,1,1,Lost,5
17994,United Kingdom,2010-03-29,2011-08-10,2010-03-01,122,11,2213.58,2,4,4,At risk,4
17995,United Kingdom,2010-11-17,2011-03-03,2010-11-01,282,3,495.48,2,2,2,Lost,5
17996,United Kingdom,2010-06-11,2010-11-25,2010-06-01,380,3,469.73,1,2,2,Lost,5
17997,United Kingdom,2011-06-28,2011-09-26,2011-06-01,75,8,1520.47,3,4,3,Champions,1
17998,United Kingdom,2009-12-01,2010-11-24,2009-12-01,381,3,601.74,1,2,2,Lost,5
17999,United Kingdom,2010-11-26,2011-11-02,2010-11-01,38,3,528.46,3,2,2,Loyal,2
18000,United Kingdom,2010-05-24,2010-05-24,2010-05-01,565,1,124.25,1,1,1,Lost,5
18001,United Kingdom,2009-12-02,2011-11-27,2009-12-01,13,6,924.14,4,3,3,Champions,1
18002,United Kingdom,2009-12-08,2010-11-29,2009-12-01,376,4,237.62,2,3,1,Lost,5
18003,United Kingdom,2010-11-28,2010-11-28,2010-11-01,377,1,353.51,2,1,2,Lost,5
18004,United Kingdom,2010-12-12,2010-12-12,2010-12-01,363,1,157.92,2,1,1,Lost,5
18005,United Kingdom,2011-10-23,2011-12-06,2011-10-01,4,2,226.47,4,2,1,Loyal,2
18006,United Kingdom,2009-12-17,2011-11-16,2009-12-01,24,4,969.51,4,3,3,Champions,1
18007,United Kingdom,2010-11-12,2010-11-12,2010-11-01,393,1,215.22,1,1,1,Lost,5
18008,United Kingdom,2010-01-06,2011-09-30,2010-01-01,71,23,19759.08,3,4,4,Champions,1
18009,United Kingdom,2010-02-25,2011-04-18,2010-02-01,236,8,2065.48,2,4,3,At risk,4
18010,United Kingdom,2011-03-28,2011-03-28,2011-03-01,257,1,174.8,2,1,1,Lost,5
18011,United Kingdom,2010-05-21,2010-12-01,2010-05-01,374,2,410.79,2,2,2,Lost,5
18012,United Kingdom,2009-12-16,2009-12-16,2009-12-01,724,1,115.3,1,1,1,Lost,5
18013,United Kingdom,2011-07-07,2011-07-07,2011-07-01,156,2,187.29,2,2,1,Lost,5
18014,United Kingdom,2011-11-11,2011-11-11,2011-11-01,29,1,154.27,3,1,1,New,3
18015,United Kingdom,2011-12-05,2011-12-05,2011-12-01,5,1,120.03,4,1,1,New,3
18016,United Kingdom,2010-01-27,2011-11-07,2010-01-01,33,7,1954.56,3,3,3,Champions,1
18017,United Kingdom,2010-10-04,2011-09-19,2010-10-01,82,4,688.0,3,3,2,Loyal,2
18018,United Kingdom,2010-10-15,2011-08-23,2010-10-01,109,4,156.69,2,3,1,Lost,5
18019,United Kingdom,2011-10-19,2011-10-19,2011-10-01,52,1,38.45,3,1,1,New,3
18020,United Kingdom,2010-06-14,2010-06-14,2010-06-01,544,1,129.28,1,1,1,Lost,5
18021,United Kingdom,2010-07-15,2010-07-18,2010-07-01,510,2,216.41,1,2,1,Lost,5
18022,United Kingdom,2010-06-11,2011-11-04,2010-06-01,36,5,1506.62,3,3,3,Champions,1
18024,United Kingdom,2011-07-10,2011-07-10,2011-07-01,153,2,236.78,2,2,1,Lost,5
18025,United Kingdom,2010-03-30,2010-11-25,2010-03-01,380,6,1177.72,1,3,3,At risk,4
18026,United Kingdom,2010-07-22,2010-07-27,2010-07-01,501,2,2074.07,1,2,3,Lost,5
18027,United Kingdom,2011-09-02,2011-09-02,2011-09-01,99,1,115.31,2,1,1,Lost,5
18028,United Kingdom,2010-05-05,2010-05-05,2010-05-01,584,1,192.05,1,1,1,Lost,5
18029,United Kingdom,2010-03-07,2010-03-07,2010-03-01,643,1,433.77,1,1,2,Lost,5
18030,United Kingdom,2011-10-28,2011-12-05,2011-10-01,5,2,220.7,4,2,1,Loyal,2
18031,United Kingdom,2010-11-26,2010-11-26,2010-11-01,379,1,451.3,1,1,2,Lost,5
18032,United Kingdom,2011-01-09,2011-01-09,2011-01-01,335,1,73.5,2,1,1,Lost,5
18033,United Kingdom,2011-10-05,2011-10-05,2011-10-01,66,1,93.82,3,1,1,New,3
18034,United Kingdom,2010-11-29,2011-11-18,2010-11-01,22,3,753.35,4,2,2,Loyal,2
18035,United Kingdom,2010-11-19,2011-11-04,2010-11-01,36,5,1260.23,3,3,3,Champions,1
18036,United Kingdom,2009-12-18,2011-11-07,2009-12-01,33,11,1545.49,3,4,3,Champions,1
18037,United Kingdom,2009-12-01,2011-07-08,2009-12-01,155,15,167.42,2,4,1,Lost,5
18038,United Kingdom,2010-06-01,2010-06-01,2010-06-01,557,1,141.48,1,1,1,Lost,5
18039,United Kingdom,2010-03-09,2010-11-30,2010-03-01,375,4,548.22,2,3,2,Lost,5
18040,United Kingdom,2011-04-08,2011-11-20,2011-04-01,20,2,357.2,4,2,2,Loyal,2
18041,United Kingdom,2010-01-14,2011-11-28,2010-01-01,12,38,7936.04,4,4,4,Champions,1
18042,United Kingdom,2010-06-16,2011-10-17,2010-06-01,54,2,281.15,3,2,1,Loyal,2
18043,United Kingdom,2010-12-08,2011-11-15,2010-12-01,25,3,529.29,4,2,2,Loyal,2
18044,United Kingdom,2010-05-28,2011-12-05,2010-05-01,5,18,3502.66,4,4,4,Champions,1
18045,United Kingdom,2011-10-25,2011-10-25,2011-10-01,46,1,178.34,3,1,1,New,3
18046,United Kingdom,2010-02-28,2010-02-28,2010-02-01,650,1,189.63,1,1,1,Lost,5
18047,United Kingdom,2010-11-23,2010-11-23,2010-11-01,382,2,326.09,1,2,1,Lost,5
18048,United Kingdom,2010-08-03,2011-05-20,2010-08-01,204,3,394.93,2,2,2,Lost,5
18049,United Kingdom,2010-04-28,2010-09-28,2010-04-01,438,2,500.5,1,2,2,Lost,5
18050,United Kingdom,2010-11-11,2010-12-15,2010-11-01,360,2,412.06,2,2,2,Lost,5
18051,United Kingdom,2009-12-09,2010-03-15,2009-12-01,635,7,2275.98,1,3,4,At risk,4
18052,United Kingdom,2010-05-24,2010-05-24,2010-05-01,565,1,10877.18,1,1,4,Lost,5
18053,United Kingdom,2010-06-30,2011-09-30,2010-06-01,71,3,527.77,3,2,2,Loyal,2
18054,United Kingdom,2010-11-12,2010-11-12,2010-11-01,393,1,176.5,1,1,1,Lost,5
18055,United Kingdom,2010-10-22,2011-12-02,2010-10-01,8,14,10110.59,4,4,4,Champions,1
18056,United Kingdom,2010-03-31,2011-02-24,2010-03-01,289,2,539.75,2,2,2,Lost,5
18057,United Kingdom,2010-01-18,2010-11-11,2010-01-01,394,3,1168.14,1,2,3,Lost,5
18058,United Kingdom,2010-02-10,2011-11-30,2010-02-01,10,3,774.06,4,2,2,Loyal,2
18059,United Kingdom,2011-10-03,2011-11-16,2011-10-01,24,3,296.71,4,2,1,Loyal,2
18060,United Kingdom,2010-05-24,2010-10-27,2010-05-01,409,2,1185.46,1,2,3,Lost,5
18061,United Kingdom,2009-12-04,2011-11-18,2009-12-01,22,28,6075.31,4,4,4,Champions,1
18062,United Kingdom,2010-04-21,2011-06-19,2010-04-01,174,6,1523.37,2,3,3,At risk,4
18063,United Kingdom,2010-03-16,2010-11-14,2010-03-01,391,2,186.6,1,2,1,Lost,5
18064,United Kingdom,2010-02-01,2011-07-29,2010-02-01,134,11,4427.98,2,4,4,At risk,4
18065,United Kingdom,2009-12-09,2011-12-04,2009-12-01,6,28,5816.88,4,4,4,Champions,1
18066,United Kingdom,2010-10-20,2011-09-25,2010-10-01,76,3,1440.4,3,2,3,Loyal,2
18067,United Kingdom,2011-10-30,2011-10-30,2011-10-01,41,1,396.33,3,1,2,New,3
18068,United Kingdom,2011-02-23,2011-02-23,2011-02-01,290,1,101.7,2,1,1,Lost,5
18069,United Kingdom,2010-02-28,2011-11-13,2010-02-01,27,11,4434.17,3,4,4,Champions,1
18070,United Kingdom,2010-02-08,2010-02-08,2010-02-01,670,1,307.75,1,1,1,Lost,5
18071,United Kingdom,2009-12-05,2011-03-27,2009-12-01,258,6,1169.68,2,3,3,At risk,4
18072,United Kingdom,2011-06-07,2011-06-07,2011-06-01,186,1,12.24,2,1,1,Lost,5
18073,United Kingdom,2011-05-26,2011-08-17,2011-05-01,115,12,3846.74,2,4,4,At risk,4
18074,United Kingdom,2010-07-22,2010-12-01,2010-07-01,374,2,1019.44,2,2,3,Lost,5
18075,United Kingdom,2010-07-29,2011-11-16,2010-07-01,24,20,5579.91,4,4,4,Champions,1
18076,United Kingdom,2010-11-24,2010-11-24,2010-11-01,381,1,151.49,1,1,1,Lost,5
18077,United Kingdom,2009-12-07,2011-12-01,2009-12-01,9,18,4078.79,4,4,4,Champions,1
18078,United Kingdom,2010-03-21,2011-05-06,2010-03-01,218,4,725.53,2,3,2,Lost,5
18079,United Kingdom,2010-08-05,2011-10-25,2010-08-01,46,5,4203.93,3,3,4,Champions,1
18080,United Kingdom,2011-04-11,2011-11-21,2011-04-01,19,2,1231.5,4,2,3,Loyal,2
18081,United Kingdom,2011-07-29,2011-11-03,2011-07-01,37,3,343.45,3,2,2,Loyal,2
18082,United Kingdom,2011-11-14,2011-11-14,2011-11-01,26,1,680.84,3,1,2,New,3
18083,United Kingdom,2010-11-07,2010-11-07,2010-11-01,398,1,463.53,1,1,2,Lost,5
18084,United Kingdom,2010-11-16,2011-11-23,2010-11-01,17,3,176.03,4,2,1,Loyal,2
18085,United Kingdom,2010-03-21,2011-01-13,2010-03-01,331,4,1341.85,2,3,3,At risk,4
18086,United Kingdom,2011-03-10,2011-03-10,2011-03-01,275,1,101.34,2,1,1,Lost,5
18087,United Kingdom,2009-12-01,2011-02-22,2009-12-01,291,16,13563.62,2,4,4,At risk,4
18088,United Kingdom,2011-10-09,2011-10-09,2011-10-01,62,1,166.03,3,1,1,New,3
18089,United Kingdom,2010-09-19,2010-09-19,2010-09-01,447,1,428.45,1,1,2,Lost,5
18090,United Kingdom,2010-10-14,2010-10-14,2010-10-01,422,1,321.9,1,1,1,Lost,5
18091,United Kingdom,2010-04-25,2010-04-25,2010-04-01,594,1,360.85,1,1,2,Lost,5
18092,United Kingdom,2009-12-04,2011-12-07,2009-12-01,3,18,14687.47,4,4,4,Champions,1
18093,United Kingdom,2010-03-31,2011-09-07,2010-03-01,94,8,4429.61,3,4,4,Champions,1
18094,United Kingdom,2010-01-07,2011-09-19,2010-01-01,82,13,6322.62,3,4,4,Champions,1
18095,United Kingdom,2010-04-19,2011-01-31,2010-04-01,313,5,2303.09,2,3,4,At risk,4
18096,United Kingdom,2010-07-14,2011-11-28,2010-07-01,12,6,1638.16,4,3,3,Champions,1
18097,United Kingdom,2009-12-17,2011-12-02,2009-12-01,8,11,4616.77,4,4,4,Champions,1
18098,United Kingdom,2010-11-08,2010-11-08,2010-11-01,397,1,527.94,1,1,2,Lost,5
18099,United Kingdom,2011-08-04,2011-08-04,2011-08-01,128,1,168.31,2,1,1,Lost,5
18100,United Kingdom,2010-06-07,2010-06-07,2010-06-01,551,1,451.56,1,1,2,Lost,5
18101,United Kingdom,2010-02-03,2011-11-28,2010-02-01,12,5,622.01,4,3,2,Loyal,2
18102,United Kingdom,2009-12-01,2011-12-09,2009-12-01,1,145,578408.64,4,4,4,Champions,1
18103,United Kingdom,2010-06-08,2010-06-08,2010-06-01,550,1,105.8,1,1,1,Lost,5
18104,United Kingdom,2011-11-02,2011-11-02,2011-11-01,38,1,754.64,3,1,2,New,3
18105,United Kingdom,2011-11-02,2011-11-02,2011-11-01,38,1,113.48,3,1,1,New,3
18106,United Kingdom,2010-01-15,2011-01-14,2010-01-01,330,6,1441.06,2,3,3,At risk,4
18107,United Kingdom,2010-09-23,2010-09-23,2010-09-01,443,1,165.88,1,1,1,Lost,5
18108,United Kingdom,2009-12-02,2011-03-30,2009-12-01,255,3,842.46,2,2,2,Lost,5
18109,United Kingdom,2010-07-01,2011-12-08,2010-07-01,2,38,9416.41,4,4,4,Champions,1
18110,United Kingdom,2010-10-24,2011-11-20,2010-10-01,20,2,362.03,4,2,2,Loyal,2
18111,United Kingdom,2010-04-29,2010-04-29,2010-04-01,590,1,398.9,1,1,2,Lost,5
18112,United Kingdom,2010-06-06,2011-11-27,2010-06-01,13,4,773.36,4,3,2,Loyal,2
18113,United Kingdom,2010-12-06,2010-12-06,2010-12-01,369,1,76.32,2,1,1,Lost,5
18114,United Kingdom,2011-02-22,2011-02-22,2011-02-01,291,1,220.1,2,1,1,Lost,5
18115,United Kingdom,2010-01-11,2010-01-11,2010-01-01,698,1,9.7,1,1,1,Lost,5
18116,United Kingdom,2010-10-24,2011-10-03,2010-10-01,68,13,2130.89,3,4,3,Champions,1
18117,United Kingdom,2011-11-14,2011-11-14,2011-11-01,26,1,314.4,3,1,1,New,3
18118,United Kingdom,2010-11-23,2011-11-29,2010-11-01,11,29,6155.47,4,4,4,Champions,1
18119,United Kingdom,2010-12-07,2010-12-07,2010-12-01,368,1,180.7,2,1,1,Lost,5
18120,United Kingdom,2011-05-09,2011-05-09,2011-05-01,215,1,111.15,2,1,1,Lost,5
18121,United Kingdom,2011-07-08,2011-07-13,2011-07-01,150,2,653.3,2,2,2,Lost,5
18122,United Kingdom,2011-07-12,2011-12-01,2011-07-01,9,6,1791.84,4,3,3,Champions,1
18123,United Kingdom,2010-07-14,2011-11-15,2010-07-01,25,3,666.64,4,2,2,Loyal,2
18124,United Kingdom,2010-08-24,2010-08-24,2010-08-01,473,1,102.65,1,1,1,Lost,5
18125,United Kingdom,2011-01-27,2011-11-10,2011-01-01,30,4,1130.1,3,3,3,Champions,1
18126,United Kingdom,2011-10-10,2011-10-10,2011-10-01,61,1,198.58,3,1,1,New,3
18127,United Kingdom,2010-11-01,2011-11-20,2010-11-01,20,4,556.13,4,3,2,Loyal,2
18128,United Kingdom,2010-06-20,2010-06-20,2010-06-01,538,1,399.29,1,1,2,Lost,5
18129,United Kingdom,2011-04-10,2011-04-10,2011-04-01,244,1,112.55,2,1,1,Lost,5
18130,United Kingdom,2011-10-13,2011-11-24,2011-10-01,16,3,1045.74,4,2,3,Loyal,2
18131,United Kingdom,2010-03-18,2010-03-18,2010-03-01,632,1,222.96,1,1,1,Lost,5
18132,United Kingdom,2010-07-23,2010-07-23,2010-07-01,505,1,220.13,1,1,1,Lost,5
18133,United Kingdom,2011-05-11,2011-05-11,2011-05-01,213,1,931.5,2,1,3,Lost,5
18134,United Kingdom,2010-01-14,2010-04-20,2010-01-01,599,2,445.0,1,2,2,Lost,5
18135,United Kingdom,2010-03-15,2011-11-10,2010-03-01,30,10,1229.22,3,4,3,Champions,1
18136,United Kingdom,2010-09-14,2011-10-07,2010-09-01,64,5,1531.71,3,3,3,Champions,1
18137,United Kingdom,2010-06-06,2010-06-06,2010-06-01,552,2,145.99,1,2,1,Lost,5
18138,United Kingdom,2011-02-17,2011-02-17,2011-02-01,296,1,152.65,2,1,1,Lost,5
18139,United Kingdom,2011-11-21,2011-11-22,2011-11-01,18,6,8438.34,4,3,4,Champions,1
18140,West Indies,2010-08-23,2010-08-23,2010-08-01,474,1,536.41,1,1,2,Lost,5
18141,United Kingdom,2010-04-29,2010-11-03,2010-04-01,402,2,838.57,1,2,2,Lost,5
18142,United Kingdom,2011-05-08,2011-07-05,2011-05-01,158,2,1014.9,2,2,3,Lost,5
18143,United Kingdom,2011-07-21,2011-08-15,2011-07-01,117,2,1000.16,2,2,3,Lost,5
18144,United Kingdom,2009-12-16,2011-12-02,2009-12-01,8,19,4892.95,4,4,4,Champions,1
18145,United Kingdom,2009-12-08,2011-11-27,2009-12-01,13,11,5592.04,4,4,4,Champions,1
18146,United Kingdom,2011-05-03,2011-07-22,2011-05-01,141,2,160.35,2,2,1,Lost,5
18147,United Kingdom,2011-08-23,2011-10-25,2011-08-01,46,2,179.34,3,2,1,Loyal,2
18148,United Kingdom,2010-03-03,2010-03-03,2010-03-01,647,1,112.85,1,1,1,Lost,5
18149,United Kingdom,2010-03-14,2011-10-20,2010-03-01,51,7,1553.96,3,3,3,Champions,1
18150,United Kingdom,2011-05-22,2011-11-07,2011-05-01,33,3,566.58,3,2,2,Loyal,2
18151,United Kingdom,2010-03-04,2011-07-28,2010-03-01,135,6,1853.94,2,3,3,At risk,4
18152,United Kingdom,2010-03-03,2010-03-03,2010-03-01,647,1,426.69,1,1,2,Lost,5
18153,United Kingdom,2010-02-18,2010-02-18,2010-02-01,660,1,246.22,1,1,1,Lost,5
18154,United Kingdom,2010-08-06,2011-12-06,2010-08-01,4,5,932.6,4,3,3,Champions,1
18155,United Kingdom,2011-02-21,2011-09-25,2011-02-01,76,3,347.82,3,2,2,Loyal,2
18156,United Kingdom,2010-12-05,2011-11-27,2010-12-01,13,2,675.64,4,2,2,Loyal,2
18157,United Kingdom,2010-05-17,2010-05-17,2010-05-01,572,1,213.9,1,1,1,Lost,5
18158,United Kingdom,2011-09-12,2011-11-30,2011-09-01,10,2,451.75,4,2,2,Loyal,2
18159,United Kingdom,2011-02-11,2011-02-11,2011-02-01,302,1,530.15,2,1,2,Lost,5
18160,United Kingdom,2010-11-18,2011-10-13,2010-11-01,58,3,1003.88,3,2,3,Loyal,2
18161,United Kingdom,2010-11-25,2011-11-24,2010-11-01,16,6,1797.2,4,3,3,Champions,1
18162,United Kingdom,2009-12-07,2009-12-07,2009-12-01,733,1,371.51,1,1,2,Lost,5
18163,United Kingdom,2010-05-04,2010-05-04,2010-05-01,585,1,639.34,1,1,2,Lost,5
18164,United Kingdom,2011-11-02,2011-11-02,2011-11-01,38,1,394.7,3,1,2,New,3
18165,United Kingdom,2011-06-15,2011-06-15,2011-06-01,178,1,302.46,2,1,1,Lost,5
18166,United Kingdom,2010-03-26,2010-03-26,2010-03-01,624,1,175.5,1,1,1,Lost,5
18167,United Kingdom,2011-08-26,2011-11-16,2011-08-01,24,3,1361.51,4,2,3,Loyal,2
18168,United Kingdom,2009-12-03,2011-06-16,2009-12-01,177,16,3352.3,2,4,4,At risk,4
18169,United Kingdom,2011-10-10,2011-10-10,2011-10-01,61,1,202.65,3,1,1,New,3
18170,United Kingdom,2010-01-08,2011-11-06,2010-01-01,34,9,2878.0,3,4,4,Champions,1
18171,United Kingdom,2010-01-05,2011-10-12,2010-01-01,59,9,2414.51,3,4,4,Champions,1
18172,United Kingdom,2009-12-11,2011-11-25,2009-12-01,15,52,17289.23,4,4,4,Champions,1
18173,United Kingdom,2010-04-06,2011-09-14,2010-04-01,87,5,2696.36,3,3,4,Champions,1
18174,United Kingdom,2010-04-15,2011-12-02,2010-04-01,8,2,162.5,4,2,1,Loyal,2
18175,United Kingdom,2010-02-02,2010-02-02,2010-02-01,676,1,176.1,1,1,1,Lost,5
18176,United Kingdom,2010-12-16,2010-12-16,2010-12-01,359,1,448.65,2,1,2,Lost,5
18177,United Kingdom,2009-12-15,2011-11-08,2009-12-01,32,9,2189.07,3,4,4,Champions,1
18178,United Kingdom,2010-02-18,2011-08-03,2010-02-01,129,11,6054.49,2,4,4,At risk,4
18179,United Kingdom,2010-02-14,2011-11-30,2010-02-01,10,8,2547.55,4,4,4,Champions,1
18180,United Kingdom,2011-07-20,2011-12-05,2011-07-01,5,6,1843.75,4,3,3,Champions,1
18181,United Kingdom,2009-12-04,2011-11-15,2009-12-01,25,5,1166.61,4,3,3,Champions,1
18182,United Kingdom,2010-09-02,2010-09-02,2010-09-01,464,1,291.13,1,1,1,Lost,5
18183,United Kingdom,2011-03-10,2011-04-26,2011-03-01,228,2,600.52,2,2,2,Lost,5
18184,United Kingdom,2011-11-24,2011-11-24,2011-11-01,16,1,49.8,4,1,1,New,3
18185,United Kingdom,2011-04-04,2011-04-04,2011-04-01,250,1,304.25,2,1,1,Lost,5
18186,United Kingdom,2009-12-17,2009-12-17,2009-12-01,723,1,329.58,1,1,1,Lost,5
18187,United Kingdom,2010-03-18,2010-03-18,2010-03-01,632,1,682.19,1,1,2,Lost,5
18188,United Kingdom,2010-03-26,2011-11-24,2010-03-01,16,6,3263.19,4,3,4,Champions,1
18189,United Kingdom,2010-03-24,2011-09-23,2010-03-01,78,3,1396.58,3,2,3,Loyal,2
18190,United Kingdom,2009-12-22,2011-05-31,2009-12-01,193,5,735.67,2,3,2,Lost,5
18191,United Kingdom,2010-08-19,2011-03-23,2010-08-01,262,2,529.4,2,2,2,Lost,5
18192,United Kingdom,2011-09-29,2011-09-29,2011-09-01,72,1,957.97,3,1,3,New,3
18193,United Kingdom,2010-09-23,2011-06-27,2010-09-01,166,3,1176.55,2,2,3,Lost,5
18194,United Kingdom,2010-01-28,2011-09-18,2010-01-01,83,6,4084.2,3,3,4,Champions,1
18195,United Kingdom,2010-11-17,2010-11-17,2010-11-01,388,1,101.16,1,1,1,Lost,5
18196,United Kingdom,2010-03-17,2011-09-05,2010-03-01,96,4,1455.27,2,3,3,At risk,4
18197,United Kingdom,2010-05-13,2010-05-13,2010-05-01,576,1,221.4,1,1,1,Lost,5
18198,United Kingdom,2011-01-07,2011-12-05,2011-01-01,5,17,5083.06,4,4,4,Champions,1
18199,United Kingdom,2010-01-25,2010-01-25,2010-01-01,684,1,342.2,1,1,2,Lost,5
18200,United Kingdom,2011-08-25,2011-08-25,2011-08-01,107,1,150.35,2,1,1,Lost,5
18201,United Kingdom,2009-12-17,2009-12-17,2009-12-01,723,1,447.53,1,1,2,Lost,5
18202,United Kingdom,2011-02-01,2011-05-24,2011-02-01,200,3,1396.99,2,2,3,Lost,5
18203,United Kingdom,2009-12-08,2011-07-05,2009-12-01,158,4,482.52,2,3,2,Lost,5
18204,United Kingdom,2011-05-31,2011-09-29,2011-05-01,72,3,1960.95,3,2,3,Loyal,2
18205,United Kingdom,2011-09-26,2011-11-03,2011-09-01,37,2,517.36,3,2,2,Loyal,2
18206,United Kingdom,2010-06-04,2010-06-04,2010-06-01,554,1,314.66,1,1,1,Lost,5
18207,United Kingdom,2010-07-28,2010-07-28,2010-07-01,500,1,505.12,1,1,2,Lost,5
18208,United Kingdom,2010-05-23,2010-05-23,2010-05-01,566,1,360.08,1,1,2,Lost,5
18209,United Kingdom,2011-11-11,2011-11-11,2011-11-01,29,1,139.1,3,1,1,New,3
18210,United Kingdom,2010-11-22,2011-12-08,2010-11-01,2,7,2768.83,4,3,4,Champions,1
18211,United Kingdom,2011-03-06,2011-11-14,2011-03-01,26,5,600.07,3,3,2,Loyal,2
18212,United Kingdom,2010-01-31,2011-01-17,2010-01-01,327,2,514.37,2,2,2,Lost,5
18213,United Kingdom,2011-04-17,2011-04-17,2011-04-01,237,1,232.48,2,1,1,Lost,5
18214,United Kingdom,2010-06-03,2010-06-27,2010-06-01,531,4,1480.99,1,3,3,At risk,4
18215,United Kingdom,2010-03-26,2011-09-11,2010-03-01,90,5,2223.99,3,3,4,Champions,1
18216,United Kingdom,2011-11-08,2011-11-08,2011-11-01,32,1,481.75,3,1,2,New,3
18217,United Kingdom,2010-07-01,2011-11-10,2010-07-01,30,4,902.8,3,3,3,Champions,1
18218,United Kingdom,2010-02-17,2011-05-12,2010-02-01,212,4,1086.14,2,3,3,At risk,4
18219,United Kingdom,2009-12-07,2011-12-07,2009-12-01,3,17,3297.2,4,4,4,Champions,1
18220,United Kingdom,2009-12-15,2011-04-27,2009-12-01,227,6,1771.7,2,3,3,At risk,4
18221,United Kingdom,2010-11-14,2011-11-17,2010-11-01,23,6,1370.34,4,3,3,Champions,1
18222,United Kingdom,2011-09-08,2011-09-08,2011-09-01,93,1,443.0,3,1,2,New,3
18223,United Kingdom,2009-12-04,2011-12-05,2009-12-01,5,26,13504.67,4,4,4,Champions,1
18224,United Kingdom,2011-03-21,2011-03-21,2011-03-01,264,1,158.95,2,1,1,Lost,5
18225,United Kingdom,2009-12-04,2011-12-06,2009-12-01,4,26,12643.25,4,4,4,Champions,1
18226,United Kingdom,2010-03-05,2011-10-26,2010-03-01,45,26,11749.58,3,4,4,Champions,1
18227,United Kingdom,2010-08-12,2011-05-06,2010-08-01,218,2,93.75,2,2,1,Lost,5
18228,United Kingdom,2011-09-21,2011-10-14,2011-09-01,57,2,769.2,3,2,2,Loyal,2
18229,United Kingdom,2009-12-03,2011-11-28,2009-12-01,12,28,10150.51,4,4,4,Champions,1
18230,United Kingdom,2010-07-02,2011-11-30,2010-07-01,10,9,4197.46,4,4,4,Champions,1
18231,United Kingdom,2010-01-10,2011-05-31,2010-01-01,193,28,6815.47,2,4,4,At risk,4
18232,United Kingdom,2011-05-26,2011-09-19,2011-05-01,82,4,582.47,3,3,2,Loyal,2
18233,United Kingdom,2011-01-18,2011-01-18,2011-01-01,326,1,440.0,2,1,2,Lost,5
18234,United Kingdom,2010-06-06,2010-06-06,2010-06-01,552,1,179.6,1,1,1,Lost,5
18235,United Kingdom,2011-05-06,2011-09-29,2011-05-01,72,3,1796.48,3,2,3,Loyal,2
18236,United Kingdom,2010-04-15,2011-11-10,2010-04-01,30,12,1795.35,3,4,3,Champions,1
18237,United Kingdom,2011-07-28,2011-12-07,2011-07-01,3,5,987.1,4,3,3,Champions,1
18238,United Kingdom,2010-07-12,2010-07-12,2010-07-01,516,1,270.92,1,1,1,Lost,5
18239,United Kingdom,2010-10-13,2011-05-05,2010-10-01,219,6,1712.26,2,3,3,At risk,4
18240,United Kingdom,2011-10-24,2011-10-24,2011-10-01,47,1,422.58,3,1,2,New,3
18241,United Kingdom,2010-04-01,2011-11-30,2010-04-01,10,21,2954.09,4,4,4,Champions,1
18242,United Kingdom,2010-01-11,2011-09-28,2010-01-01,73,8,3605.21,3,4,4,Champions,1
18243,United Kingdom,2010-10-21,2010-10-21,2010-10-01,415,1,515.78,1,1,2,Lost,5
18244,United Kingdom,2010-07-25,2010-10-05,2010-07-01,431,2,568.64,1,2,2,Lost,5
18245,United Kingdom,2010-03-08,2011-12-02,2010-03-01,8,20,6236.23,4,4,4,Champions,1
18246,United Kingdom,2010-04-09,2011-11-16,2010-04-01,24,3,758.82,4,2,2,Loyal,2
18247,United Kingdom,2010-03-18,2010-10-21,2010-03-01,415,3,721.43,1,2,2,Lost,5
18248,United Kingdom,2011-06-06,2011-08-09,2011-06-01,123,2,783.02,2,2,2,Lost,5
18249,United Kingdom,2011-11-22,2011-11-22,2011-11-01,18,1,95.34,4,1,1,New,3
18250,United Kingdom,2011-02-02,2011-02-02,2011-02-01,311,1,342.92,2,1,2,Lost,5
18251,United Kingdom,2009-12-22,2011-09-13,2009-12-01,88,9,26278.86,3,4,4,Champions,1
18252,United Kingdom,2009-12-18,2011-10-20,2009-12-01,51,7,1457.19,3,3,3,Champions,1
18253,United Kingdom,2010-03-07,2010-03-07,2010-03-01,643,1,317.88,1,1,1,Lost,5
18254,United Kingdom,2010-05-07,2010-05-07,2010-05-01,582,1,267.9,1,1,1,Lost,5
18255,United Kingdom,2010-09-09,2011-09-11,2010-09-01,90,2,303.15,3,2,1,Loyal,2
18256,United Kingdom,2010-11-17,2010-11-17,2010-11-01,388,1,60.6,1,1,1,Lost,5
18257,United Kingdom,2010-02-18,2011-10-31,2010-02-01,40,12,4490.45,3,4,4,Champions,1
18258,United Kingdom,2010-05-16,2010-09-01,2010-05-01,465,6,2040.97,1,3,3,At risk,4
18259,United Kingdom,2009-12-08,2011-11-15,2009-12-01,25,7,3941.9,4,3,4,Champions,1
18260,United Kingdom,2009-12-15,2011-06-20,2009-12-01,173,23,9737.1,2,4,4,At risk,4
18261,United Kingdom,2011-09-05,2011-10-27,2011-09-01,44,2,324.24,3,2,1,Loyal,2
18262,United Kingdom,2010-04-16,2011-07-22,2010-04-01,141,3,577.54,2,2,2,Lost,5
18263,United Kingdom,2011-04-01,2011-11-14,2011-04-01,26,3,1211.08,3,2,3,Loyal,2
18264,United Kingdom,2010-07-29,2010-07-29,2010-07-01,499,1,603.25,1,1,2,Lost,5
18265,United Kingdom,2011-07-04,2011-09-28,2011-07-01,73,2,801.51,3,2,2,Loyal,2
18266,United Kingdom,2010-10-01,2010-10-01,2010-10-01,435,1,251.1,1,1,1,Lost,5
18267,United Kingdom,2010-02-05,2010-02-05,2010-02-01,673,1,252.87,1,1,1,Lost,5
18268,United Kingdom,2009-12-11,2011-07-28,2009-12-01,135,6,1451.22,2,3,3,At risk,4
18269,United Kingdom,2010-12-08,2010-12-08,2010-12-01,367,1,138.9,2,1,1,Lost,5
18270,United Kingdom,2010-10-03,2011-11-01,2010-10-01,39,3,406.3,3,2,2,Loyal,2
18271,United Kingdom,2009-12-08,2010-04-09,2009-12-01,610,2,680.85,1,2,2,Lost,5
18272,United Kingdom,2010-03-04,2011-12-07,2010-03-01,3,9,4347.33,4,4,4,Champions,1
18273,United Kingdom,2010-04-28,2011-12-07,2010-04-01,3,4,357.0,4,3,2,Loyal,2
18275,United Kingdom,2009-12-08,2010-05-10,2009-12-01,579,2,741.85,1,2,2,Lost,5
18276,United Kingdom,2009-12-10,2011-10-27,2009-12-01,44,6,1620.67,3,3,3,Champions,1
18277,United Kingdom,2010-08-02,2011-10-12,2010-08-01,59,5,1159.35,3,3,3,Champions,1
18278,United Kingdom,2010-10-31,2011-09-27,2010-10-01,74,2,414.2,3,2,2,Loyal,2
18279,United Kingdom,2010-07-08,2010-07-08,2010-07-01,520,1,231.34,1,1,1,Lost,5
18280,United Kingdom,2010-11-10,2011-03-07,2010-11-01,278,2,472.45,2,2,2,Lost,5
18281,United Kingdom,2010-05-11,2011-06-12,2010-05-01,181,2,201.14,2,2,1,Lost,5
18282,United Kingdom,2011-08-05,2011-12-02,2011-08-01,8,2,176.6,4,2,1,Loyal,2
18283,United Kingdom,2010-02-19,2011-12-06,2010-02-01,4,22,2658.95,4,4,4,Champions,1
18284,United Kingdom,2010-10-04,2010-10-04,2010-10-01,432,1,411.68,1,1,2,Lost,5
18285,United Kingdom,2010-02-17,2010-02-17,2010-02-01,661,1,377.0,1,1,2,Lost,5
18286,United Kingdom,2009-12-16,2010-08-20,2009-12-01,477,2,1138.43,1,2,3,Lost,5
18287,United Kingdom,2010-05-17,2011-10-28,2010-05-01,43,7,4127.89,3,3,4,Champions,1
